#VRML V2.0 utf8
# zudo-pd guard only. World XYZ in mm/2.54; CAD Y is already negative PCB Y.
Shape { appearance Appearance { material Material { diffuseColor 0.12 0.32 0.42 } } geometry IndexedFaceSet { ccw TRUE solid TRUE coord Coordinate { point [
0.00000000 -31.10236220 -5.39370079,
0.00000000 -31.10236220 -0.72834646,
0.00000000 -12.20472441 -5.39370079,
0.00000000 -12.20472441 -0.72834646,
14.17322835 -31.10236220 -5.39370079,
14.17322835 -31.10236220 -0.72834646,
14.17322835 -12.20472441 -5.39370079,
14.17322835 -12.20472441 -0.72834646,
11.02362205 -30.07874016 -5.39370079,
3.93700787 -30.07874016 -5.39370079,
3.93700787 -29.60629921 -5.39370079,
11.02362205 -29.60629921 -5.39370079,
11.02362205 -27.87401575 -5.39370079,
3.93700787 -27.87401575 -5.39370079,
3.93700787 -27.40157480 -5.39370079,
11.02362205 -27.40157480 -5.39370079,
11.02362205 -25.35433071 -5.39370079,
3.93700787 -25.35433071 -5.39370079,
3.93700787 -24.88188976 -5.39370079,
11.02362205 -24.88188976 -5.39370079,
11.02362205 -23.14960630 -5.39370079,
3.93700787 -23.14960630 -5.39370079,
3.93700787 -22.67716535 -5.39370079,
11.02362205 -22.67716535 -5.39370079,
11.02362205 -20.62992126 -5.39370079,
3.93700787 -20.62992126 -5.39370079,
3.93700787 -20.15748031 -5.39370079,
11.02362205 -20.15748031 -5.39370079,
11.02362205 -18.42519685 -5.39370079,
3.93700787 -18.42519685 -5.39370079,
3.93700787 -17.95275591 -5.39370079,
11.02362205 -17.95275591 -5.39370079,
11.02362205 -15.90551181 -5.39370079,
3.93700787 -15.90551181 -5.39370079,
3.93700787 -15.43307087 -5.39370079,
11.02362205 -15.43307087 -5.39370079,
11.02362205 -13.70078740 -5.39370079,
3.93700787 -13.70078740 -5.39370079,
3.93700787 -13.22834646 -5.39370079,
11.02362205 -13.22834646 -5.39370079,
14.17322835 -12.83464567 -0.72834646,
14.17322835 -12.83464567 -4.76377953,
14.17322835 -16.61417323 -4.76377953,
14.17322835 -16.61417323 -0.72834646,
14.17322835 -17.24409449 -0.72834646,
14.17322835 -17.24409449 -4.76377953,
14.17322835 -21.33858268 -4.76377953,
14.17322835 -21.33858268 -0.72834646,
14.17322835 -21.96850394 -0.72834646,
14.17322835 -21.96850394 -4.76377953,
14.17322835 -26.06299213 -4.76377953,
14.17322835 -26.06299213 -0.72834646,
14.17322835 -26.69291339 -0.72834646,
14.17322835 -26.69291339 -1.33858268,
14.17322835 -26.39763780 -1.33858268,
14.17322835 -26.39763780 -1.73228346,
14.17322835 -26.69291339 -1.73228346,
14.17322835 -26.69291339 -4.76377953,
14.17322835 -30.47244094 -4.76377953,
14.17322835 -30.47244094 -1.73228346,
14.17322835 -30.76771654 -1.73228346,
14.17322835 -30.76771654 -1.33858268,
14.17322835 -30.47244094 -1.33858268,
14.17322835 -30.47244094 -0.72834646,
0.62992126 -30.47244094 -0.72834646,
0.62992126 -26.89259042 -0.72834646,
0.59055118 -26.88976378 -0.72834646,
0.60371458 -26.89007833 -0.72834646,
0.61684794 -26.89102126 -0.72834646,
0.07874016 -26.88976378 -0.72834646,
0.07874016 -25.86614173 -0.72834646,
0.59055118 -25.86614173 -0.72834646,
0.62992126 -25.86331509 -0.72834646,
0.61684794 -25.86488425 -0.72834646,
0.60371458 -25.86582718 -0.72834646,
0.62992126 -22.16818098 -0.72834646,
0.59055118 -22.16535433 -0.72834646,
0.60371458 -22.16566888 -0.72834646,
0.61684794 -22.16661181 -0.72834646,
0.07874016 -22.16535433 -0.72834646,
0.07874016 -21.14173228 -0.72834646,
0.59055118 -21.14173228 -0.72834646,
0.62992126 -21.13890564 -0.72834646,
0.61684794 -21.14047480 -0.72834646,
0.60371458 -21.14141773 -0.72834646,
0.62992126 -17.44377153 -0.72834646,
0.59055118 -17.44094488 -0.72834646,
0.60371458 -17.44125943 -0.72834646,
0.61684794 -17.44220236 -0.72834646,
0.07874016 -17.44094488 -0.72834646,
0.07874016 -16.41732283 -0.72834646,
0.59055118 -16.41732283 -0.72834646,
0.62992126 -16.41449619 -0.72834646,
0.61684794 -16.41606535 -0.72834646,
0.60371458 -16.41700828 -0.72834646,
0.62992126 -12.83464567 -0.72834646,
11.02362205 -30.07874016 -4.76377953,
3.93700787 -30.07874016 -4.76377953,
11.02362205 -29.60629921 -4.76377953,
3.93700787 -29.60629921 -4.76377953,
11.02362205 -27.87401575 -4.76377953,
3.93700787 -27.87401575 -4.76377953,
11.02362205 -27.40157480 -4.76377953,
3.93700787 -27.40157480 -4.76377953,
11.02362205 -25.35433071 -4.76377953,
3.93700787 -25.35433071 -4.76377953,
11.02362205 -24.88188976 -4.76377953,
3.93700787 -24.88188976 -4.76377953,
11.02362205 -23.14960630 -4.76377953,
3.93700787 -23.14960630 -4.76377953,
11.02362205 -22.67716535 -4.76377953,
3.93700787 -22.67716535 -4.76377953,
11.02362205 -20.62992126 -4.76377953,
3.93700787 -20.62992126 -4.76377953,
11.02362205 -20.15748031 -4.76377953,
3.93700787 -20.15748031 -4.76377953,
11.02362205 -18.42519685 -4.76377953,
3.93700787 -18.42519685 -4.76377953,
11.02362205 -17.95275591 -4.76377953,
3.93700787 -17.95275591 -4.76377953,
11.02362205 -15.90551181 -4.76377953,
3.93700787 -15.90551181 -4.76377953,
11.02362205 -15.43307087 -4.76377953,
3.93700787 -15.43307087 -4.76377953,
11.02362205 -13.70078740 -4.76377953,
3.93700787 -13.70078740 -4.76377953,
11.02362205 -13.22834646 -4.76377953,
3.93700787 -13.22834646 -4.76377953,
0.62992126 -30.47244094 -4.76377953,
0.62992126 -26.69291339 -4.76377953,
0.62992126 -26.06299213 -4.76377953,
0.62992126 -21.96850394 -4.76377953,
0.62992126 -21.33858268 -4.76377953,
0.62992126 -17.24409449 -4.76377953,
0.62992126 -16.61417323 -4.76377953,
0.62992126 -12.83464567 -4.76377953,
0.07874016 -26.88976378 0.09842520,
0.07874016 -25.86614173 0.09842520,
0.59055118 -26.88976378 0.09842520,
0.86614173 -27.16535433 -0.86614173,
0.86565442 -27.14897268 -0.86614173,
0.86419422 -27.13264897 -0.86614173,
0.86176628 -27.11644092 -0.86614173,
0.85837920 -27.10040585 -0.86614173,
0.85404495 -27.08460047 -0.86614173,
0.84877886 -27.06908067 -0.86614173,
0.84259956 -27.05390135 -0.86614173,
0.83552889 -27.03911617 -0.86614173,
0.82759187 -27.02477743 -0.86614173,
0.81881656 -27.01093584 -0.86614173,
0.80923399 -26.99764034 -0.86614173,
0.79887806 -26.98493796 -0.86614173,
0.78778538 -26.97287362 -0.86614173,
0.77599519 -26.96148999 -0.86614173,
0.76354918 -26.95082731 -0.86614173,
0.75049137 -26.94092330 -0.86614173,
0.73686794 -26.93181299 -0.86614173,
0.72272706 -26.92352859 -0.86614173,
0.70811874 -26.91609940 -0.86614173,
0.69309465 -26.90955169 -0.86614173,
0.67770791 -26.90390863 -0.86614173,
0.66201295 -26.89919016 -0.86614173,
0.64606527 -26.89541297 -0.86614173,
0.62992126 -26.89259042 -0.86614173,
0.86614173 -27.16535433 0.09842520,
0.86567548 -27.14933017 0.09842520,
0.86427829 -27.13336022 0.09842520,
0.86195489 -27.11749853 0.09842520,
0.85871315 -27.10179878 0.09842520,
0.85456404 -27.08631407 0.09842520,
0.84952159 -27.07109681 0.09842520,
0.84360286 -27.05619849 0.09842520,
0.83682789 -27.04166952 0.09842520,
0.82921960 -27.02755905 0.09842520,
0.82080373 -27.01391485 0.09842520,
0.81160875 -27.00078307 0.09842520,
0.80166579 -26.98820814 0.09842520,
0.79100848 -26.97623262 0.09842520,
0.77967289 -26.96489703 0.09842520,
0.76769737 -26.95423972 0.09842520,
0.75512245 -26.94429676 0.09842520,
0.74199066 -26.93510178 0.09842520,
0.72834646 -26.92668591 0.09842520,
0.71423599 -26.91907762 0.09842520,
0.69970702 -26.91230265 0.09842520,
0.68480870 -26.90638392 0.09842520,
0.66959144 -26.90134147 0.09842520,
0.65410674 -26.89719236 0.09842520,
0.63840698 -26.89395062 0.09842520,
0.62254529 -26.89162722 0.09842520,
0.60657535 -26.89023004 0.09842520,
0.62992126 -26.69291339 -1.65354331,
0.62992126 -27.48031496 -0.86614173,
0.07874016 -22.16535433 0.09842520,
0.07874016 -21.14173228 0.09842520,
0.59055118 -22.16535433 0.09842520,
0.86614173 -22.44094488 -0.86614173,
0.86565442 -22.42456324 -0.86614173,
0.86419422 -22.40823952 -0.86614173,
0.86176628 -22.39203147 -0.86614173,
0.85837920 -22.37599640 -0.86614173,
0.85404495 -22.36019102 -0.86614173,
0.84877886 -22.34467123 -0.86614173,
0.84259956 -22.32949190 -0.86614173,
0.83552889 -22.31470672 -0.86614173,
0.82759187 -22.30036798 -0.86614173,
0.81881656 -22.28652639 -0.86614173,
0.80923399 -22.27323089 -0.86614173,
0.79887806 -22.26052852 -0.86614173,
0.78778538 -22.24846417 -0.86614173,
0.77599519 -22.23708054 -0.86614173,
0.76354918 -22.22641786 -0.86614173,
0.75049137 -22.21651385 -0.86614173,
0.73686794 -22.20740354 -0.86614173,
0.72272706 -22.19911914 -0.86614173,
0.70811874 -22.19168995 -0.86614173,
0.69309465 -22.18514224 -0.86614173,
0.67770791 -22.17949918 -0.86614173,
0.66201295 -22.17478071 -0.86614173,
0.64606527 -22.17100352 -0.86614173,
0.62992126 -22.16818098 -0.86614173,
0.86614173 -22.44094488 0.09842520,
0.86567548 -22.42492072 0.09842520,
0.86427829 -22.40895077 0.09842520,
0.86195489 -22.39308908 0.09842520,
0.85871315 -22.37738933 0.09842520,
0.85456404 -22.36190462 0.09842520,
0.84952159 -22.34668736 0.09842520,
0.84360286 -22.33178904 0.09842520,
0.83682789 -22.31726007 0.09842520,
0.82921960 -22.30314961 0.09842520,
0.82080373 -22.28950540 0.09842520,
0.81160875 -22.27637362 0.09842520,
0.80166579 -22.26379869 0.09842520,
0.79100848 -22.25182317 0.09842520,
0.77967289 -22.24048758 0.09842520,
0.76769737 -22.22983027 0.09842520,
0.75512245 -22.21988731 0.09842520,
0.74199066 -22.21069234 0.09842520,
0.72834646 -22.20227646 0.09842520,
0.71423599 -22.19466817 0.09842520,
0.69970702 -22.18789320 0.09842520,
0.68480870 -22.18197447 0.09842520,
0.66959144 -22.17693202 0.09842520,
0.65410674 -22.17278291 0.09842520,
0.63840698 -22.16954117 0.09842520,
0.62254529 -22.16721778 0.09842520,
0.60657535 -22.16582059 0.09842520,
0.62992126 -25.86331509 -0.86614173,
0.62992126 -25.27559055 -0.86614173,
0.62992126 -26.06299213 -1.65354331,
0.62992126 -21.96850394 -1.65354331,
0.62992126 -22.75590551 -0.86614173,
0.59055118 -25.86614173 0.09842520,
0.60657535 -25.86567548 0.09842520,
0.62254529 -25.86427829 0.09842520,
0.63840698 -25.86195489 0.09842520,
0.65410674 -25.85871315 0.09842520,
0.66959144 -25.85456404 0.09842520,
0.68480870 -25.84952159 0.09842520,
0.69970702 -25.84360286 0.09842520,
0.71423599 -25.83682789 0.09842520,
0.72834646 -25.82921960 0.09842520,
0.74199066 -25.82080373 0.09842520,
0.75512245 -25.81160875 0.09842520,
0.76769737 -25.80166579 0.09842520,
0.77967289 -25.79100848 0.09842520,
0.79100848 -25.77967289 0.09842520,
0.80166579 -25.76769737 0.09842520,
0.81160875 -25.75512245 0.09842520,
0.82080373 -25.74199066 0.09842520,
0.82921960 -25.72834646 0.09842520,
0.83682789 -25.71423599 0.09842520,
0.84360286 -25.69970702 0.09842520,
0.84952159 -25.68480870 0.09842520,
0.85456404 -25.66959144 0.09842520,
0.85871315 -25.65410674 0.09842520,
0.86195489 -25.63840698 0.09842520,
0.86427829 -25.62254529 0.09842520,
0.86567548 -25.60657535 0.09842520,
0.86614173 -25.59055118 0.09842520,
0.86614173 -25.59055118 -0.86614173,
0.64606527 -25.86049254 -0.86614173,
0.66201295 -25.85671535 -0.86614173,
0.67770791 -25.85199688 -0.86614173,
0.69309465 -25.84635382 -0.86614173,
0.70811874 -25.83980611 -0.86614173,
0.72272706 -25.83237692 -0.86614173,
0.73686794 -25.82409252 -0.86614173,
0.75049137 -25.81498221 -0.86614173,
0.76354918 -25.80507820 -0.86614173,
0.77599519 -25.79441553 -0.86614173,
0.78778538 -25.78303189 -0.86614173,
0.79887806 -25.77096755 -0.86614173,
0.80923399 -25.75826517 -0.86614173,
0.81881656 -25.74496967 -0.86614173,
0.82759187 -25.73112808 -0.86614173,
0.83552889 -25.71678934 -0.86614173,
0.84259956 -25.70200416 -0.86614173,
0.84877886 -25.68682484 -0.86614173,
0.85404495 -25.67130504 -0.86614173,
0.85837920 -25.65549966 -0.86614173,
0.86176628 -25.63946459 -0.86614173,
0.86419422 -25.62325654 -0.86614173,
0.86565442 -25.60693283 -0.86614173,
0.07874016 -17.44094488 0.09842520,
0.07874016 -16.41732283 0.09842520,
0.59055118 -17.44094488 0.09842520,
0.86614173 -17.71653543 -0.86614173,
0.86565442 -17.70015379 -0.86614173,
0.86419422 -17.68383008 -0.86614173,
0.86176628 -17.66762202 -0.86614173,
0.85837920 -17.65158695 -0.86614173,
0.85404495 -17.63578157 -0.86614173,
0.84877886 -17.62026178 -0.86614173,
0.84259956 -17.60508245 -0.86614173,
0.83552889 -17.59029727 -0.86614173,
0.82759187 -17.57595853 -0.86614173,
0.81881656 -17.56211694 -0.86614173,
0.80923399 -17.54882145 -0.86614173,
0.79887806 -17.53611907 -0.86614173,
0.78778538 -17.52405473 -0.86614173,
0.77599519 -17.51267109 -0.86614173,
0.76354918 -17.50200841 -0.86614173,
0.75049137 -17.49210440 -0.86614173,
0.73686794 -17.48299409 -0.86614173,
0.72272706 -17.47470969 -0.86614173,
0.70811874 -17.46728050 -0.86614173,
0.69309465 -17.46073280 -0.86614173,
0.67770791 -17.45508973 -0.86614173,
0.66201295 -17.45037126 -0.86614173,
0.64606527 -17.44659407 -0.86614173,
0.62992126 -17.44377153 -0.86614173,
0.86614173 -17.71653543 0.09842520,
0.86567548 -17.70051127 0.09842520,
0.86427829 -17.68454132 0.09842520,
0.86195489 -17.66867964 0.09842520,
0.85871315 -17.65297988 0.09842520,
0.85456404 -17.63749517 0.09842520,
0.84952159 -17.62227791 0.09842520,
0.84360286 -17.60737959 0.09842520,
0.83682789 -17.59285062 0.09842520,
0.82921960 -17.57874016 0.09842520,
0.82080373 -17.56509595 0.09842520,
0.81160875 -17.55196417 0.09842520,
0.80166579 -17.53938924 0.09842520,
0.79100848 -17.52741372 0.09842520,
0.77967289 -17.51607813 0.09842520,
0.76769737 -17.50542082 0.09842520,
0.75512245 -17.49547786 0.09842520,
0.74199066 -17.48628289 0.09842520,
0.72834646 -17.47786701 0.09842520,
0.71423599 -17.47025872 0.09842520,
0.69970702 -17.46348375 0.09842520,
0.68480870 -17.45756503 0.09842520,
0.66959144 -17.45252258 0.09842520,
0.65410674 -17.44837346 0.09842520,
0.63840698 -17.44513172 0.09842520,
0.62254529 -17.44280833 0.09842520,
0.60657535 -17.44141114 0.09842520,
0.62992126 -21.13890564 -0.86614173,
0.62992126 -20.55118110 -0.86614173,
0.62992126 -21.33858268 -1.65354331,
0.62992126 -17.24409449 -1.65354331,
0.62992126 -18.03149606 -0.86614173,
0.59055118 -21.14173228 0.09842520,
0.60657535 -21.14126603 0.09842520,
0.62254529 -21.13986884 0.09842520,
0.63840698 -21.13754544 0.09842520,
0.65410674 -21.13430370 0.09842520,
0.66959144 -21.13015459 0.09842520,
0.68480870 -21.12511214 0.09842520,
0.69970702 -21.11919342 0.09842520,
0.71423599 -21.11241844 0.09842520,
0.72834646 -21.10481015 0.09842520,
0.74199066 -21.09639428 0.09842520,
0.75512245 -21.08719931 0.09842520,
0.76769737 -21.07725634 0.09842520,
0.77967289 -21.06659904 0.09842520,
0.79100848 -21.05526344 0.09842520,
0.80166579 -21.04328792 0.09842520,
0.81160875 -21.03071300 0.09842520,
0.82080373 -21.01758121 0.09842520,
0.82921960 -21.00393701 0.09842520,
0.83682789 -20.98982655 0.09842520,
0.84360286 -20.97529757 0.09842520,
0.84952159 -20.96039925 0.09842520,
0.85456404 -20.94518199 0.09842520,
0.85871315 -20.92969729 0.09842520,
0.86195489 -20.91399753 0.09842520,
0.86427829 -20.89813584 0.09842520,
0.86567548 -20.88216590 0.09842520,
0.86614173 -20.86614173 0.09842520,
0.86614173 -20.86614173 -0.86614173,
0.64606527 -21.13608309 -0.86614173,
0.66201295 -21.13230591 -0.86614173,
0.67770791 -21.12758744 -0.86614173,
0.69309465 -21.12194437 -0.86614173,
0.70811874 -21.11539666 -0.86614173,
0.72272706 -21.10796747 -0.86614173,
0.73686794 -21.09968307 -0.86614173,
0.75049137 -21.09057276 -0.86614173,
0.76354918 -21.08066875 -0.86614173,
0.77599519 -21.07000608 -0.86614173,
0.78778538 -21.05862244 -0.86614173,
0.79887806 -21.04655810 -0.86614173,
0.80923399 -21.03385572 -0.86614173,
0.81881656 -21.02056022 -0.86614173,
0.82759187 -21.00671863 -0.86614173,
0.83552889 -20.99237989 -0.86614173,
0.84259956 -20.97759472 -0.86614173,
0.84877886 -20.96241539 -0.86614173,
0.85404495 -20.94689559 -0.86614173,
0.85837920 -20.93109021 -0.86614173,
0.86176628 -20.91505514 -0.86614173,
0.86419422 -20.89884709 -0.86614173,
0.86565442 -20.88252338 -0.86614173,
0.62992126 -16.41449619 -0.86614173,
0.62992126 -15.82677165 -0.86614173,
0.62992126 -16.61417323 -1.65354331,
0.59055118 -16.41732283 0.09842520,
0.60657535 -16.41685658 0.09842520,
0.62254529 -16.41545939 0.09842520,
0.63840698 -16.41313599 0.09842520,
0.65410674 -16.40989426 0.09842520,
0.66959144 -16.40574514 0.09842520,
0.68480870 -16.40070269 0.09842520,
0.69970702 -16.39478397 0.09842520,
0.71423599 -16.38800900 0.09842520,
0.72834646 -16.38040070 0.09842520,
0.74199066 -16.37198483 0.09842520,
0.75512245 -16.36278986 0.09842520,
0.76769737 -16.35284689 0.09842520,
0.77967289 -16.34218959 0.09842520,
0.79100848 -16.33085399 0.09842520,
0.80166579 -16.31887848 0.09842520,
0.81160875 -16.30630355 0.09842520,
0.82080373 -16.29317177 0.09842520,
0.82921960 -16.27952756 0.09842520,
0.83682789 -16.26541710 0.09842520,
0.84360286 -16.25088812 0.09842520,
0.84952159 -16.23598980 0.09842520,
0.85456404 -16.22077254 0.09842520,
0.85871315 -16.20528784 0.09842520,
0.86195489 -16.18958808 0.09842520,
0.86427829 -16.17372639 0.09842520,
0.86567548 -16.15775645 0.09842520,
0.86614173 -16.14173228 0.09842520,
0.86614173 -16.14173228 -0.86614173,
0.64606527 -16.41167364 -0.86614173,
0.66201295 -16.40789646 -0.86614173,
0.67770791 -16.40317799 -0.86614173,
0.69309465 -16.39753492 -0.86614173,
0.70811874 -16.39098722 -0.86614173,
0.72272706 -16.38355803 -0.86614173,
0.73686794 -16.37527363 -0.86614173,
0.75049137 -16.36616331 -0.86614173,
0.76354918 -16.35625931 -0.86614173,
0.77599519 -16.34559663 -0.86614173,
0.78778538 -16.33421299 -0.86614173,
0.79887806 -16.32214865 -0.86614173,
0.80923399 -16.30944627 -0.86614173,
0.81881656 -16.29615078 -0.86614173,
0.82759187 -16.28230918 -0.86614173,
0.83552889 -16.26797044 -0.86614173,
0.84259956 -16.25318527 -0.86614173,
0.84877886 -16.23800594 -0.86614173,
0.85404495 -16.22248614 -0.86614173,
0.85837920 -16.20668076 -0.86614173,
0.86176628 -16.19064569 -0.86614173,
0.86419422 -16.17443764 -0.86614173,
0.86565442 -16.15811393 -0.86614173,
11.81102362 -30.47244094 -1.33858268,
11.81102362 -30.47244094 -1.73228346,
11.81102362 -30.76771654 -1.33858268,
11.81102362 -30.76771654 -1.73228346,
1.57480315 -26.69291339 -1.65354331,
1.57480315 -26.69291339 -1.54334190,
1.57480315 -26.69291339 -1.36684671,
1.57480315 -26.69291339 -1.13019703,
1.57480315 -26.69291339 -0.86614173,
1.49606299 -26.69291339 -0.86614173,
1.49606299 -26.69291339 -0.72834646,
11.81102362 -26.69291339 -1.33858268,
11.81102362 -26.69291339 -1.73228346,
11.81102362 -26.39763780 -1.73228346,
11.81102362 -26.39763780 -1.33858268,
1.49606299 -26.06299213 -0.72834646,
1.57480315 -26.06299213 -1.65354331,
1.57480315 -26.06299213 -1.54334190,
1.57480315 -26.06299213 -1.36684671,
1.57480315 -26.06299213 -1.13019703,
1.57480315 -26.06299213 -0.86614173,
1.49606299 -26.06299213 -0.86614173,
1.57480315 -21.96850394 -1.65354331,
1.57480315 -21.96850394 -1.54334190,
1.57480315 -21.96850394 -1.36684671,
1.57480315 -21.96850394 -1.13019703,
1.57480315 -21.96850394 -0.86614173,
1.49606299 -21.96850394 -0.86614173,
1.49606299 -21.96850394 -0.72834646,
1.49606299 -21.33858268 -0.72834646,
1.57480315 -21.33858268 -1.65354331,
1.57480315 -21.33858268 -1.54334190,
1.57480315 -21.33858268 -1.36684671,
1.57480315 -21.33858268 -1.13019703,
1.57480315 -21.33858268 -0.86614173,
1.49606299 -21.33858268 -0.86614173,
1.57480315 -17.24409449 -1.65354331,
1.57480315 -17.24409449 -1.54334190,
1.57480315 -17.24409449 -1.36684671,
1.57480315 -17.24409449 -1.13019703,
1.57480315 -17.24409449 -0.86614173,
1.49606299 -17.24409449 -0.86614173,
1.49606299 -17.24409449 -0.72834646,
1.49606299 -16.61417323 -0.72834646,
1.57480315 -16.61417323 -1.65354331,
1.57480315 -16.61417323 -1.54334190,
1.57480315 -16.61417323 -1.36684671,
1.57480315 -16.61417323 -1.13019703,
1.57480315 -16.61417323 -0.86614173,
1.49606299 -16.61417323 -0.86614173,
0.86614173 -25.39370079 0.09842520,
0.86634156 -25.38683329 0.09842520,
0.86694035 -25.37998903 0.09842520,
0.86793609 -25.37319116 0.09842520,
0.86932541 -25.36646269 0.09842520,
0.87110360 -25.35982639 0.09842520,
0.87326465 -25.35330471 0.09842520,
0.87580125 -25.34691971 0.09842520,
0.87870481 -25.34069301 0.09842520,
0.88196550 -25.33464567 0.09842520,
0.88557231 -25.32879815 0.09842520,
0.88951301 -25.32317024 0.09842520,
0.89377428 -25.31778099 0.09842520,
0.89834170 -25.31264863 0.09842520,
0.90319981 -25.30779051 0.09842520,
0.90833217 -25.30322310 0.09842520,
0.91372143 -25.29896183 0.09842520,
0.91934933 -25.29502112 0.09842520,
0.92519685 -25.29141432 0.09842520,
0.93124419 -25.28815363 0.09842520,
0.93747089 -25.28525007 0.09842520,
0.94385589 -25.28271347 0.09842520,
0.95037757 -25.28055242 0.09842520,
0.95701387 -25.27877423 0.09842520,
0.96374234 -25.27738491 0.09842520,
0.97054021 -25.27638917 0.09842520,
0.97738447 -25.27579038 0.09842520,
0.98425197 -25.27559055 0.09842520,
1.37795276 -25.27559055 0.09842520,
1.38482026 -25.27579038 0.09842520,
1.39166452 -25.27638917 0.09842520,
1.39846238 -25.27738491 0.09842520,
1.40519085 -25.27877423 0.09842520,
1.41182715 -25.28055242 0.09842520,
1.41834884 -25.28271347 0.09842520,
1.42473383 -25.28525007 0.09842520,
1.43096053 -25.28815363 0.09842520,
1.43700787 -25.29141432 0.09842520,
1.44285539 -25.29502112 0.09842520,
1.44848330 -25.29896183 0.09842520,
1.45387255 -25.30322310 0.09842520,
1.45900492 -25.30779051 0.09842520,
1.46386303 -25.31264863 0.09842520,
1.46843045 -25.31778099 0.09842520,
1.47269172 -25.32317024 0.09842520,
1.47663242 -25.32879815 0.09842520,
1.48023922 -25.33464567 0.09842520,
1.48349992 -25.34069301 0.09842520,
1.48640348 -25.34691971 0.09842520,
1.48894007 -25.35330471 0.09842520,
1.49110112 -25.35982639 0.09842520,
1.49287932 -25.36646269 0.09842520,
1.49426863 -25.37319116 0.09842520,
1.49526437 -25.37998903 0.09842520,
1.49586317 -25.38683329 0.09842520,
1.49606299 -25.39370079 0.09842520,
1.49606299 -27.36220472 0.09842520,
1.49586317 -27.36907222 0.09842520,
1.49526437 -27.37591649 0.09842520,
1.49426863 -27.38271435 0.09842520,
1.49287932 -27.38944282 0.09842520,
1.49110112 -27.39607912 0.09842520,
1.48894007 -27.40260080 0.09842520,
1.48640348 -27.40898580 0.09842520,
1.48349992 -27.41521250 0.09842520,
1.48023922 -27.42125984 0.09842520,
1.47663242 -27.42710736 0.09842520,
1.47269172 -27.43273527 0.09842520,
1.46843045 -27.43812452 0.09842520,
1.46386303 -27.44325689 0.09842520,
1.45900492 -27.44811500 0.09842520,
1.45387255 -27.45268241 0.09842520,
1.44848330 -27.45694368 0.09842520,
1.44285539 -27.46088439 0.09842520,
1.43700787 -27.46449119 0.09842520,
1.43096053 -27.46775189 0.09842520,
1.42473383 -27.47065545 0.09842520,
1.41834884 -27.47319204 0.09842520,
1.41182715 -27.47535309 0.09842520,
1.40519085 -27.47713128 0.09842520,
1.39846238 -27.47852060 0.09842520,
1.39166452 -27.47951634 0.09842520,
1.38482026 -27.48011514 0.09842520,
1.37795276 -27.48031496 0.09842520,
0.98425197 -27.48031496 0.09842520,
0.97738447 -27.48011514 0.09842520,
0.97054021 -27.47951634 0.09842520,
0.96374234 -27.47852060 0.09842520,
0.95701387 -27.47713128 0.09842520,
0.95037757 -27.47535309 0.09842520,
0.94385589 -27.47319204 0.09842520,
0.93747089 -27.47065545 0.09842520,
0.93124419 -27.46775189 0.09842520,
0.92519685 -27.46449119 0.09842520,
0.91934933 -27.46088439 0.09842520,
0.91372143 -27.45694368 0.09842520,
0.90833217 -27.45268241 0.09842520,
0.90319981 -27.44811500 0.09842520,
0.89834170 -27.44325689 0.09842520,
0.89377428 -27.43812452 0.09842520,
0.88951301 -27.43273527 0.09842520,
0.88557231 -27.42710736 0.09842520,
0.88196550 -27.42125984 0.09842520,
0.87870481 -27.41521250 0.09842520,
0.87580125 -27.40898580 0.09842520,
0.87326465 -27.40260080 0.09842520,
0.87110360 -27.39607912 0.09842520,
0.86932541 -27.38944282 0.09842520,
0.86793609 -27.38271435 0.09842520,
0.86694035 -27.37591649 0.09842520,
0.86634156 -27.36907222 0.09842520,
0.86614173 -27.36220472 0.09842520,
1.41732283 -26.37795276 0.09842520,
1.41633629 -26.34498984 0.09842520,
1.41338020 -26.31214492 0.09842520,
1.40846513 -26.27953557 0.09842520,
1.40160868 -26.24727853 0.09842520,
1.39283540 -26.21548927 0.09842520,
1.38217670 -26.18428159 0.09842520,
1.36967072 -26.15376720 0.09842520,
1.35536225 -26.12405534 0.09842520,
1.33930248 -26.09525237 0.09842520,
1.32154893 -26.06746139 0.09842520,
1.30216514 -26.04078188 0.09842520,
1.28122049 -26.01530936 0.09842520,
1.25878997 -25.99113501 0.09842520,
1.23495388 -25.96834537 0.09842520,
1.20979753 -25.94702202 0.09842520,
1.18341098 -25.92724128 0.09842520,
1.15588869 -25.90907398 0.09842520,
1.12732918 -25.89258514 0.09842520,
1.09783469 -25.87783379 0.09842520,
1.06751080 -25.86487274 0.09842520,
1.03646606 -25.85374838 0.09842520,
1.00481160 -25.84450053 0.09842520,
0.97266074 -25.83716231 0.09842520,
0.94012857 -25.83175997 0.09842520,
0.90733155 -25.82831287 0.09842520,
0.87438707 -25.82683333 0.09842520,
0.84141309 -25.82732666 0.09842520,
0.80852762 -25.82979108 0.09842520,
0.77584840 -25.83421778 0.09842520,
0.74349240 -25.84059091 0.09842520,
0.71157545 -25.84888766 0.09842520,
0.68021182 -25.85907833 0.09842520,
0.64951376 -25.87112642 0.09842520,
0.61959118 -25.88498883 0.09842520,
0.59055118 -25.90061592 0.09842520,
0.56249773 -25.91795175 0.09842520,
0.53553124 -25.93693426 0.09842520,
0.50974825 -25.95749551 0.09842520,
0.48524106 -25.97956189 0.09842520,
0.46209739 -26.00305440 0.09842520,
0.44040010 -26.02788895 0.09842520,
0.42022685 -26.05397663 0.09842520,
0.40164987 -26.08122407 0.09842520,
0.38473564 -26.10953372 0.09842520,
0.36954472 -26.13880424 0.09842520,
0.35613149 -26.16893085 0.09842520,
0.34454396 -26.19980570 0.09842520,
0.33482362 -26.23131827 0.09842520,
0.32700526 -26.26335576 0.09842520,
0.32111687 -26.29580348 0.09842520,
0.31717952 -26.32854526 0.09842520,
0.31520732 -26.36146392 0.09842520,
0.31520732 -26.39444160 0.09842520,
0.31717952 -26.42736025 0.09842520,
0.32111687 -26.46010204 0.09842520,
0.32700526 -26.49254975 0.09842520,
0.33482362 -26.52458724 0.09842520,
0.34454396 -26.55609981 0.09842520,
0.35613149 -26.58697466 0.09842520,
0.36954472 -26.61710127 0.09842520,
0.38473564 -26.64637179 0.09842520,
0.40164987 -26.67468144 0.09842520,
0.42022685 -26.70192888 0.09842520,
0.44040010 -26.72801657 0.09842520,
0.46209739 -26.75285112 0.09842520,
0.48524106 -26.77634363 0.09842520,
0.50974825 -26.79841000 0.09842520,
0.53553124 -26.81897125 0.09842520,
0.56249773 -26.83795376 0.09842520,
0.59055118 -26.85528959 0.09842520,
0.61959118 -26.87091668 0.09842520,
0.64951376 -26.88477909 0.09842520,
0.68021182 -26.89682719 0.09842520,
0.71157545 -26.90701785 0.09842520,
0.74349240 -26.91531460 0.09842520,
0.77584840 -26.92168773 0.09842520,
0.80852762 -26.92611443 0.09842520,
0.84141309 -26.92857886 0.09842520,
0.87438707 -26.92907218 0.09842520,
0.90733155 -26.92759264 0.09842520,
0.94012857 -26.92414554 0.09842520,
0.97266074 -26.91874320 0.09842520,
1.00481160 -26.91140498 0.09842520,
1.03646606 -26.90215713 0.09842520,
1.06751080 -26.89103277 0.09842520,
1.09783469 -26.87807172 0.09842520,
1.12732918 -26.86332037 0.09842520,
1.15588869 -26.84683153 0.09842520,
1.18341098 -26.82866423 0.09842520,
1.20979753 -26.80888349 0.09842520,
1.23495388 -26.78756014 0.09842520,
1.25878997 -26.76477050 0.09842520,
1.28122049 -26.74059615 0.09842520,
1.30216514 -26.71512363 0.09842520,
1.32154893 -26.68844413 0.09842520,
1.33930248 -26.66065315 0.09842520,
1.35536225 -26.63185017 0.09842520,
1.36967072 -26.60213831 0.09842520,
1.38217670 -26.57162392 0.09842520,
1.39283540 -26.54041624 0.09842520,
1.40160868 -26.50862698 0.09842520,
1.40846513 -26.47636994 0.09842520,
1.41338020 -26.44376060 0.09842520,
1.41633629 -26.41091568 0.09842520,
0.98425197 -27.48031496 -0.86614173,
0.86614173 -27.36220472 -0.86614173,
0.97738447 -27.48011514 -0.86614173,
0.97054021 -27.47951634 -0.86614173,
0.96374234 -27.47852060 -0.86614173,
0.95701387 -27.47713128 -0.86614173,
0.95037757 -27.47535309 -0.86614173,
0.94385589 -27.47319204 -0.86614173,
0.93747089 -27.47065545 -0.86614173,
0.93124419 -27.46775189 -0.86614173,
0.92519685 -27.46449119 -0.86614173,
0.91934933 -27.46088439 -0.86614173,
0.91372143 -27.45694368 -0.86614173,
0.90833217 -27.45268241 -0.86614173,
0.90319981 -27.44811500 -0.86614173,
0.89834170 -27.44325689 -0.86614173,
0.89377428 -27.43812452 -0.86614173,
0.88951301 -27.43273527 -0.86614173,
0.88557231 -27.42710736 -0.86614173,
0.88196550 -27.42125984 -0.86614173,
0.87870481 -27.41521250 -0.86614173,
0.87580125 -27.40898580 -0.86614173,
0.87326465 -27.40260080 -0.86614173,
0.87110360 -27.39607912 -0.86614173,
0.86932541 -27.38944282 -0.86614173,
0.86793609 -27.38271435 -0.86614173,
0.86694035 -27.37591649 -0.86614173,
0.86634156 -27.36907222 -0.86614173,
1.57480315 -27.48031496 -0.86614173,
1.37795276 -27.48031496 -0.86614173,
0.86614173 -20.66929134 0.09842520,
0.86634156 -20.66242384 0.09842520,
0.86694035 -20.65557958 0.09842520,
0.86793609 -20.64878171 0.09842520,
0.86932541 -20.64205324 0.09842520,
0.87110360 -20.63541694 0.09842520,
0.87326465 -20.62889526 0.09842520,
0.87580125 -20.62251026 0.09842520,
0.87870481 -20.61628356 0.09842520,
0.88196550 -20.61023622 0.09842520,
0.88557231 -20.60438870 0.09842520,
0.88951301 -20.59876080 0.09842520,
0.89377428 -20.59337154 0.09842520,
0.89834170 -20.58823918 0.09842520,
0.90319981 -20.58338107 0.09842520,
0.90833217 -20.57881365 0.09842520,
0.91372143 -20.57455238 0.09842520,
0.91934933 -20.57061168 0.09842520,
0.92519685 -20.56700487 0.09842520,
0.93124419 -20.56374418 0.09842520,
0.93747089 -20.56084062 0.09842520,
0.94385589 -20.55830402 0.09842520,
0.95037757 -20.55614297 0.09842520,
0.95701387 -20.55436478 0.09842520,
0.96374234 -20.55297546 0.09842520,
0.97054021 -20.55197972 0.09842520,
0.97738447 -20.55138093 0.09842520,
0.98425197 -20.55118110 0.09842520,
1.37795276 -20.55118110 0.09842520,
1.38482026 -20.55138093 0.09842520,
1.39166452 -20.55197972 0.09842520,
1.39846238 -20.55297546 0.09842520,
1.40519085 -20.55436478 0.09842520,
1.41182715 -20.55614297 0.09842520,
1.41834884 -20.55830402 0.09842520,
1.42473383 -20.56084062 0.09842520,
1.43096053 -20.56374418 0.09842520,
1.43700787 -20.56700487 0.09842520,
1.44285539 -20.57061168 0.09842520,
1.44848330 -20.57455238 0.09842520,
1.45387255 -20.57881365 0.09842520,
1.45900492 -20.58338107 0.09842520,
1.46386303 -20.58823918 0.09842520,
1.46843045 -20.59337154 0.09842520,
1.47269172 -20.59876080 0.09842520,
1.47663242 -20.60438870 0.09842520,
1.48023922 -20.61023622 0.09842520,
1.48349992 -20.61628356 0.09842520,
1.48640348 -20.62251026 0.09842520,
1.48894007 -20.62889526 0.09842520,
1.49110112 -20.63541694 0.09842520,
1.49287932 -20.64205324 0.09842520,
1.49426863 -20.64878171 0.09842520,
1.49526437 -20.65557958 0.09842520,
1.49586317 -20.66242384 0.09842520,
1.49606299 -20.66929134 0.09842520,
1.49606299 -22.63779528 0.09842520,
1.49586317 -22.64466278 0.09842520,
1.49526437 -22.65150704 0.09842520,
1.49426863 -22.65830490 0.09842520,
1.49287932 -22.66503337 0.09842520,
1.49110112 -22.67166967 0.09842520,
1.48894007 -22.67819136 0.09842520,
1.48640348 -22.68457635 0.09842520,
1.48349992 -22.69080305 0.09842520,
1.48023922 -22.69685039 0.09842520,
1.47663242 -22.70269791 0.09842520,
1.47269172 -22.70832582 0.09842520,
1.46843045 -22.71371507 0.09842520,
1.46386303 -22.71884744 0.09842520,
1.45900492 -22.72370555 0.09842520,
1.45387255 -22.72827297 0.09842520,
1.44848330 -22.73253424 0.09842520,
1.44285539 -22.73647494 0.09842520,
1.43700787 -22.74008174 0.09842520,
1.43096053 -22.74334244 0.09842520,
1.42473383 -22.74624600 0.09842520,
1.41834884 -22.74878259 0.09842520,
1.41182715 -22.75094364 0.09842520,
1.40519085 -22.75272184 0.09842520,
1.39846238 -22.75411115 0.09842520,
1.39166452 -22.75510689 0.09842520,
1.38482026 -22.75570569 0.09842520,
1.37795276 -22.75590551 0.09842520,
0.98425197 -22.75590551 0.09842520,
0.97738447 -22.75570569 0.09842520,
0.97054021 -22.75510689 0.09842520,
0.96374234 -22.75411115 0.09842520,
0.95701387 -22.75272184 0.09842520,
0.95037757 -22.75094364 0.09842520,
0.94385589 -22.74878259 0.09842520,
0.93747089 -22.74624600 0.09842520,
0.93124419 -22.74334244 0.09842520,
0.92519685 -22.74008174 0.09842520,
0.91934933 -22.73647494 0.09842520,
0.91372143 -22.73253424 0.09842520,
0.90833217 -22.72827297 0.09842520,
0.90319981 -22.72370555 0.09842520,
0.89834170 -22.71884744 0.09842520,
0.89377428 -22.71371507 0.09842520,
0.88951301 -22.70832582 0.09842520,
0.88557231 -22.70269791 0.09842520,
0.88196550 -22.69685039 0.09842520,
0.87870481 -22.69080305 0.09842520,
0.87580125 -22.68457635 0.09842520,
0.87326465 -22.67819136 0.09842520,
0.87110360 -22.67166967 0.09842520,
0.86932541 -22.66503337 0.09842520,
0.86793609 -22.65830490 0.09842520,
0.86694035 -22.65150704 0.09842520,
0.86634156 -22.64466278 0.09842520,
0.86614173 -22.63779528 0.09842520,
1.41732283 -21.65354331 0.09842520,
1.41633629 -21.62058039 0.09842520,
1.41338020 -21.58773547 0.09842520,
1.40846513 -21.55512612 0.09842520,
1.40160868 -21.52286908 0.09842520,
1.39283540 -21.49107983 0.09842520,
1.38217670 -21.45987214 0.09842520,
1.36967072 -21.42935776 0.09842520,
1.35536225 -21.39964589 0.09842520,
1.33930248 -21.37084292 0.09842520,
1.32154893 -21.34305194 0.09842520,
1.30216514 -21.31637243 0.09842520,
1.28122049 -21.29089991 0.09842520,
1.25878997 -21.26672557 0.09842520,
1.23495388 -21.24393592 0.09842520,
1.20979753 -21.22261257 0.09842520,
1.18341098 -21.20283183 0.09842520,
1.15588869 -21.18466453 0.09842520,
1.12732918 -21.16817569 0.09842520,
1.09783469 -21.15342434 0.09842520,
1.06751080 -21.14046329 0.09842520,
1.03646606 -21.12933893 0.09842520,
1.00481160 -21.12009108 0.09842520,
0.97266074 -21.11275286 0.09842520,
0.94012857 -21.10735053 0.09842520,
0.90733155 -21.10390342 0.09842520,
0.87438707 -21.10242388 0.09842520,
0.84141309 -21.10291721 0.09842520,
0.80852762 -21.10538163 0.09842520,
0.77584840 -21.10980833 0.09842520,
0.74349240 -21.11618147 0.09842520,
0.71157545 -21.12447821 0.09842520,
0.68021182 -21.13466888 0.09842520,
0.64951376 -21.14671698 0.09842520,
0.61959118 -21.16057938 0.09842520,
0.59055118 -21.17620647 0.09842520,
0.56249773 -21.19354230 0.09842520,
0.53553124 -21.21252482 0.09842520,
0.50974825 -21.23308606 0.09842520,
0.48524106 -21.25515244 0.09842520,
0.46209739 -21.27864495 0.09842520,
0.44040010 -21.30347950 0.09842520,
0.42022685 -21.32956718 0.09842520,
0.40164987 -21.35681462 0.09842520,
0.38473564 -21.38512427 0.09842520,
0.36954472 -21.41439479 0.09842520,
0.35613149 -21.44452140 0.09842520,
0.34454396 -21.47539625 0.09842520,
0.33482362 -21.50690883 0.09842520,
0.32700526 -21.53894631 0.09842520,
0.32111687 -21.57139403 0.09842520,
0.31717952 -21.60413581 0.09842520,
0.31520732 -21.63705447 0.09842520,
0.31520732 -21.67003215 0.09842520,
0.31717952 -21.70295080 0.09842520,
0.32111687 -21.73569259 0.09842520,
0.32700526 -21.76814030 0.09842520,
0.33482362 -21.80017779 0.09842520,
0.34454396 -21.83169036 0.09842520,
0.35613149 -21.86256522 0.09842520,
0.36954472 -21.89269182 0.09842520,
0.38473564 -21.92196234 0.09842520,
0.40164987 -21.95027199 0.09842520,
0.42022685 -21.97751943 0.09842520,
0.44040010 -22.00360712 0.09842520,
0.46209739 -22.02844167 0.09842520,
0.48524106 -22.05193418 0.09842520,
0.50974825 -22.07400055 0.09842520,
0.53553124 -22.09456180 0.09842520,
0.56249773 -22.11354431 0.09842520,
0.59055118 -22.13088014 0.09842520,
0.61959118 -22.14650723 0.09842520,
0.64951376 -22.16036964 0.09842520,
0.68021182 -22.17241774 0.09842520,
0.71157545 -22.18260840 0.09842520,
0.74349240 -22.19090515 0.09842520,
0.77584840 -22.19727828 0.09842520,
0.80852762 -22.20170498 0.09842520,
0.84141309 -22.20416941 0.09842520,
0.87438707 -22.20466273 0.09842520,
0.90733155 -22.20318320 0.09842520,
0.94012857 -22.19973609 0.09842520,
0.97266074 -22.19433375 0.09842520,
1.00481160 -22.18699553 0.09842520,
1.03646606 -22.17774769 0.09842520,
1.06751080 -22.16662333 0.09842520,
1.09783469 -22.15366227 0.09842520,
1.12732918 -22.13891092 0.09842520,
1.15588869 -22.12242208 0.09842520,
1.18341098 -22.10425478 0.09842520,
1.20979753 -22.08447405 0.09842520,
1.23495388 -22.06315069 0.09842520,
1.25878997 -22.04036105 0.09842520,
1.28122049 -22.01618670 0.09842520,
1.30216514 -21.99071418 0.09842520,
1.32154893 -21.96403468 0.09842520,
1.33930248 -21.93624370 0.09842520,
1.35536225 -21.90744072 0.09842520,
1.36967072 -21.87772886 0.09842520,
1.38217670 -21.84721447 0.09842520,
1.39283540 -21.81600679 0.09842520,
1.40160868 -21.78421753 0.09842520,
1.40846513 -21.75196049 0.09842520,
1.41338020 -21.71935115 0.09842520,
1.41633629 -21.68650623 0.09842520,
0.98425197 -22.75590551 -0.86614173,
0.86614173 -22.63779528 -0.86614173,
0.97738447 -22.75570569 -0.86614173,
0.97054021 -22.75510689 -0.86614173,
0.96374234 -22.75411115 -0.86614173,
0.95701387 -22.75272184 -0.86614173,
0.95037757 -22.75094364 -0.86614173,
0.94385589 -22.74878259 -0.86614173,
0.93747089 -22.74624600 -0.86614173,
0.93124419 -22.74334244 -0.86614173,
0.92519685 -22.74008174 -0.86614173,
0.91934933 -22.73647494 -0.86614173,
0.91372143 -22.73253424 -0.86614173,
0.90833217 -22.72827297 -0.86614173,
0.90319981 -22.72370555 -0.86614173,
0.89834170 -22.71884744 -0.86614173,
0.89377428 -22.71371507 -0.86614173,
0.88951301 -22.70832582 -0.86614173,
0.88557231 -22.70269791 -0.86614173,
0.88196550 -22.69685039 -0.86614173,
0.87870481 -22.69080305 -0.86614173,
0.87580125 -22.68457635 -0.86614173,
0.87326465 -22.67819136 -0.86614173,
0.87110360 -22.67166967 -0.86614173,
0.86932541 -22.66503337 -0.86614173,
0.86793609 -22.65830490 -0.86614173,
0.86694035 -22.65150704 -0.86614173,
0.86634156 -22.64466278 -0.86614173,
1.57480315 -22.75590551 -0.86614173,
1.37795276 -22.75590551 -0.86614173,
1.57480315 -25.27559055 -0.86614173,
0.98425197 -25.27559055 -0.86614173,
1.37795276 -25.27559055 -0.86614173,
0.86614173 -25.39370079 -0.86614173,
0.86634156 -25.38683329 -0.86614173,
0.86694035 -25.37998903 -0.86614173,
0.86793609 -25.37319116 -0.86614173,
0.86932541 -25.36646269 -0.86614173,
0.87110360 -25.35982639 -0.86614173,
0.87326465 -25.35330471 -0.86614173,
0.87580125 -25.34691971 -0.86614173,
0.87870481 -25.34069301 -0.86614173,
0.88196550 -25.33464567 -0.86614173,
0.88557231 -25.32879815 -0.86614173,
0.88951301 -25.32317024 -0.86614173,
0.89377428 -25.31778099 -0.86614173,
0.89834170 -25.31264863 -0.86614173,
0.90319981 -25.30779051 -0.86614173,
0.90833217 -25.30322310 -0.86614173,
0.91372143 -25.29896183 -0.86614173,
0.91934933 -25.29502112 -0.86614173,
0.92519685 -25.29141432 -0.86614173,
0.93124419 -25.28815363 -0.86614173,
0.93747089 -25.28525007 -0.86614173,
0.94385589 -25.28271347 -0.86614173,
0.95037757 -25.28055242 -0.86614173,
0.95701387 -25.27877423 -0.86614173,
0.96374234 -25.27738491 -0.86614173,
0.97054021 -25.27638917 -0.86614173,
0.97738447 -25.27579038 -0.86614173,
0.86614173 -15.94488189 0.09842520,
0.86634156 -15.93801439 0.09842520,
0.86694035 -15.93117013 0.09842520,
0.86793609 -15.92437226 0.09842520,
0.86932541 -15.91764379 0.09842520,
0.87110360 -15.91100749 0.09842520,
0.87326465 -15.90448581 0.09842520,
0.87580125 -15.89810081 0.09842520,
0.87870481 -15.89187411 0.09842520,
0.88196550 -15.88582677 0.09842520,
0.88557231 -15.87997925 0.09842520,
0.88951301 -15.87435135 0.09842520,
0.89377428 -15.86896209 0.09842520,
0.89834170 -15.86382973 0.09842520,
0.90319981 -15.85897162 0.09842520,
0.90833217 -15.85440420 0.09842520,
0.91372143 -15.85014293 0.09842520,
0.91934933 -15.84620223 0.09842520,
0.92519685 -15.84259542 0.09842520,
0.93124419 -15.83933473 0.09842520,
0.93747089 -15.83643117 0.09842520,
0.94385589 -15.83389457 0.09842520,
0.95037757 -15.83173352 0.09842520,
0.95701387 -15.82995533 0.09842520,
0.96374234 -15.82856601 0.09842520,
0.97054021 -15.82757027 0.09842520,
0.97738447 -15.82697148 0.09842520,
0.98425197 -15.82677165 0.09842520,
1.37795276 -15.82677165 0.09842520,
1.38482026 -15.82697148 0.09842520,
1.39166452 -15.82757027 0.09842520,
1.39846238 -15.82856601 0.09842520,
1.40519085 -15.82995533 0.09842520,
1.41182715 -15.83173352 0.09842520,
1.41834884 -15.83389457 0.09842520,
1.42473383 -15.83643117 0.09842520,
1.43096053 -15.83933473 0.09842520,
1.43700787 -15.84259542 0.09842520,
1.44285539 -15.84620223 0.09842520,
1.44848330 -15.85014293 0.09842520,
1.45387255 -15.85440420 0.09842520,
1.45900492 -15.85897162 0.09842520,
1.46386303 -15.86382973 0.09842520,
1.46843045 -15.86896209 0.09842520,
1.47269172 -15.87435135 0.09842520,
1.47663242 -15.87997925 0.09842520,
1.48023922 -15.88582677 0.09842520,
1.48349992 -15.89187411 0.09842520,
1.48640348 -15.89810081 0.09842520,
1.48894007 -15.90448581 0.09842520,
1.49110112 -15.91100749 0.09842520,
1.49287932 -15.91764379 0.09842520,
1.49426863 -15.92437226 0.09842520,
1.49526437 -15.93117013 0.09842520,
1.49586317 -15.93801439 0.09842520,
1.49606299 -15.94488189 0.09842520,
1.49606299 -17.91338583 0.09842520,
1.49586317 -17.92025333 0.09842520,
1.49526437 -17.92709759 0.09842520,
1.49426863 -17.93389545 0.09842520,
1.49287932 -17.94062392 0.09842520,
1.49110112 -17.94726022 0.09842520,
1.48894007 -17.95378191 0.09842520,
1.48640348 -17.96016690 0.09842520,
1.48349992 -17.96639360 0.09842520,
1.48023922 -17.97244095 0.09842520,
1.47663242 -17.97828846 0.09842520,
1.47269172 -17.98391637 0.09842520,
1.46843045 -17.98930562 0.09842520,
1.46386303 -17.99443799 0.09842520,
1.45900492 -17.99929610 0.09842520,
1.45387255 -18.00386352 0.09842520,
1.44848330 -18.00812479 0.09842520,
1.44285539 -18.01206549 0.09842520,
1.43700787 -18.01567229 0.09842520,
1.43096053 -18.01893299 0.09842520,
1.42473383 -18.02183655 0.09842520,
1.41834884 -18.02437314 0.09842520,
1.41182715 -18.02653419 0.09842520,
1.40519085 -18.02831239 0.09842520,
1.39846238 -18.02970170 0.09842520,
1.39166452 -18.03069744 0.09842520,
1.38482026 -18.03129624 0.09842520,
1.37795276 -18.03149606 0.09842520,
0.98425197 -18.03149606 0.09842520,
0.97738447 -18.03129624 0.09842520,
0.97054021 -18.03069744 0.09842520,
0.96374234 -18.02970170 0.09842520,
0.95701387 -18.02831239 0.09842520,
0.95037757 -18.02653419 0.09842520,
0.94385589 -18.02437314 0.09842520,
0.93747089 -18.02183655 0.09842520,
0.93124419 -18.01893299 0.09842520,
0.92519685 -18.01567229 0.09842520,
0.91934933 -18.01206549 0.09842520,
0.91372143 -18.00812479 0.09842520,
0.90833217 -18.00386352 0.09842520,
0.90319981 -17.99929610 0.09842520,
0.89834170 -17.99443799 0.09842520,
0.89377428 -17.98930562 0.09842520,
0.88951301 -17.98391637 0.09842520,
0.88557231 -17.97828846 0.09842520,
0.88196550 -17.97244095 0.09842520,
0.87870481 -17.96639360 0.09842520,
0.87580125 -17.96016690 0.09842520,
0.87326465 -17.95378191 0.09842520,
0.87110360 -17.94726022 0.09842520,
0.86932541 -17.94062392 0.09842520,
0.86793609 -17.93389545 0.09842520,
0.86694035 -17.92709759 0.09842520,
0.86634156 -17.92025333 0.09842520,
0.86614173 -17.91338583 0.09842520,
1.41732283 -16.92913386 0.09842520,
1.41633629 -16.89617094 0.09842520,
1.41338020 -16.86332602 0.09842520,
1.40846513 -16.83071667 0.09842520,
1.40160868 -16.79845963 0.09842520,
1.39283540 -16.76667038 0.09842520,
1.38217670 -16.73546270 0.09842520,
1.36967072 -16.70494831 0.09842520,
1.35536225 -16.67523644 0.09842520,
1.33930248 -16.64643347 0.09842520,
1.32154893 -16.61864249 0.09842520,
1.30216514 -16.59196298 0.09842520,
1.28122049 -16.56649047 0.09842520,
1.25878997 -16.54231612 0.09842520,
1.23495388 -16.51952647 0.09842520,
1.20979753 -16.49820312 0.09842520,
1.18341098 -16.47842239 0.09842520,
1.15588869 -16.46025508 0.09842520,
1.12732918 -16.44376624 0.09842520,
1.09783469 -16.42901489 0.09842520,
1.06751080 -16.41605384 0.09842520,
1.03646606 -16.40492948 0.09842520,
1.00481160 -16.39568163 0.09842520,
0.97266074 -16.38834341 0.09842520,
0.94012857 -16.38294108 0.09842520,
0.90733155 -16.37949397 0.09842520,
0.87438707 -16.37801443 0.09842520,
0.84141309 -16.37850776 0.09842520,
0.80852762 -16.38097218 0.09842520,
0.77584840 -16.38539889 0.09842520,
0.74349240 -16.39177202 0.09842520,
0.71157545 -16.40006876 0.09842520,
0.68021182 -16.41025943 0.09842520,
0.64951376 -16.42230753 0.09842520,
0.61959118 -16.43616993 0.09842520,
0.59055118 -16.45179702 0.09842520,
0.56249773 -16.46913285 0.09842520,
0.53553124 -16.48811537 0.09842520,
0.50974825 -16.50867661 0.09842520,
0.48524106 -16.53074299 0.09842520,
0.46209739 -16.55423550 0.09842520,
0.44040010 -16.57907005 0.09842520,
0.42022685 -16.60515773 0.09842520,
0.40164987 -16.63240517 0.09842520,
0.38473564 -16.66071482 0.09842520,
0.36954472 -16.68998534 0.09842520,
0.35613149 -16.72011195 0.09842520,
0.34454396 -16.75098680 0.09842520,
0.33482362 -16.78249938 0.09842520,
0.32700526 -16.81453686 0.09842520,
0.32111687 -16.84698458 0.09842520,
0.31717952 -16.87972637 0.09842520,
0.31520732 -16.91264502 0.09842520,
0.31520732 -16.94562270 0.09842520,
0.31717952 -16.97854135 0.09842520,
0.32111687 -17.01128314 0.09842520,
0.32700526 -17.04373085 0.09842520,
0.33482362 -17.07576834 0.09842520,
0.34454396 -17.10728091 0.09842520,
0.35613149 -17.13815577 0.09842520,
0.36954472 -17.16828238 0.09842520,
0.38473564 -17.19755290 0.09842520,
0.40164987 -17.22586254 0.09842520,
0.42022685 -17.25310998 0.09842520,
0.44040010 -17.27919767 0.09842520,
0.46209739 -17.30403222 0.09842520,
0.48524106 -17.32752473 0.09842520,
0.50974825 -17.34959110 0.09842520,
0.53553124 -17.37015235 0.09842520,
0.56249773 -17.38913486 0.09842520,
0.59055118 -17.40647069 0.09842520,
0.61959118 -17.42209778 0.09842520,
0.64951376 -17.43596019 0.09842520,
0.68021182 -17.44800829 0.09842520,
0.71157545 -17.45819895 0.09842520,
0.74349240 -17.46649570 0.09842520,
0.77584840 -17.47286883 0.09842520,
0.80852762 -17.47729553 0.09842520,
0.84141309 -17.47975996 0.09842520,
0.87438707 -17.48025328 0.09842520,
0.90733155 -17.47877375 0.09842520,
0.94012857 -17.47532664 0.09842520,
0.97266074 -17.46992431 0.09842520,
1.00481160 -17.46258608 0.09842520,
1.03646606 -17.45333824 0.09842520,
1.06751080 -17.44221388 0.09842520,
1.09783469 -17.42925282 0.09842520,
1.12732918 -17.41450147 0.09842520,
1.15588869 -17.39801263 0.09842520,
1.18341098 -17.37984533 0.09842520,
1.20979753 -17.36006460 0.09842520,
1.23495388 -17.33874124 0.09842520,
1.25878997 -17.31595160 0.09842520,
1.28122049 -17.29177725 0.09842520,
1.30216514 -17.26630473 0.09842520,
1.32154893 -17.23962523 0.09842520,
1.33930248 -17.21183425 0.09842520,
1.35536225 -17.18303127 0.09842520,
1.36967072 -17.15331941 0.09842520,
1.38217670 -17.12280502 0.09842520,
1.39283540 -17.09159734 0.09842520,
1.40160868 -17.05980808 0.09842520,
1.40846513 -17.02755104 0.09842520,
1.41338020 -16.99494170 0.09842520,
1.41633629 -16.96209678 0.09842520,
0.98425197 -18.03149606 -0.86614173,
0.86614173 -17.91338583 -0.86614173,
0.97738447 -18.03129624 -0.86614173,
0.97054021 -18.03069744 -0.86614173,
0.96374234 -18.02970170 -0.86614173,
0.95701387 -18.02831239 -0.86614173,
0.95037757 -18.02653419 -0.86614173,
0.94385589 -18.02437314 -0.86614173,
0.93747089 -18.02183655 -0.86614173,
0.93124419 -18.01893299 -0.86614173,
0.92519685 -18.01567229 -0.86614173,
0.91934933 -18.01206549 -0.86614173,
0.91372143 -18.00812479 -0.86614173,
0.90833217 -18.00386352 -0.86614173,
0.90319981 -17.99929610 -0.86614173,
0.89834170 -17.99443799 -0.86614173,
0.89377428 -17.98930562 -0.86614173,
0.88951301 -17.98391637 -0.86614173,
0.88557231 -17.97828846 -0.86614173,
0.88196550 -17.97244095 -0.86614173,
0.87870481 -17.96639360 -0.86614173,
0.87580125 -17.96016690 -0.86614173,
0.87326465 -17.95378191 -0.86614173,
0.87110360 -17.94726022 -0.86614173,
0.86932541 -17.94062392 -0.86614173,
0.86793609 -17.93389545 -0.86614173,
0.86694035 -17.92709759 -0.86614173,
0.86634156 -17.92025333 -0.86614173,
1.57480315 -18.03149606 -0.86614173,
1.37795276 -18.03149606 -0.86614173,
1.57480315 -20.55118110 -0.86614173,
0.98425197 -20.55118110 -0.86614173,
1.37795276 -20.55118110 -0.86614173,
0.86614173 -20.66929134 -0.86614173,
0.86634156 -20.66242384 -0.86614173,
0.86694035 -20.65557958 -0.86614173,
0.86793609 -20.64878171 -0.86614173,
0.86932541 -20.64205324 -0.86614173,
0.87110360 -20.63541694 -0.86614173,
0.87326465 -20.62889526 -0.86614173,
0.87580125 -20.62251026 -0.86614173,
0.87870481 -20.61628356 -0.86614173,
0.88196550 -20.61023622 -0.86614173,
0.88557231 -20.60438870 -0.86614173,
0.88951301 -20.59876080 -0.86614173,
0.89377428 -20.59337154 -0.86614173,
0.89834170 -20.58823918 -0.86614173,
0.90319981 -20.58338107 -0.86614173,
0.90833217 -20.57881365 -0.86614173,
0.91372143 -20.57455238 -0.86614173,
0.91934933 -20.57061168 -0.86614173,
0.92519685 -20.56700487 -0.86614173,
0.93124419 -20.56374418 -0.86614173,
0.93747089 -20.56084062 -0.86614173,
0.94385589 -20.55830402 -0.86614173,
0.95037757 -20.55614297 -0.86614173,
0.95701387 -20.55436478 -0.86614173,
0.96374234 -20.55297546 -0.86614173,
0.97054021 -20.55197972 -0.86614173,
0.97738447 -20.55138093 -0.86614173,
1.57480315 -15.82677165 -0.86614173,
0.98425197 -15.82677165 -0.86614173,
1.37795276 -15.82677165 -0.86614173,
0.86614173 -15.94488189 -0.86614173,
0.86634156 -15.93801439 -0.86614173,
0.86694035 -15.93117013 -0.86614173,
0.86793609 -15.92437226 -0.86614173,
0.86932541 -15.91764379 -0.86614173,
0.87110360 -15.91100749 -0.86614173,
0.87326465 -15.90448581 -0.86614173,
0.87580125 -15.89810081 -0.86614173,
0.87870481 -15.89187411 -0.86614173,
0.88196550 -15.88582677 -0.86614173,
0.88557231 -15.87997925 -0.86614173,
0.88951301 -15.87435135 -0.86614173,
0.89377428 -15.86896209 -0.86614173,
0.89834170 -15.86382973 -0.86614173,
0.90319981 -15.85897162 -0.86614173,
0.90833217 -15.85440420 -0.86614173,
0.91372143 -15.85014293 -0.86614173,
0.91934933 -15.84620223 -0.86614173,
0.92519685 -15.84259542 -0.86614173,
0.93124419 -15.83933473 -0.86614173,
0.93747089 -15.83643117 -0.86614173,
0.94385589 -15.83389457 -0.86614173,
0.95037757 -15.83173352 -0.86614173,
0.95701387 -15.82995533 -0.86614173,
0.96374234 -15.82856601 -0.86614173,
0.97054021 -15.82757027 -0.86614173,
0.97738447 -15.82697148 -0.86614173,
1.49606299 -25.39370079 -0.86614173,
1.49606299 -27.36220472 -0.86614173,
1.49586317 -27.36907222 -0.86614173,
1.49526437 -27.37591649 -0.86614173,
1.49426863 -27.38271435 -0.86614173,
1.49287932 -27.38944282 -0.86614173,
1.49110112 -27.39607912 -0.86614173,
1.48894007 -27.40260080 -0.86614173,
1.48640348 -27.40898580 -0.86614173,
1.48349992 -27.41521250 -0.86614173,
1.48023922 -27.42125984 -0.86614173,
1.47663242 -27.42710736 -0.86614173,
1.47269172 -27.43273527 -0.86614173,
1.46843045 -27.43812452 -0.86614173,
1.46386303 -27.44325689 -0.86614173,
1.45900492 -27.44811500 -0.86614173,
1.45387255 -27.45268241 -0.86614173,
1.44848330 -27.45694368 -0.86614173,
1.44285539 -27.46088439 -0.86614173,
1.43700787 -27.46449119 -0.86614173,
1.43096053 -27.46775189 -0.86614173,
1.42473383 -27.47065545 -0.86614173,
1.41834884 -27.47319204 -0.86614173,
1.41182715 -27.47535309 -0.86614173,
1.40519085 -27.47713128 -0.86614173,
1.39846238 -27.47852060 -0.86614173,
1.39166452 -27.47951634 -0.86614173,
1.38482026 -27.48011514 -0.86614173,
1.38482026 -25.27579038 -0.86614173,
1.39166452 -25.27638917 -0.86614173,
1.39846238 -25.27738491 -0.86614173,
1.40519085 -25.27877423 -0.86614173,
1.41182715 -25.28055242 -0.86614173,
1.41834884 -25.28271347 -0.86614173,
1.42473383 -25.28525007 -0.86614173,
1.43096053 -25.28815363 -0.86614173,
1.43700787 -25.29141432 -0.86614173,
1.44285539 -25.29502112 -0.86614173,
1.44848330 -25.29896183 -0.86614173,
1.45387255 -25.30322310 -0.86614173,
1.45900492 -25.30779051 -0.86614173,
1.46386303 -25.31264863 -0.86614173,
1.46843045 -25.31778099 -0.86614173,
1.47269172 -25.32317024 -0.86614173,
1.47663242 -25.32879815 -0.86614173,
1.48023922 -25.33464567 -0.86614173,
1.48349992 -25.34069301 -0.86614173,
1.48640348 -25.34691971 -0.86614173,
1.48894007 -25.35330471 -0.86614173,
1.49110112 -25.35982639 -0.86614173,
1.49287932 -25.36646269 -0.86614173,
1.49426863 -25.37319116 -0.86614173,
1.49526437 -25.37998903 -0.86614173,
1.49586317 -25.38683329 -0.86614173,
1.49606299 -20.66929134 -0.86614173,
1.49606299 -22.63779528 -0.86614173,
1.49586317 -22.64466278 -0.86614173,
1.49526437 -22.65150704 -0.86614173,
1.49426863 -22.65830490 -0.86614173,
1.49287932 -22.66503337 -0.86614173,
1.49110112 -22.67166967 -0.86614173,
1.48894007 -22.67819136 -0.86614173,
1.48640348 -22.68457635 -0.86614173,
1.48349992 -22.69080305 -0.86614173,
1.48023922 -22.69685039 -0.86614173,
1.47663242 -22.70269791 -0.86614173,
1.47269172 -22.70832582 -0.86614173,
1.46843045 -22.71371507 -0.86614173,
1.46386303 -22.71884744 -0.86614173,
1.45900492 -22.72370555 -0.86614173,
1.45387255 -22.72827297 -0.86614173,
1.44848330 -22.73253424 -0.86614173,
1.44285539 -22.73647494 -0.86614173,
1.43700787 -22.74008174 -0.86614173,
1.43096053 -22.74334244 -0.86614173,
1.42473383 -22.74624600 -0.86614173,
1.41834884 -22.74878259 -0.86614173,
1.41182715 -22.75094364 -0.86614173,
1.40519085 -22.75272184 -0.86614173,
1.39846238 -22.75411115 -0.86614173,
1.39166452 -22.75510689 -0.86614173,
1.38482026 -22.75570569 -0.86614173,
1.38482026 -20.55138093 -0.86614173,
1.39166452 -20.55197972 -0.86614173,
1.39846238 -20.55297546 -0.86614173,
1.40519085 -20.55436478 -0.86614173,
1.41182715 -20.55614297 -0.86614173,
1.41834884 -20.55830402 -0.86614173,
1.42473383 -20.56084062 -0.86614173,
1.43096053 -20.56374418 -0.86614173,
1.43700787 -20.56700487 -0.86614173,
1.44285539 -20.57061168 -0.86614173,
1.44848330 -20.57455238 -0.86614173,
1.45387255 -20.57881365 -0.86614173,
1.45900492 -20.58338107 -0.86614173,
1.46386303 -20.58823918 -0.86614173,
1.46843045 -20.59337154 -0.86614173,
1.47269172 -20.59876080 -0.86614173,
1.47663242 -20.60438870 -0.86614173,
1.48023922 -20.61023622 -0.86614173,
1.48349992 -20.61628356 -0.86614173,
1.48640348 -20.62251026 -0.86614173,
1.48894007 -20.62889526 -0.86614173,
1.49110112 -20.63541694 -0.86614173,
1.49287932 -20.64205324 -0.86614173,
1.49426863 -20.64878171 -0.86614173,
1.49526437 -20.65557958 -0.86614173,
1.49586317 -20.66242384 -0.86614173,
1.49606299 -15.94488189 -0.86614173,
1.49606299 -17.91338583 -0.86614173,
1.49586317 -17.92025333 -0.86614173,
1.49526437 -17.92709759 -0.86614173,
1.49426863 -17.93389545 -0.86614173,
1.49287932 -17.94062392 -0.86614173,
1.49110112 -17.94726022 -0.86614173,
1.48894007 -17.95378191 -0.86614173,
1.48640348 -17.96016690 -0.86614173,
1.48349992 -17.96639360 -0.86614173,
1.48023922 -17.97244095 -0.86614173,
1.47663242 -17.97828846 -0.86614173,
1.47269172 -17.98391637 -0.86614173,
1.46843045 -17.98930562 -0.86614173,
1.46386303 -17.99443799 -0.86614173,
1.45900492 -17.99929610 -0.86614173,
1.45387255 -18.00386352 -0.86614173,
1.44848330 -18.00812479 -0.86614173,
1.44285539 -18.01206549 -0.86614173,
1.43700787 -18.01567229 -0.86614173,
1.43096053 -18.01893299 -0.86614173,
1.42473383 -18.02183655 -0.86614173,
1.41834884 -18.02437314 -0.86614173,
1.41182715 -18.02653419 -0.86614173,
1.40519085 -18.02831239 -0.86614173,
1.39846238 -18.02970170 -0.86614173,
1.39166452 -18.03069744 -0.86614173,
1.38482026 -18.03129624 -0.86614173,
1.38482026 -15.82697148 -0.86614173,
1.39166452 -15.82757027 -0.86614173,
1.39846238 -15.82856601 -0.86614173,
1.40519085 -15.82995533 -0.86614173,
1.41182715 -15.83173352 -0.86614173,
1.41834884 -15.83389457 -0.86614173,
1.42473383 -15.83643117 -0.86614173,
1.43096053 -15.83933473 -0.86614173,
1.43700787 -15.84259542 -0.86614173,
1.44285539 -15.84620223 -0.86614173,
1.44848330 -15.85014293 -0.86614173,
1.45387255 -15.85440420 -0.86614173,
1.45900492 -15.85897162 -0.86614173,
1.46386303 -15.86382973 -0.86614173,
1.46843045 -15.86896209 -0.86614173,
1.47269172 -15.87435135 -0.86614173,
1.47663242 -15.87997925 -0.86614173,
1.48023922 -15.88582677 -0.86614173,
1.48349992 -15.89187411 -0.86614173,
1.48640348 -15.89810081 -0.86614173,
1.48894007 -15.90448581 -0.86614173,
1.49110112 -15.91100749 -0.86614173,
1.49287932 -15.91764379 -0.86614173,
1.49426863 -15.92437226 -0.86614173,
1.49526437 -15.93117013 -0.86614173,
1.49586317 -15.93801439 -0.86614173,
1.41732283 -26.37795276 0.45275591,
1.41633629 -26.34498984 0.45275591,
1.41338020 -26.31214492 0.45275591,
1.40846513 -26.27953557 0.45275591,
1.40160868 -26.24727853 0.45275591,
1.39283540 -26.21548927 0.45275591,
1.38217670 -26.18428159 0.45275591,
1.36967072 -26.15376720 0.45275591,
1.35536225 -26.12405534 0.45275591,
1.33930248 -26.09525237 0.45275591,
1.32154893 -26.06746139 0.45275591,
1.30216514 -26.04078188 0.45275591,
1.28122049 -26.01530936 0.45275591,
1.25878997 -25.99113501 0.45275591,
1.23495388 -25.96834537 0.45275591,
1.20979753 -25.94702202 0.45275591,
1.18341098 -25.92724128 0.45275591,
1.15588869 -25.90907398 0.45275591,
1.12732918 -25.89258514 0.45275591,
1.09783469 -25.87783379 0.45275591,
1.06751080 -25.86487274 0.45275591,
1.03646606 -25.85374838 0.45275591,
1.00481160 -25.84450053 0.45275591,
0.97266074 -25.83716231 0.45275591,
0.94012857 -25.83175997 0.45275591,
0.90733155 -25.82831287 0.45275591,
0.87438707 -25.82683333 0.45275591,
0.84141309 -25.82732666 0.45275591,
0.80852762 -25.82979108 0.45275591,
0.77584840 -25.83421778 0.45275591,
0.74349240 -25.84059091 0.45275591,
0.71157545 -25.84888766 0.45275591,
0.68021182 -25.85907833 0.45275591,
0.64951376 -25.87112642 0.45275591,
0.61959118 -25.88498883 0.45275591,
0.59055118 -25.90061592 0.45275591,
0.56249773 -25.91795175 0.45275591,
0.53553124 -25.93693426 0.45275591,
0.50974825 -25.95749551 0.45275591,
0.48524106 -25.97956189 0.45275591,
0.46209739 -26.00305440 0.45275591,
0.44040010 -26.02788895 0.45275591,
0.42022685 -26.05397663 0.45275591,
0.40164987 -26.08122407 0.45275591,
0.38473564 -26.10953372 0.45275591,
0.36954472 -26.13880424 0.45275591,
0.35613149 -26.16893085 0.45275591,
0.34454396 -26.19980570 0.45275591,
0.33482362 -26.23131827 0.45275591,
0.32700526 -26.26335576 0.45275591,
0.32111687 -26.29580348 0.45275591,
0.31717952 -26.32854526 0.45275591,
0.31520732 -26.36146392 0.45275591,
0.31520732 -26.39444160 0.45275591,
0.31717952 -26.42736025 0.45275591,
0.32111687 -26.46010204 0.45275591,
0.32700526 -26.49254975 0.45275591,
0.33482362 -26.52458724 0.45275591,
0.34454396 -26.55609981 0.45275591,
0.35613149 -26.58697466 0.45275591,
0.36954472 -26.61710127 0.45275591,
0.38473564 -26.64637179 0.45275591,
0.40164987 -26.67468144 0.45275591,
0.42022685 -26.70192888 0.45275591,
0.44040010 -26.72801657 0.45275591,
0.46209739 -26.75285112 0.45275591,
0.48524106 -26.77634363 0.45275591,
0.50974825 -26.79841000 0.45275591,
0.53553124 -26.81897125 0.45275591,
0.56249773 -26.83795376 0.45275591,
0.59055118 -26.85528959 0.45275591,
0.61959118 -26.87091668 0.45275591,
0.64951376 -26.88477909 0.45275591,
0.68021182 -26.89682719 0.45275591,
0.71157545 -26.90701785 0.45275591,
0.74349240 -26.91531460 0.45275591,
0.77584840 -26.92168773 0.45275591,
0.80852762 -26.92611443 0.45275591,
0.84141309 -26.92857886 0.45275591,
0.87438707 -26.92907218 0.45275591,
0.90733155 -26.92759264 0.45275591,
0.94012857 -26.92414554 0.45275591,
0.97266074 -26.91874320 0.45275591,
1.00481160 -26.91140498 0.45275591,
1.03646606 -26.90215713 0.45275591,
1.06751080 -26.89103277 0.45275591,
1.09783469 -26.87807172 0.45275591,
1.12732918 -26.86332037 0.45275591,
1.15588869 -26.84683153 0.45275591,
1.18341098 -26.82866423 0.45275591,
1.20979753 -26.80888349 0.45275591,
1.23495388 -26.78756014 0.45275591,
1.25878997 -26.76477050 0.45275591,
1.28122049 -26.74059615 0.45275591,
1.30216514 -26.71512363 0.45275591,
1.32154893 -26.68844413 0.45275591,
1.33930248 -26.66065315 0.45275591,
1.35536225 -26.63185017 0.45275591,
1.36967072 -26.60213831 0.45275591,
1.38217670 -26.57162392 0.45275591,
1.39283540 -26.54041624 0.45275591,
1.40160868 -26.50862698 0.45275591,
1.40846513 -26.47636994 0.45275591,
1.41338020 -26.44376060 0.45275591,
1.41633629 -26.41091568 0.45275591,
1.41732283 -21.65354331 0.45275591,
1.41633629 -21.62058039 0.45275591,
1.41338020 -21.58773547 0.45275591,
1.40846513 -21.55512612 0.45275591,
1.40160868 -21.52286908 0.45275591,
1.39283540 -21.49107983 0.45275591,
1.38217670 -21.45987214 0.45275591,
1.36967072 -21.42935776 0.45275591,
1.35536225 -21.39964589 0.45275591,
1.33930248 -21.37084292 0.45275591,
1.32154893 -21.34305194 0.45275591,
1.30216514 -21.31637243 0.45275591,
1.28122049 -21.29089991 0.45275591,
1.25878997 -21.26672557 0.45275591,
1.23495388 -21.24393592 0.45275591,
1.20979753 -21.22261257 0.45275591,
1.18341098 -21.20283183 0.45275591,
1.15588869 -21.18466453 0.45275591,
1.12732918 -21.16817569 0.45275591,
1.09783469 -21.15342434 0.45275591,
1.06751080 -21.14046329 0.45275591,
1.03646606 -21.12933893 0.45275591,
1.00481160 -21.12009108 0.45275591,
0.97266074 -21.11275286 0.45275591,
0.94012857 -21.10735053 0.45275591,
0.90733155 -21.10390342 0.45275591,
0.87438707 -21.10242388 0.45275591,
0.84141309 -21.10291721 0.45275591,
0.80852762 -21.10538163 0.45275591,
0.77584840 -21.10980833 0.45275591,
0.74349240 -21.11618147 0.45275591,
0.71157545 -21.12447821 0.45275591,
0.68021182 -21.13466888 0.45275591,
0.64951376 -21.14671698 0.45275591,
0.61959118 -21.16057938 0.45275591,
0.59055118 -21.17620647 0.45275591,
0.56249773 -21.19354230 0.45275591,
0.53553124 -21.21252482 0.45275591,
0.50974825 -21.23308606 0.45275591,
0.48524106 -21.25515244 0.45275591,
0.46209739 -21.27864495 0.45275591,
0.44040010 -21.30347950 0.45275591,
0.42022685 -21.32956718 0.45275591,
0.40164987 -21.35681462 0.45275591,
0.38473564 -21.38512427 0.45275591,
0.36954472 -21.41439479 0.45275591,
0.35613149 -21.44452140 0.45275591,
0.34454396 -21.47539625 0.45275591,
0.33482362 -21.50690883 0.45275591,
0.32700526 -21.53894631 0.45275591,
0.32111687 -21.57139403 0.45275591,
0.31717952 -21.60413581 0.45275591,
0.31520732 -21.63705447 0.45275591,
0.31520732 -21.67003215 0.45275591,
0.31717952 -21.70295080 0.45275591,
0.32111687 -21.73569259 0.45275591,
0.32700526 -21.76814030 0.45275591,
0.33482362 -21.80017779 0.45275591,
0.34454396 -21.83169036 0.45275591,
0.35613149 -21.86256522 0.45275591,
0.36954472 -21.89269182 0.45275591,
0.38473564 -21.92196234 0.45275591,
0.40164987 -21.95027199 0.45275591,
0.42022685 -21.97751943 0.45275591,
0.44040010 -22.00360712 0.45275591,
0.46209739 -22.02844167 0.45275591,
0.48524106 -22.05193418 0.45275591,
0.50974825 -22.07400055 0.45275591,
0.53553124 -22.09456180 0.45275591,
0.56249773 -22.11354431 0.45275591,
0.59055118 -22.13088014 0.45275591,
0.61959118 -22.14650723 0.45275591,
0.64951376 -22.16036964 0.45275591,
0.68021182 -22.17241774 0.45275591,
0.71157545 -22.18260840 0.45275591,
0.74349240 -22.19090515 0.45275591,
0.77584840 -22.19727828 0.45275591,
0.80852762 -22.20170498 0.45275591,
0.84141309 -22.20416941 0.45275591,
0.87438707 -22.20466273 0.45275591,
0.90733155 -22.20318320 0.45275591,
0.94012857 -22.19973609 0.45275591,
0.97266074 -22.19433375 0.45275591,
1.00481160 -22.18699553 0.45275591,
1.03646606 -22.17774769 0.45275591,
1.06751080 -22.16662333 0.45275591,
1.09783469 -22.15366227 0.45275591,
1.12732918 -22.13891092 0.45275591,
1.15588869 -22.12242208 0.45275591,
1.18341098 -22.10425478 0.45275591,
1.20979753 -22.08447405 0.45275591,
1.23495388 -22.06315069 0.45275591,
1.25878997 -22.04036105 0.45275591,
1.28122049 -22.01618670 0.45275591,
1.30216514 -21.99071418 0.45275591,
1.32154893 -21.96403468 0.45275591,
1.33930248 -21.93624370 0.45275591,
1.35536225 -21.90744072 0.45275591,
1.36967072 -21.87772886 0.45275591,
1.38217670 -21.84721447 0.45275591,
1.39283540 -21.81600679 0.45275591,
1.40160868 -21.78421753 0.45275591,
1.40846513 -21.75196049 0.45275591,
1.41338020 -21.71935115 0.45275591,
1.41633629 -21.68650623 0.45275591,
1.41732283 -16.92913386 0.45275591,
1.41633629 -16.89617094 0.45275591,
1.41338020 -16.86332602 0.45275591,
1.40846513 -16.83071667 0.45275591,
1.40160868 -16.79845963 0.45275591,
1.39283540 -16.76667038 0.45275591,
1.38217670 -16.73546270 0.45275591,
1.36967072 -16.70494831 0.45275591,
1.35536225 -16.67523644 0.45275591,
1.33930248 -16.64643347 0.45275591,
1.32154893 -16.61864249 0.45275591,
1.30216514 -16.59196298 0.45275591,
1.28122049 -16.56649047 0.45275591,
1.25878997 -16.54231612 0.45275591,
1.23495388 -16.51952647 0.45275591,
1.20979753 -16.49820312 0.45275591,
1.18341098 -16.47842239 0.45275591,
1.15588869 -16.46025508 0.45275591,
1.12732918 -16.44376624 0.45275591,
1.09783469 -16.42901489 0.45275591,
1.06751080 -16.41605384 0.45275591,
1.03646606 -16.40492948 0.45275591,
1.00481160 -16.39568163 0.45275591,
0.97266074 -16.38834341 0.45275591,
0.94012857 -16.38294108 0.45275591,
0.90733155 -16.37949397 0.45275591,
0.87438707 -16.37801443 0.45275591,
0.84141309 -16.37850776 0.45275591,
0.80852762 -16.38097218 0.45275591,
0.77584840 -16.38539889 0.45275591,
0.74349240 -16.39177202 0.45275591,
0.71157545 -16.40006876 0.45275591,
0.68021182 -16.41025943 0.45275591,
0.64951376 -16.42230753 0.45275591,
0.61959118 -16.43616993 0.45275591,
0.59055118 -16.45179702 0.45275591,
0.56249773 -16.46913285 0.45275591,
0.53553124 -16.48811537 0.45275591,
0.50974825 -16.50867661 0.45275591,
0.48524106 -16.53074299 0.45275591,
0.46209739 -16.55423550 0.45275591,
0.44040010 -16.57907005 0.45275591,
0.42022685 -16.60515773 0.45275591,
0.40164987 -16.63240517 0.45275591,
0.38473564 -16.66071482 0.45275591,
0.36954472 -16.68998534 0.45275591,
0.35613149 -16.72011195 0.45275591,
0.34454396 -16.75098680 0.45275591,
0.33482362 -16.78249938 0.45275591,
0.32700526 -16.81453686 0.45275591,
0.32111687 -16.84698458 0.45275591,
0.31717952 -16.87972637 0.45275591,
0.31520732 -16.91264502 0.45275591,
0.31520732 -16.94562270 0.45275591,
0.31717952 -16.97854135 0.45275591,
0.32111687 -17.01128314 0.45275591,
0.32700526 -17.04373085 0.45275591,
0.33482362 -17.07576834 0.45275591,
0.34454396 -17.10728091 0.45275591,
0.35613149 -17.13815577 0.45275591,
0.36954472 -17.16828238 0.45275591,
0.38473564 -17.19755290 0.45275591,
0.40164987 -17.22586254 0.45275591,
0.42022685 -17.25310998 0.45275591,
0.44040010 -17.27919767 0.45275591,
0.46209739 -17.30403222 0.45275591,
0.48524106 -17.32752473 0.45275591,
0.50974825 -17.34959110 0.45275591,
0.53553124 -17.37015235 0.45275591,
0.56249773 -17.38913486 0.45275591,
0.59055118 -17.40647069 0.45275591,
0.61959118 -17.42209778 0.45275591,
0.64951376 -17.43596019 0.45275591,
0.68021182 -17.44800829 0.45275591,
0.71157545 -17.45819895 0.45275591,
0.74349240 -17.46649570 0.45275591,
0.77584840 -17.47286883 0.45275591,
0.80852762 -17.47729553 0.45275591,
0.84141309 -17.47975996 0.45275591,
0.87438707 -17.48025328 0.45275591,
0.90733155 -17.47877375 0.45275591,
0.94012857 -17.47532664 0.45275591,
0.97266074 -17.46992431 0.45275591,
1.00481160 -17.46258608 0.45275591,
1.03646606 -17.45333824 0.45275591,
1.06751080 -17.44221388 0.45275591,
1.09783469 -17.42925282 0.45275591,
1.12732918 -17.41450147 0.45275591,
1.15588869 -17.39801263 0.45275591,
1.18341098 -17.37984533 0.45275591,
1.20979753 -17.36006460 0.45275591,
1.23495388 -17.33874124 0.45275591,
1.25878997 -17.31595160 0.45275591,
1.28122049 -17.29177725 0.45275591,
1.30216514 -17.26630473 0.45275591,
1.32154893 -17.23962523 0.45275591,
1.33930248 -17.21183425 0.45275591,
1.35536225 -17.18303127 0.45275591,
1.36967072 -17.15331941 0.45275591,
1.38217670 -17.12280502 0.45275591,
1.39283540 -17.09159734 0.45275591,
1.40160868 -17.05980808 0.45275591,
1.40846513 -17.02755104 0.45275591,
1.41338020 -16.99494170 0.45275591,
1.41633629 -16.96209678 0.45275591,
1.39107612 -26.37795276 0.49212598,
1.36482940 -26.37795276 0.53149606,
1.33858268 -26.37795276 0.57086614,
1.33773707 -26.34969882 0.57086614,
1.33520327 -26.32154604 0.57086614,
1.33099036 -26.29359517 0.57086614,
1.32511340 -26.26594628 0.57086614,
1.31759345 -26.23869834 0.57086614,
1.30845742 -26.21194890 0.57086614,
1.29773801 -26.18579371 0.57086614,
1.28547360 -26.16032640 0.57086614,
1.27170809 -26.13563814 0.57086614,
1.25649076 -26.11181730 0.57086614,
1.23987608 -26.08894915 0.57086614,
1.22192353 -26.06711556 0.57086614,
1.20269737 -26.04639469 0.57086614,
1.18226643 -26.02686071 0.57086614,
1.16070384 -26.00858355 0.57086614,
1.13808680 -25.99162864 0.57086614,
1.11449627 -25.97605666 0.57086614,
1.09001669 -25.96192337 0.57086614,
1.06473570 -25.94927936 0.57086614,
1.03874379 -25.93816988 0.57086614,
1.01213401 -25.92863472 0.57086614,
0.98500162 -25.92070799 0.57086614,
0.95744374 -25.91441809 0.57086614,
0.92955902 -25.90978751 0.57086614,
0.90144729 -25.90683285 0.57086614,
0.87320917 -25.90556468 0.57086614,
0.84494575 -25.90598753 0.57086614,
0.81675821 -25.90809989 0.57086614,
0.78874744 -25.91189421 0.57086614,
0.76101373 -25.91735689 0.57086614,
0.73365635 -25.92446839 0.57086614,
0.70677323 -25.93320324 0.57086614,
0.68046061 -25.94353019 0.57086614,
0.65481269 -25.95541225 0.57086614,
0.62992126 -25.96880690 0.57086614,
0.60587544 -25.98366618 0.57086614,
0.58276131 -25.99993691 0.57086614,
0.56066161 -26.01756083 0.57086614,
0.53965544 -26.03647487 0.57086614,
0.51981801 -26.05661130 0.57086614,
0.50122033 -26.07789806 0.57086614,
0.48392898 -26.10025894 0.57086614,
0.46800585 -26.12361388 0.57086614,
0.45350794 -26.14787930 0.57086614,
0.44048715 -26.17296831 0.57086614,
0.42899009 -26.19879112 0.57086614,
0.41905793 -26.22525528 0.57086614,
0.41072621 -26.25226606 0.57086614,
0.40402476 -26.27972676 0.57086614,
0.39897756 -26.30753909 0.57086614,
0.39560270 -26.33560348 0.57086614,
0.39391224 -26.36381946 0.57086614,
0.39391224 -26.39208605 0.57086614,
0.39560270 -26.42030204 0.57086614,
0.39897756 -26.44836642 0.57086614,
0.40402476 -26.47617875 0.57086614,
0.41072621 -26.50363945 0.57086614,
0.41905793 -26.53065023 0.57086614,
0.42899009 -26.55711439 0.57086614,
0.44048715 -26.58293720 0.57086614,
0.45350794 -26.60802622 0.57086614,
0.46800585 -26.63229163 0.57086614,
0.48392898 -26.65564658 0.57086614,
0.50122033 -26.67800745 0.57086614,
0.51981801 -26.69929421 0.57086614,
0.53965544 -26.71943064 0.57086614,
0.56066161 -26.73834468 0.57086614,
0.58276131 -26.75596861 0.57086614,
0.60587544 -26.77223933 0.57086614,
0.62992126 -26.78709862 0.57086614,
0.65481269 -26.80049326 0.57086614,
0.68046061 -26.81237533 0.57086614,
0.70677323 -26.82270227 0.57086614,
0.73365635 -26.83143712 0.57086614,
0.76101373 -26.83854862 0.57086614,
0.78874744 -26.84401130 0.57086614,
0.81675821 -26.84780562 0.57086614,
0.84494575 -26.84991798 0.57086614,
0.87320917 -26.85034084 0.57086614,
0.90144729 -26.84907266 0.57086614,
0.92955902 -26.84611800 0.57086614,
0.95744374 -26.84148743 0.57086614,
0.98500162 -26.83519752 0.57086614,
1.01213401 -26.82727080 0.57086614,
1.03874379 -26.81773563 0.57086614,
1.06473570 -26.80662615 0.57086614,
1.09001669 -26.79398214 0.57086614,
1.11449627 -26.77984885 0.57086614,
1.13808680 -26.76427688 0.57086614,
1.16070384 -26.74732196 0.57086614,
1.18226643 -26.72904480 0.57086614,
1.20269737 -26.70951082 0.57086614,
1.22192353 -26.68878995 0.57086614,
1.23987608 -26.66695636 0.57086614,
1.25649076 -26.64408822 0.57086614,
1.27170809 -26.62026738 0.57086614,
1.28547360 -26.59557911 0.57086614,
1.29773801 -26.57011180 0.57086614,
1.30845742 -26.54395661 0.57086614,
1.31759345 -26.51720717 0.57086614,
1.32511340 -26.48995923 0.57086614,
1.33099036 -26.46231034 0.57086614,
1.33520327 -26.43435948 0.57086614,
1.33773707 -26.40620669 0.57086614,
1.38739165 -26.31586710 0.49212598,
1.36132916 -26.31897138 0.53149606,
1.37638998 -26.25465299 0.49212598,
1.35087757 -26.26081798 0.53149606,
1.35822554 -26.19516975 0.49212598,
1.33362135 -26.20430890 0.53149606,
1.33315333 -26.13825237 0.49212598,
1.30980275 -26.15023739 0.53149606,
1.30152529 -26.08469986 0.49212598,
1.27975612 -26.09936251 0.53149606,
1.26378543 -26.03526398 0.49212598,
1.24390324 -26.05239842 0.53149606,
1.22046352 -25.99063870 0.49212598,
1.20274743 -26.01000440 0.53149606,
1.17216771 -25.95145046 0.49212598,
1.15686641 -25.97277557 0.53149606,
1.11957596 -25.91824937 0.49212598,
1.10690425 -25.94123454 0.53149606,
1.06342655 -25.89150152 0.49212598,
1.05356231 -25.91582408 0.53149606,
1.00450770 -25.87158237 0.49212598,
0.99758940 -25.89690089 0.53149606,
0.94364649 -25.85877156 0.49212598,
0.93977125 -25.88473062 0.53149606,
0.88169728 -25.85324890 0.49212598,
0.88091951 -25.87948410 0.53149606,
0.81952971 -25.85509195 0.49212598,
0.82186031 -25.88123499 0.53149606,
0.75801647 -25.86427481 0.49212598,
0.76342274 -25.88995870 0.53149606,
0.69802107 -25.88066858 0.49212598,
0.70642711 -25.90553279 0.53149606,
0.64038572 -25.90404313 0.49212598,
0.65167352 -25.92773861 0.53149606,
0.58591949 -25.93407034 0.49212598,
0.59993060 -25.95626446 0.53149606,
0.53538696 -25.97032868 0.49212598,
0.55192470 -25.99070988 0.53149606,
0.48949750 -26.01230917 0.49212598,
0.50832971 -26.03059135 0.53149606,
0.44889531 -26.05942250 0.49212598,
0.46975763 -26.07534901 0.53149606,
0.41415034 -26.11100729 0.49212598,
0.43674990 -26.12435456 0.53149606,
0.38575033 -26.16633941 0.49212598,
0.40976990 -26.17692007 0.53149606,
0.36409397 -26.22464212 0.49212598,
0.38919636 -26.23230765 0.53149606,
0.34948526 -26.28509697 0.49212598,
0.37531808 -26.28973976 0.53149606,
0.34212927 -26.34685531 0.49212598,
0.36832990 -26.34841019 0.53149606,
0.34212927 -26.40905020 0.49212598,
0.36832990 -26.40749533 0.53149606,
0.34948526 -26.47080854 0.49212598,
0.37531808 -26.46616575 0.53149606,
0.36409397 -26.53126340 0.49212598,
0.38919636 -26.52359786 0.53149606,
0.38575033 -26.58956610 0.49212598,
0.40976990 -26.57898544 0.53149606,
0.41415034 -26.64489823 0.49212598,
0.43674990 -26.63155095 0.53149606,
0.44889531 -26.69648302 0.49212598,
0.46975763 -26.68055650 0.53149606,
0.48949750 -26.74359634 0.49212598,
0.50832971 -26.72531416 0.53149606,
0.53538696 -26.78557683 0.49212598,
0.55192470 -26.76519563 0.53149606,
0.58591949 -26.82183517 0.49212598,
0.59993060 -26.79964105 0.53149606,
0.64038572 -26.85186238 0.49212598,
0.65167352 -26.82816690 0.53149606,
0.69802107 -26.87523693 0.49212598,
0.70642711 -26.85037272 0.53149606,
0.75801647 -26.89163070 0.49212598,
0.76342274 -26.86594681 0.53149606,
0.81952971 -26.90081357 0.49212598,
0.82186031 -26.87467053 0.53149606,
0.88169728 -26.90265661 0.49212598,
0.88091951 -26.87642141 0.53149606,
0.94364649 -26.89713396 0.49212598,
0.93977125 -26.87117490 0.53149606,
1.00450770 -26.88432314 0.49212598,
0.99758940 -26.85900462 0.53149606,
1.06342655 -26.86440399 0.49212598,
1.05356231 -26.84008143 0.53149606,
1.11957596 -26.83765614 0.49212598,
1.10690425 -26.81467097 0.53149606,
1.17216771 -26.80445505 0.49212598,
1.15686641 -26.78312994 0.53149606,
1.22046352 -26.76526681 0.49212598,
1.20274743 -26.74590111 0.53149606,
1.26378543 -26.72064153 0.49212598,
1.24390324 -26.70350709 0.53149606,
1.30152529 -26.67120565 0.49212598,
1.27975612 -26.65654301 0.53149606,
1.33315333 -26.61765314 0.49212598,
1.30980275 -26.60566812 0.53149606,
1.35822554 -26.56073577 0.49212598,
1.33362135 -26.55159662 0.53149606,
1.37638998 -26.50125252 0.49212598,
1.35087757 -26.49508753 0.53149606,
1.38739165 -26.44003841 0.49212598,
1.36132916 -26.43693413 0.53149606,
1.39107612 -21.65354331 0.49212598,
1.36482940 -21.65354331 0.53149606,
1.33858268 -21.65354331 0.57086614,
1.33773707 -21.62528938 0.57086614,
1.33520327 -21.59713659 0.57086614,
1.33099036 -21.56918572 0.57086614,
1.32511340 -21.54153683 0.57086614,
1.31759345 -21.51428889 0.57086614,
1.30845742 -21.48753945 0.57086614,
1.29773801 -21.46138426 0.57086614,
1.28547360 -21.43591695 0.57086614,
1.27170809 -21.41122869 0.57086614,
1.25649076 -21.38740785 0.57086614,
1.23987608 -21.36453970 0.57086614,
1.22192353 -21.34270611 0.57086614,
1.20269737 -21.32198524 0.57086614,
1.18226643 -21.30245126 0.57086614,
1.16070384 -21.28417410 0.57086614,
1.13808680 -21.26721919 0.57086614,
1.11449627 -21.25164721 0.57086614,
1.09001669 -21.23751392 0.57086614,
1.06473570 -21.22486991 0.57086614,
1.03874379 -21.21376043 0.57086614,
1.01213401 -21.20422527 0.57086614,
0.98500162 -21.19629854 0.57086614,
0.95744374 -21.19000864 0.57086614,
0.92955902 -21.18537807 0.57086614,
0.90144729 -21.18242340 0.57086614,
0.87320917 -21.18115523 0.57086614,
0.84494575 -21.18157808 0.57086614,
0.81675821 -21.18369044 0.57086614,
0.78874744 -21.18748476 0.57086614,
0.76101373 -21.19294744 0.57086614,
0.73365635 -21.20005894 0.57086614,
0.70677323 -21.20879380 0.57086614,
0.68046061 -21.21912074 0.57086614,
0.65481269 -21.23100280 0.57086614,
0.62992126 -21.24439745 0.57086614,
0.60587544 -21.25925673 0.57086614,
0.58276131 -21.27552746 0.57086614,
0.56066161 -21.29315138 0.57086614,
0.53965544 -21.31206542 0.57086614,
0.51981801 -21.33220186 0.57086614,
0.50122033 -21.35348861 0.57086614,
0.48392898 -21.37584949 0.57086614,
0.46800585 -21.39920443 0.57086614,
0.45350794 -21.42346985 0.57086614,
0.44048715 -21.44855886 0.57086614,
0.42899009 -21.47438167 0.57086614,
0.41905793 -21.50084583 0.57086614,
0.41072621 -21.52785661 0.57086614,
0.40402476 -21.55531731 0.57086614,
0.39897756 -21.58312964 0.57086614,
0.39560270 -21.61119403 0.57086614,
0.39391224 -21.63941002 0.57086614,
0.39391224 -21.66767660 0.57086614,
0.39560270 -21.69589259 0.57086614,
0.39897756 -21.72395698 0.57086614,
0.40402476 -21.75176930 0.57086614,
0.41072621 -21.77923001 0.57086614,
0.41905793 -21.80624078 0.57086614,
0.42899009 -21.83270494 0.57086614,
0.44048715 -21.85852775 0.57086614,
0.45350794 -21.88361677 0.57086614,
0.46800585 -21.90788218 0.57086614,
0.48392898 -21.93123713 0.57086614,
0.50122033 -21.95359800 0.57086614,
0.51981801 -21.97488476 0.57086614,
0.53965544 -21.99502120 0.57086614,
0.56066161 -22.01393523 0.57086614,
0.58276131 -22.03155916 0.57086614,
0.60587544 -22.04782988 0.57086614,
0.62992126 -22.06268917 0.57086614,
0.65481269 -22.07608381 0.57086614,
0.68046061 -22.08796588 0.57086614,
0.70677323 -22.09829282 0.57086614,
0.73365635 -22.10702767 0.57086614,
0.76101373 -22.11413917 0.57086614,
0.78874744 -22.11960186 0.57086614,
0.81675821 -22.12339617 0.57086614,
0.84494575 -22.12550854 0.57086614,
0.87320917 -22.12593139 0.57086614,
0.90144729 -22.12466321 0.57086614,
0.92955902 -22.12170855 0.57086614,
0.95744374 -22.11707798 0.57086614,
0.98500162 -22.11078807 0.57086614,
1.01213401 -22.10286135 0.57086614,
1.03874379 -22.09332618 0.57086614,
1.06473570 -22.08221671 0.57086614,
1.09001669 -22.06957269 0.57086614,
1.11449627 -22.05543940 0.57086614,
1.13808680 -22.03986743 0.57086614,
1.16070384 -22.02291251 0.57086614,
1.18226643 -22.00463535 0.57086614,
1.20269737 -21.98510137 0.57086614,
1.22192353 -21.96438050 0.57086614,
1.23987608 -21.94254691 0.57086614,
1.25649076 -21.91967877 0.57086614,
1.27170809 -21.89585793 0.57086614,
1.28547360 -21.87116966 0.57086614,
1.29773801 -21.84570235 0.57086614,
1.30845742 -21.81954716 0.57086614,
1.31759345 -21.79279772 0.57086614,
1.32511340 -21.76554978 0.57086614,
1.33099036 -21.73790090 0.57086614,
1.33520327 -21.70995003 0.57086614,
1.33773707 -21.68179724 0.57086614,
1.38739165 -21.59145765 0.49212598,
1.36132916 -21.59456194 0.53149606,
1.37638998 -21.53024355 0.49212598,
1.35087757 -21.53640853 0.53149606,
1.35822554 -21.47076030 0.49212598,
1.33362135 -21.47989945 0.53149606,
1.33315333 -21.41384292 0.49212598,
1.30980275 -21.42582794 0.53149606,
1.30152529 -21.36029041 0.49212598,
1.27975612 -21.37495306 0.53149606,
1.26378543 -21.31085453 0.49212598,
1.24390324 -21.32798897 0.53149606,
1.22046352 -21.26622925 0.49212598,
1.20274743 -21.28559495 0.53149606,
1.17216771 -21.22704101 0.49212598,
1.15686641 -21.24836612 0.53149606,
1.11957596 -21.19383993 0.49212598,
1.10690425 -21.21682509 0.53149606,
1.06342655 -21.16709207 0.49212598,
1.05356231 -21.19141463 0.53149606,
1.00450770 -21.14717292 0.49212598,
0.99758940 -21.17249144 0.53149606,
0.94364649 -21.13436211 0.49212598,
0.93977125 -21.16032117 0.53149606,
0.88169728 -21.12883946 0.49212598,
0.88091951 -21.15507465 0.53149606,
0.81952971 -21.13068250 0.49212598,
0.82186031 -21.15682554 0.53149606,
0.75801647 -21.13986536 0.49212598,
0.76342274 -21.16554926 0.53149606,
0.69802107 -21.15625913 0.49212598,
0.70642711 -21.18112334 0.53149606,
0.64038572 -21.17963369 0.49212598,
0.65167352 -21.20332917 0.53149606,
0.58591949 -21.20966089 0.49212598,
0.59993060 -21.23185501 0.53149606,
0.53538696 -21.24591923 0.49212598,
0.55192470 -21.26630044 0.53149606,
0.48949750 -21.28789972 0.49212598,
0.50832971 -21.30618190 0.53149606,
0.44889531 -21.33501305 0.49212598,
0.46975763 -21.35093956 0.53149606,
0.41415034 -21.38659784 0.49212598,
0.43674990 -21.39994511 0.53149606,
0.38575033 -21.44192996 0.49212598,
0.40976990 -21.45251063 0.53149606,
0.36409397 -21.50023267 0.49212598,
0.38919636 -21.50789820 0.53149606,
0.34948526 -21.56068752 0.49212598,
0.37531808 -21.56533031 0.53149606,
0.34212927 -21.62244586 0.49212598,
0.36832990 -21.62400074 0.53149606,
0.34212927 -21.68464075 0.49212598,
0.36832990 -21.68308588 0.53149606,
0.34948526 -21.74639909 0.49212598,
0.37531808 -21.74175631 0.53149606,
0.36409397 -21.80685395 0.49212598,
0.38919636 -21.79918842 0.53149606,
0.38575033 -21.86515666 0.49212598,
0.40976990 -21.85457599 0.53149606,
0.41415034 -21.92048878 0.49212598,
0.43674990 -21.90714150 0.53149606,
0.44889531 -21.97207357 0.49212598,
0.46975763 -21.95614705 0.53149606,
0.48949750 -22.01918689 0.49212598,
0.50832971 -22.00090471 0.53149606,
0.53538696 -22.06116738 0.49212598,
0.55192470 -22.04078618 0.53149606,
0.58591949 -22.09742572 0.49212598,
0.59993060 -22.07523160 0.53149606,
0.64038572 -22.12745293 0.49212598,
0.65167352 -22.10375745 0.53149606,
0.69802107 -22.15082748 0.49212598,
0.70642711 -22.12596327 0.53149606,
0.75801647 -22.16722126 0.49212598,
0.76342274 -22.14153736 0.53149606,
0.81952971 -22.17640412 0.49212598,
0.82186031 -22.15026108 0.53149606,
0.88169728 -22.17824716 0.49212598,
0.88091951 -22.15201197 0.53149606,
0.94364649 -22.17272451 0.49212598,
0.93977125 -22.14676545 0.53149606,
1.00450770 -22.15991369 0.49212598,
0.99758940 -22.13459517 0.53149606,
1.06342655 -22.13999454 0.49212598,
1.05356231 -22.11567198 0.53149606,
1.11957596 -22.11324669 0.49212598,
1.10690425 -22.09026152 0.53149606,
1.17216771 -22.08004561 0.49212598,
1.15686641 -22.05872049 0.53149606,
1.22046352 -22.04085736 0.49212598,
1.20274743 -22.02149166 0.53149606,
1.26378543 -21.99623208 0.49212598,
1.24390324 -21.97909764 0.53149606,
1.30152529 -21.94679620 0.49212598,
1.27975612 -21.93213356 0.53149606,
1.33315333 -21.89324369 0.49212598,
1.30980275 -21.88125867 0.53149606,
1.35822554 -21.83632632 0.49212598,
1.33362135 -21.82718717 0.53149606,
1.37638998 -21.77684307 0.49212598,
1.35087757 -21.77067808 0.53149606,
1.38739165 -21.71562896 0.49212598,
1.36132916 -21.71252468 0.53149606,
1.39107612 -16.92913386 0.49212598,
1.36482940 -16.92913386 0.53149606,
1.33858268 -16.92913386 0.57086614,
1.33773707 -16.90087993 0.57086614,
1.33520327 -16.87272714 0.57086614,
1.33099036 -16.84477627 0.57086614,
1.32511340 -16.81712738 0.57086614,
1.31759345 -16.78987945 0.57086614,
1.30845742 -16.76313000 0.57086614,
1.29773801 -16.73697481 0.57086614,
1.28547360 -16.71150750 0.57086614,
1.27170809 -16.68681924 0.57086614,
1.25649076 -16.66299840 0.57086614,
1.23987608 -16.64013025 0.57086614,
1.22192353 -16.61829666 0.57086614,
1.20269737 -16.59757579 0.57086614,
1.18226643 -16.57804181 0.57086614,
1.16070384 -16.55976465 0.57086614,
1.13808680 -16.54280974 0.57086614,
1.11449627 -16.52723776 0.57086614,
1.09001669 -16.51310447 0.57086614,
1.06473570 -16.50046046 0.57086614,
1.03874379 -16.48935098 0.57086614,
1.01213401 -16.47981582 0.57086614,
0.98500162 -16.47188910 0.57086614,
0.95744374 -16.46559919 0.57086614,
0.92955902 -16.46096862 0.57086614,
0.90144729 -16.45801395 0.57086614,
0.87320917 -16.45674578 0.57086614,
0.84494575 -16.45716863 0.57086614,
0.81675821 -16.45928099 0.57086614,
0.78874744 -16.46307531 0.57086614,
0.76101373 -16.46853799 0.57086614,
0.73365635 -16.47564949 0.57086614,
0.70677323 -16.48438435 0.57086614,
0.68046061 -16.49471129 0.57086614,
0.65481269 -16.50659335 0.57086614,
0.62992126 -16.51998800 0.57086614,
0.60587544 -16.53484728 0.57086614,
0.58276131 -16.55111801 0.57086614,
0.56066161 -16.56874193 0.57086614,
0.53965544 -16.58765597 0.57086614,
0.51981801 -16.60779241 0.57086614,
0.50122033 -16.62907916 0.57086614,
0.48392898 -16.65144004 0.57086614,
0.46800585 -16.67479498 0.57086614,
0.45350794 -16.69906040 0.57086614,
0.44048715 -16.72414941 0.57086614,
0.42899009 -16.74997222 0.57086614,
0.41905793 -16.77643638 0.57086614,
0.41072621 -16.80344716 0.57086614,
0.40402476 -16.83090786 0.57086614,
0.39897756 -16.85872019 0.57086614,
0.39560270 -16.88678458 0.57086614,
0.39391224 -16.91500057 0.57086614,
0.39391224 -16.94326715 0.57086614,
0.39560270 -16.97148314 0.57086614,
0.39897756 -16.99954753 0.57086614,
0.40402476 -17.02735985 0.57086614,
0.41072621 -17.05482056 0.57086614,
0.41905793 -17.08183133 0.57086614,
0.42899009 -17.10829549 0.57086614,
0.44048715 -17.13411830 0.57086614,
0.45350794 -17.15920732 0.57086614,
0.46800585 -17.18347273 0.57086614,
0.48392898 -17.20682768 0.57086614,
0.50122033 -17.22918855 0.57086614,
0.51981801 -17.25047531 0.57086614,
0.53965544 -17.27061175 0.57086614,
0.56066161 -17.28952578 0.57086614,
0.58276131 -17.30714971 0.57086614,
0.60587544 -17.32342043 0.57086614,
0.62992126 -17.33827972 0.57086614,
0.65481269 -17.35167437 0.57086614,
0.68046061 -17.36355643 0.57086614,
0.70677323 -17.37388337 0.57086614,
0.73365635 -17.38261822 0.57086614,
0.76101373 -17.38972972 0.57086614,
0.78874744 -17.39519241 0.57086614,
0.81675821 -17.39898672 0.57086614,
0.84494575 -17.40109909 0.57086614,
0.87320917 -17.40152194 0.57086614,
0.90144729 -17.40025376 0.57086614,
0.92955902 -17.39729910 0.57086614,
0.95744374 -17.39266853 0.57086614,
0.98500162 -17.38637862 0.57086614,
1.01213401 -17.37845190 0.57086614,
1.03874379 -17.36891673 0.57086614,
1.06473570 -17.35780726 0.57086614,
1.09001669 -17.34516324 0.57086614,
1.11449627 -17.33102995 0.57086614,
1.13808680 -17.31545798 0.57086614,
1.16070384 -17.29850306 0.57086614,
1.18226643 -17.28022590 0.57086614,
1.20269737 -17.26069192 0.57086614,
1.22192353 -17.23997105 0.57086614,
1.23987608 -17.21813746 0.57086614,
1.25649076 -17.19526932 0.57086614,
1.27170809 -17.17144848 0.57086614,
1.28547360 -17.14676021 0.57086614,
1.29773801 -17.12129290 0.57086614,
1.30845742 -17.09513771 0.57086614,
1.31759345 -17.06838827 0.57086614,
1.32511340 -17.04114034 0.57086614,
1.33099036 -17.01349145 0.57086614,
1.33520327 -16.98554058 0.57086614,
1.33773707 -16.95738779 0.57086614,
1.38739165 -16.86704820 0.49212598,
1.36132916 -16.87015249 0.53149606,
1.37638998 -16.80583410 0.49212598,
1.35087757 -16.81199908 0.53149606,
1.35822554 -16.74635085 0.49212598,
1.33362135 -16.75549000 0.53149606,
1.33315333 -16.68943347 0.49212598,
1.30980275 -16.70141849 0.53149606,
1.30152529 -16.63588096 0.49212598,
1.27975612 -16.65054361 0.53149606,
1.26378543 -16.58644508 0.49212598,
1.24390324 -16.60357952 0.53149606,
1.22046352 -16.54181980 0.49212598,
1.20274743 -16.56118550 0.53149606,
1.17216771 -16.50263156 0.49212598,
1.15686641 -16.52395668 0.53149606,
1.11957596 -16.46943048 0.49212598,
1.10690425 -16.49241565 0.53149606,
1.06342655 -16.44268262 0.49212598,
1.05356231 -16.46700518 0.53149606,
1.00450770 -16.42276347 0.49212598,
0.99758940 -16.44808199 0.53149606,
0.94364649 -16.40995266 0.49212598,
0.93977125 -16.43591172 0.53149606,
0.88169728 -16.40443001 0.49212598,
0.88091951 -16.43066520 0.53149606,
0.81952971 -16.40627305 0.49212598,
0.82186031 -16.43241609 0.53149606,
0.75801647 -16.41545591 0.49212598,
0.76342274 -16.44113981 0.53149606,
0.69802107 -16.43184968 0.49212598,
0.70642711 -16.45671389 0.53149606,
0.64038572 -16.45522424 0.49212598,
0.65167352 -16.47891972 0.53149606,
0.58591949 -16.48525144 0.49212598,
0.59993060 -16.50744556 0.53149606,
0.53538696 -16.52150978 0.49212598,
0.55192470 -16.54189099 0.53149606,
0.48949750 -16.56349027 0.49212598,
0.50832971 -16.58177245 0.53149606,
0.44889531 -16.61060360 0.49212598,
0.46975763 -16.62653011 0.53149606,
0.41415034 -16.66218839 0.49212598,
0.43674990 -16.67553566 0.53149606,
0.38575033 -16.71752051 0.49212598,
0.40976990 -16.72810118 0.53149606,
0.36409397 -16.77582322 0.49212598,
0.38919636 -16.78348875 0.53149606,
0.34948526 -16.83627807 0.49212598,
0.37531808 -16.84092086 0.53149606,
0.34212927 -16.89803642 0.49212598,
0.36832990 -16.89959129 0.53149606,
0.34212927 -16.96023130 0.49212598,
0.36832990 -16.95867643 0.53149606,
0.34948526 -17.02198965 0.49212598,
0.37531808 -17.01734686 0.53149606,
0.36409397 -17.08244450 0.49212598,
0.38919636 -17.07477897 0.53149606,
0.38575033 -17.14074721 0.49212598,
0.40976990 -17.13016654 0.53149606,
0.41415034 -17.19607933 0.49212598,
0.43674990 -17.18273205 0.53149606,
0.44889531 -17.24766412 0.49212598,
0.46975763 -17.23173761 0.53149606,
0.48949750 -17.29477744 0.49212598,
0.50832971 -17.27649526 0.53149606,
0.53538696 -17.33675793 0.49212598,
0.55192470 -17.31637673 0.53149606,
0.58591949 -17.37301627 0.49212598,
0.59993060 -17.35082215 0.53149606,
0.64038572 -17.40304348 0.49212598,
0.65167352 -17.37934800 0.53149606,
0.69802107 -17.42641803 0.49212598,
0.70642711 -17.40155382 0.53149606,
0.75801647 -17.44281181 0.49212598,
0.76342274 -17.41712791 0.53149606,
0.81952971 -17.45199467 0.49212598,
0.82186031 -17.42585163 0.53149606,
0.88169728 -17.45383771 0.49212598,
0.88091951 -17.42760252 0.53149606,
0.94364649 -17.44831506 0.49212598,
0.93977125 -17.42235600 0.53149606,
1.00450770 -17.43550424 0.49212598,
0.99758940 -17.41018572 0.53149606,
1.06342655 -17.41558510 0.49212598,
1.05356231 -17.39126253 0.53149606,
1.11957596 -17.38883724 0.49212598,
1.10690425 -17.36585207 0.53149606,
1.17216771 -17.35563616 0.49212598,
1.15686641 -17.33431104 0.53149606,
1.22046352 -17.31644792 0.49212598,
1.20274743 -17.29708221 0.53149606,
1.26378543 -17.27182263 0.49212598,
1.24390324 -17.25468820 0.53149606,
1.30152529 -17.22238675 0.49212598,
1.27975612 -17.20772411 0.53149606,
1.33315333 -17.16883425 0.49212598,
1.30980275 -17.15684923 0.53149606,
1.35822554 -17.11191687 0.49212598,
1.33362135 -17.10277772 0.53149606,
1.37638998 -17.05243362 0.49212598,
1.35087757 -17.04626863 0.53149606,
1.38739165 -16.99121951 0.49212598,
1.36132916 -16.98811523 0.53149606
] } coordIndex [
0,3,2,-1,
1,3,0,-1,
4,1,0,-1,
5,1,4,-1,
6,2,3,-1,
7,6,3,-1,
10,9,0,-1,
13,10,0,-1,
14,13,0,-1,
17,14,0,-1,
18,17,0,-1,
21,18,0,-1,
22,21,0,-1,
4,9,8,-1,
4,8,11,-1,
4,0,9,-1,
12,11,10,-1,
12,4,11,-1,
12,10,13,-1,
15,14,17,-1,
15,4,12,-1,
16,15,17,-1,
16,4,15,-1,
19,4,16,-1,
2,26,25,-1,
2,30,29,-1,
2,22,0,-1,
2,25,22,-1,
2,29,26,-1,
20,19,18,-1,
20,18,21,-1,
20,4,19,-1,
33,30,2,-1,
23,4,20,-1,
34,33,2,-1,
37,34,2,-1,
24,23,22,-1,
24,22,25,-1,
38,37,2,-1,
28,27,26,-1,
28,26,29,-1,
32,31,30,-1,
32,30,33,-1,
36,35,34,-1,
36,34,37,-1,
6,35,36,-1,
6,24,27,-1,
6,28,31,-1,
6,32,35,-1,
6,36,39,-1,
6,4,23,-1,
6,27,28,-1,
6,23,24,-1,
6,31,32,-1,
6,38,2,-1,
6,39,38,-1,
7,41,6,-1,
42,6,41,-1,
40,41,7,-1,
44,42,43,-1,
44,45,42,-1,
48,46,47,-1,
48,49,46,-1,
55,57,50,-1,
56,57,55,-1,
51,54,55,-1,
4,50,57,-1,
58,4,57,-1,
52,53,54,-1,
52,54,51,-1,
60,58,59,-1,
60,4,58,-1,
63,61,62,-1,
5,60,61,-1,
5,4,60,-1,
5,61,63,-1,
4,6,42,-1,
4,42,45,-1,
4,45,46,-1,
4,46,49,-1,
4,49,50,-1,
50,51,55,-1,
69,1,64,-1,
66,69,64,-1,
68,67,66,-1,
65,68,66,-1,
65,66,64,-1,
72,74,73,-1,
72,71,74,-1,
76,70,71,-1,
76,79,70,-1,
76,71,72,-1,
75,77,76,-1,
75,78,77,-1,
75,76,72,-1,
83,81,84,-1,
82,81,83,-1,
5,64,1,-1,
86,80,81,-1,
86,89,80,-1,
88,87,86,-1,
85,81,82,-1,
85,88,86,-1,
85,86,81,-1,
63,64,5,-1,
92,94,93,-1,
92,91,94,-1,
95,91,92,-1,
95,90,91,-1,
95,3,90,-1,
7,3,95,-1,
7,95,40,-1,
3,1,70,-1,
70,1,69,-1,
3,70,79,-1,
3,79,80,-1,
3,80,89,-1,
3,89,90,-1,
96,8,9,-1,
96,9,97,-1,
96,11,8,-1,
96,98,11,-1,
98,10,11,-1,
98,99,10,-1,
97,9,10,-1,
97,10,99,-1,
100,12,13,-1,
100,13,101,-1,
100,15,12,-1,
100,102,15,-1,
101,13,14,-1,
101,14,103,-1,
102,14,15,-1,
102,103,14,-1,
104,16,17,-1,
104,17,105,-1,
104,19,16,-1,
104,106,19,-1,
105,17,18,-1,
105,18,107,-1,
106,18,19,-1,
106,107,18,-1,
108,20,21,-1,
108,21,109,-1,
108,23,20,-1,
108,110,23,-1,
109,21,22,-1,
109,22,111,-1,
110,22,23,-1,
110,111,22,-1,
112,24,25,-1,
112,25,113,-1,
112,27,24,-1,
112,114,27,-1,
113,25,26,-1,
113,26,115,-1,
114,26,27,-1,
114,115,26,-1,
116,28,29,-1,
116,29,117,-1,
116,31,28,-1,
116,118,31,-1,
117,29,30,-1,
117,30,119,-1,
118,30,31,-1,
118,119,30,-1,
120,32,33,-1,
120,33,121,-1,
120,35,32,-1,
120,122,35,-1,
121,33,34,-1,
121,34,123,-1,
122,34,35,-1,
122,123,34,-1,
124,36,37,-1,
124,37,125,-1,
124,39,36,-1,
124,126,39,-1,
125,37,38,-1,
125,38,127,-1,
126,38,39,-1,
126,127,38,-1,
99,128,97,-1,
101,129,128,-1,
101,128,99,-1,
103,129,101,-1,
98,101,99,-1,
100,101,98,-1,
58,96,97,-1,
58,98,96,-1,
58,97,128,-1,
58,100,98,-1,
57,102,100,-1,
57,100,58,-1,
57,129,103,-1,
57,103,102,-1,
107,130,105,-1,
109,131,130,-1,
109,130,107,-1,
111,131,109,-1,
106,109,107,-1,
108,109,106,-1,
50,104,105,-1,
50,106,104,-1,
50,105,130,-1,
49,110,108,-1,
49,106,50,-1,
49,108,106,-1,
49,131,111,-1,
49,111,110,-1,
115,132,113,-1,
117,133,132,-1,
117,132,115,-1,
119,133,117,-1,
114,117,115,-1,
116,117,114,-1,
46,112,113,-1,
46,114,112,-1,
46,113,132,-1,
46,116,114,-1,
45,118,116,-1,
45,116,46,-1,
45,133,119,-1,
45,119,118,-1,
123,135,134,-1,
123,134,121,-1,
125,135,123,-1,
127,135,125,-1,
124,123,122,-1,
124,125,123,-1,
42,120,121,-1,
42,122,120,-1,
42,121,134,-1,
41,126,124,-1,
41,124,122,-1,
41,122,42,-1,
41,135,127,-1,
41,127,126,-1,
137,69,136,-1,
70,69,137,-1,
69,66,138,-1,
69,138,136,-1,
139,164,165,-1,
140,165,166,-1,
140,139,165,-1,
141,166,167,-1,
141,140,166,-1,
142,167,168,-1,
142,141,167,-1,
143,168,169,-1,
143,142,168,-1,
144,169,170,-1,
144,143,169,-1,
145,170,171,-1,
145,144,170,-1,
146,171,172,-1,
146,145,171,-1,
147,172,173,-1,
147,146,172,-1,
148,173,174,-1,
148,147,173,-1,
149,148,174,-1,
149,174,175,-1,
150,149,175,-1,
150,175,176,-1,
151,150,176,-1,
151,176,177,-1,
152,151,177,-1,
152,177,178,-1,
153,152,178,-1,
153,178,179,-1,
154,153,179,-1,
154,179,180,-1,
155,154,180,-1,
155,180,181,-1,
156,155,181,-1,
156,181,182,-1,
157,156,182,-1,
157,182,183,-1,
158,157,183,-1,
158,183,184,-1,
159,158,184,-1,
159,184,185,-1,
160,159,185,-1,
160,185,186,-1,
161,160,186,-1,
161,186,187,-1,
162,187,188,-1,
162,161,187,-1,
65,188,189,-1,
65,162,188,-1,
163,162,65,-1,
68,189,190,-1,
68,65,189,-1,
67,190,138,-1,
67,68,190,-1,
66,67,138,-1,
128,129,191,-1,
192,163,65,-1,
192,128,191,-1,
64,128,192,-1,
65,64,192,-1,
194,79,193,-1,
80,79,194,-1,
79,76,195,-1,
79,195,193,-1,
196,221,222,-1,
197,222,223,-1,
197,196,222,-1,
198,223,224,-1,
198,197,223,-1,
199,224,225,-1,
199,198,224,-1,
200,225,226,-1,
200,199,225,-1,
201,226,227,-1,
201,200,226,-1,
202,227,228,-1,
202,201,227,-1,
203,228,229,-1,
203,202,228,-1,
204,229,230,-1,
204,203,229,-1,
205,230,231,-1,
205,204,230,-1,
206,205,231,-1,
206,231,232,-1,
207,206,232,-1,
207,232,233,-1,
208,207,233,-1,
208,233,234,-1,
209,208,234,-1,
209,234,235,-1,
210,209,235,-1,
210,235,236,-1,
211,210,236,-1,
211,236,237,-1,
212,211,237,-1,
212,237,238,-1,
213,212,238,-1,
213,238,239,-1,
214,213,239,-1,
214,239,240,-1,
215,214,240,-1,
215,240,241,-1,
216,215,241,-1,
216,241,242,-1,
217,216,242,-1,
217,242,243,-1,
218,217,243,-1,
218,243,244,-1,
219,244,245,-1,
219,218,244,-1,
75,245,246,-1,
75,219,245,-1,
220,219,75,-1,
78,246,247,-1,
78,75,246,-1,
77,247,195,-1,
77,78,247,-1,
76,77,195,-1,
130,131,251,-1,
252,220,75,-1,
250,130,251,-1,
249,251,252,-1,
249,250,251,-1,
72,248,249,-1,
75,72,249,-1,
75,249,252,-1,
74,71,253,-1,
74,253,254,-1,
73,254,255,-1,
73,74,254,-1,
72,255,256,-1,
72,73,255,-1,
282,256,257,-1,
282,248,72,-1,
282,72,256,-1,
283,257,258,-1,
283,282,257,-1,
284,258,259,-1,
284,283,258,-1,
285,259,260,-1,
285,284,259,-1,
286,260,261,-1,
286,285,260,-1,
287,261,262,-1,
287,286,261,-1,
288,287,262,-1,
288,262,263,-1,
289,288,263,-1,
289,263,264,-1,
290,289,264,-1,
290,264,265,-1,
291,290,265,-1,
291,265,266,-1,
292,266,267,-1,
292,291,266,-1,
293,292,267,-1,
293,267,268,-1,
294,268,269,-1,
294,293,268,-1,
295,269,270,-1,
295,294,269,-1,
296,270,271,-1,
296,295,270,-1,
297,271,272,-1,
297,296,271,-1,
298,272,273,-1,
298,297,272,-1,
299,273,274,-1,
299,298,273,-1,
300,274,275,-1,
300,299,274,-1,
301,275,276,-1,
301,300,275,-1,
302,276,277,-1,
302,301,276,-1,
303,277,278,-1,
303,302,277,-1,
304,278,279,-1,
304,303,278,-1,
281,304,279,-1,
281,279,280,-1,
71,70,137,-1,
71,137,253,-1,
306,89,305,-1,
90,89,306,-1,
89,86,307,-1,
89,307,305,-1,
308,333,334,-1,
309,334,335,-1,
309,308,334,-1,
310,335,336,-1,
310,309,335,-1,
311,336,337,-1,
311,310,336,-1,
312,337,338,-1,
312,311,337,-1,
313,338,339,-1,
313,312,338,-1,
314,339,340,-1,
314,313,339,-1,
315,340,341,-1,
315,314,340,-1,
316,341,342,-1,
316,315,341,-1,
317,342,343,-1,
317,316,342,-1,
318,317,343,-1,
318,343,344,-1,
319,318,344,-1,
319,344,345,-1,
320,319,345,-1,
320,345,346,-1,
321,320,346,-1,
321,346,347,-1,
322,321,347,-1,
322,347,348,-1,
323,322,348,-1,
323,348,349,-1,
324,323,349,-1,
324,349,350,-1,
325,324,350,-1,
325,350,351,-1,
326,325,351,-1,
326,351,352,-1,
327,326,352,-1,
327,352,353,-1,
328,327,353,-1,
328,353,354,-1,
329,328,354,-1,
329,354,355,-1,
330,329,355,-1,
330,355,356,-1,
331,356,357,-1,
331,330,356,-1,
85,357,358,-1,
85,331,357,-1,
332,331,85,-1,
88,358,359,-1,
88,85,358,-1,
87,359,307,-1,
87,88,359,-1,
86,87,307,-1,
364,332,85,-1,
362,132,133,-1,
362,133,363,-1,
361,363,364,-1,
361,362,363,-1,
82,360,361,-1,
85,82,361,-1,
85,361,364,-1,
84,81,365,-1,
84,365,366,-1,
83,366,367,-1,
83,84,366,-1,
82,367,368,-1,
82,83,367,-1,
394,368,369,-1,
394,360,82,-1,
394,82,368,-1,
395,369,370,-1,
395,394,369,-1,
396,370,371,-1,
396,395,370,-1,
397,371,372,-1,
397,396,371,-1,
398,372,373,-1,
398,397,372,-1,
399,373,374,-1,
399,398,373,-1,
400,399,374,-1,
400,374,375,-1,
401,400,375,-1,
401,375,376,-1,
402,401,376,-1,
402,376,377,-1,
403,402,377,-1,
403,377,378,-1,
404,378,379,-1,
404,403,378,-1,
405,379,380,-1,
405,404,379,-1,
406,380,381,-1,
406,405,380,-1,
407,381,382,-1,
407,406,381,-1,
408,382,383,-1,
408,407,382,-1,
409,383,384,-1,
409,408,383,-1,
410,384,385,-1,
410,409,384,-1,
411,385,386,-1,
411,410,385,-1,
412,386,387,-1,
412,411,386,-1,
413,387,388,-1,
413,412,387,-1,
414,388,389,-1,
414,413,388,-1,
415,389,390,-1,
415,414,389,-1,
416,390,391,-1,
416,415,390,-1,
393,416,391,-1,
393,391,392,-1,
81,80,194,-1,
81,194,365,-1,
419,134,135,-1,
418,135,95,-1,
418,419,135,-1,
92,417,418,-1,
95,92,418,-1,
94,91,420,-1,
94,420,421,-1,
93,421,422,-1,
93,94,421,-1,
92,422,423,-1,
92,93,422,-1,
449,423,424,-1,
449,417,92,-1,
449,92,423,-1,
450,424,425,-1,
450,449,424,-1,
451,425,426,-1,
451,450,425,-1,
452,426,427,-1,
452,451,426,-1,
453,427,428,-1,
453,452,427,-1,
454,428,429,-1,
454,453,428,-1,
455,454,429,-1,
455,429,430,-1,
456,455,430,-1,
456,430,431,-1,
457,456,431,-1,
457,431,432,-1,
458,457,432,-1,
458,432,433,-1,
459,433,434,-1,
459,458,433,-1,
460,434,435,-1,
460,459,434,-1,
461,435,436,-1,
461,460,435,-1,
462,436,437,-1,
462,461,436,-1,
463,437,438,-1,
463,462,437,-1,
464,438,439,-1,
464,463,438,-1,
465,439,440,-1,
465,464,439,-1,
466,440,441,-1,
466,465,440,-1,
467,441,442,-1,
467,466,441,-1,
468,442,443,-1,
468,467,442,-1,
469,443,444,-1,
469,468,443,-1,
470,444,445,-1,
470,469,444,-1,
471,445,446,-1,
471,470,445,-1,
448,471,446,-1,
448,446,447,-1,
91,90,306,-1,
91,306,420,-1,
473,58,128,-1,
473,128,64,-1,
472,473,64,-1,
59,58,473,-1,
63,62,472,-1,
64,63,472,-1,
62,474,472,-1,
62,61,474,-1,
61,60,475,-1,
61,475,474,-1,
59,473,475,-1,
59,475,60,-1,
476,191,129,-1,
482,481,480,-1,
484,129,57,-1,
484,477,476,-1,
484,476,129,-1,
483,478,477,-1,
483,479,478,-1,
483,480,479,-1,
483,477,484,-1,
483,482,480,-1,
56,484,57,-1,
52,483,53,-1,
482,483,52,-1,
55,485,484,-1,
55,484,56,-1,
54,485,55,-1,
54,486,485,-1,
54,483,486,-1,
54,53,483,-1,
52,487,482,-1,
51,487,52,-1,
488,130,250,-1,
487,492,493,-1,
50,130,488,-1,
51,488,489,-1,
51,489,490,-1,
51,490,491,-1,
51,491,492,-1,
51,50,488,-1,
51,492,487,-1,
494,251,131,-1,
500,499,498,-1,
49,494,131,-1,
48,495,494,-1,
48,496,495,-1,
48,497,496,-1,
48,498,497,-1,
48,494,49,-1,
48,500,498,-1,
47,501,500,-1,
47,500,48,-1,
502,132,362,-1,
501,506,507,-1,
46,132,502,-1,
47,502,503,-1,
47,503,504,-1,
47,504,505,-1,
47,505,506,-1,
47,46,502,-1,
47,506,501,-1,
508,363,133,-1,
514,513,512,-1,
45,508,133,-1,
44,509,508,-1,
44,510,509,-1,
44,511,510,-1,
44,512,511,-1,
44,508,45,-1,
44,514,512,-1,
43,515,514,-1,
43,514,44,-1,
516,134,419,-1,
515,520,521,-1,
42,134,516,-1,
43,516,517,-1,
43,517,518,-1,
43,518,519,-1,
43,519,520,-1,
43,42,516,-1,
43,520,515,-1,
41,95,135,-1,
40,95,41,-1,
588,590,589,-1,
588,591,590,-1,
599,597,596,-1,
599,598,597,-1,
583,585,584,-1,
583,586,585,-1,
583,587,586,-1,
583,588,587,-1,
579,581,580,-1,
579,582,581,-1,
579,583,582,-1,
604,600,599,-1,
604,601,600,-1,
604,602,601,-1,
604,603,602,-1,
605,594,593,-1,
605,595,594,-1,
605,596,595,-1,
605,604,599,-1,
605,591,588,-1,
605,599,596,-1,
605,592,591,-1,
605,593,592,-1,
578,605,588,-1,
578,588,583,-1,
578,583,579,-1,
609,608,607,-1,
613,607,606,-1,
613,610,609,-1,
613,611,610,-1,
613,612,611,-1,
613,609,607,-1,
617,614,613,-1,
617,615,614,-1,
617,616,615,-1,
619,618,617,-1,
620,619,617,-1,
621,620,617,-1,
622,621,617,-1,
624,623,622,-1,
624,622,617,-1,
627,625,624,-1,
627,626,625,-1,
627,617,613,-1,
627,624,617,-1,
630,628,627,-1,
630,629,628,-1,
631,630,627,-1,
632,631,627,-1,
633,613,606,-1,
633,627,613,-1,
633,632,627,-1,
164,606,605,-1,
164,633,606,-1,
725,578,726,-1,
727,726,578,-1,
724,578,725,-1,
728,727,578,-1,
723,578,724,-1,
729,728,578,-1,
722,578,723,-1,
730,729,578,-1,
721,578,722,-1,
731,730,578,-1,
720,578,721,-1,
732,731,578,-1,
719,578,720,-1,
719,605,578,-1,
719,164,605,-1,
733,732,578,-1,
718,164,719,-1,
718,165,164,-1,
718,166,165,-1,
734,733,578,-1,
717,166,718,-1,
717,167,166,-1,
735,734,578,-1,
716,167,717,-1,
716,168,167,-1,
716,169,168,-1,
736,735,578,-1,
715,169,716,-1,
715,170,169,-1,
715,171,170,-1,
737,736,578,-1,
714,172,171,-1,
714,173,172,-1,
714,171,715,-1,
713,173,714,-1,
713,174,173,-1,
713,175,174,-1,
712,175,713,-1,
712,176,175,-1,
711,176,712,-1,
711,177,176,-1,
711,178,177,-1,
710,179,178,-1,
710,180,179,-1,
710,178,711,-1,
709,181,180,-1,
709,180,710,-1,
182,181,709,-1,
183,182,709,-1,
708,183,709,-1,
184,183,708,-1,
707,185,184,-1,
707,184,708,-1,
186,185,707,-1,
706,187,186,-1,
706,186,707,-1,
188,187,706,-1,
705,188,706,-1,
705,189,188,-1,
705,190,189,-1,
704,138,190,-1,
704,190,705,-1,
703,138,704,-1,
702,138,703,-1,
701,138,702,-1,
136,695,694,-1,
136,696,695,-1,
136,697,696,-1,
136,698,697,-1,
136,699,698,-1,
136,700,699,-1,
136,701,700,-1,
136,138,701,-1,
693,136,694,-1,
692,136,693,-1,
577,636,635,-1,
577,637,636,-1,
577,638,637,-1,
577,639,638,-1,
577,640,639,-1,
577,641,640,-1,
577,642,641,-1,
577,643,642,-1,
577,644,643,-1,
577,645,644,-1,
577,646,645,-1,
577,647,646,-1,
577,648,647,-1,
577,649,648,-1,
577,650,649,-1,
577,651,650,-1,
577,652,651,-1,
577,653,652,-1,
577,654,653,-1,
575,577,576,-1,
574,577,575,-1,
691,136,692,-1,
573,577,574,-1,
571,573,572,-1,
570,573,571,-1,
569,573,570,-1,
569,577,573,-1,
690,136,691,-1,
566,568,567,-1,
566,569,568,-1,
689,136,690,-1,
564,569,566,-1,
564,566,565,-1,
561,563,562,-1,
561,564,563,-1,
688,136,689,-1,
560,564,561,-1,
559,569,564,-1,
559,564,560,-1,
558,569,559,-1,
687,136,688,-1,
556,558,557,-1,
555,569,558,-1,
555,558,556,-1,
553,555,554,-1,
552,555,553,-1,
551,555,552,-1,
550,577,569,-1,
550,569,555,-1,
550,555,551,-1,
550,654,577,-1,
266,663,662,-1,
267,266,662,-1,
265,663,266,-1,
268,267,662,-1,
268,662,661,-1,
264,663,265,-1,
264,664,663,-1,
269,268,661,-1,
269,661,660,-1,
263,664,264,-1,
270,269,660,-1,
262,664,263,-1,
271,270,660,-1,
271,660,659,-1,
261,664,262,-1,
261,665,664,-1,
272,271,659,-1,
260,665,261,-1,
273,272,659,-1,
273,659,658,-1,
666,665,260,-1,
259,666,260,-1,
274,273,658,-1,
258,666,259,-1,
275,274,658,-1,
275,658,657,-1,
667,666,258,-1,
257,667,258,-1,
276,275,657,-1,
256,668,667,-1,
256,667,257,-1,
277,276,657,-1,
277,657,656,-1,
255,668,256,-1,
278,277,656,-1,
278,656,655,-1,
254,669,668,-1,
254,668,255,-1,
279,278,655,-1,
253,670,669,-1,
253,671,670,-1,
253,672,671,-1,
253,669,254,-1,
280,279,655,-1,
280,654,550,-1,
280,655,654,-1,
549,280,550,-1,
549,522,280,-1,
546,548,547,-1,
528,525,524,-1,
528,526,525,-1,
528,527,526,-1,
543,545,544,-1,
543,546,545,-1,
543,549,548,-1,
543,548,546,-1,
543,522,549,-1,
529,528,524,-1,
530,524,523,-1,
530,529,524,-1,
531,523,522,-1,
531,530,523,-1,
540,542,541,-1,
532,531,522,-1,
539,543,542,-1,
539,542,540,-1,
534,532,522,-1,
534,543,539,-1,
534,533,532,-1,
534,539,538,-1,
534,522,543,-1,
536,534,538,-1,
536,535,534,-1,
536,538,537,-1,
137,673,672,-1,
137,674,673,-1,
137,675,674,-1,
137,676,675,-1,
137,677,676,-1,
137,678,677,-1,
137,679,678,-1,
137,680,679,-1,
137,681,680,-1,
137,682,681,-1,
137,683,682,-1,
137,684,683,-1,
137,685,684,-1,
137,686,685,-1,
137,687,686,-1,
137,672,253,-1,
137,136,687,-1,
577,634,578,-1,
634,738,578,-1,
738,737,578,-1,
577,635,634,-1,
161,162,163,-1,
160,161,163,-1,
158,159,160,-1,
158,160,163,-1,
155,156,157,-1,
155,157,158,-1,
153,154,155,-1,
153,155,158,-1,
765,192,764,-1,
763,764,192,-1,
766,192,765,-1,
762,763,192,-1,
740,192,766,-1,
761,762,192,-1,
760,761,192,-1,
759,760,192,-1,
758,759,192,-1,
757,758,192,-1,
149,150,151,-1,
756,757,192,-1,
755,756,192,-1,
148,149,151,-1,
754,755,192,-1,
753,754,192,-1,
752,753,192,-1,
146,147,148,-1,
751,752,192,-1,
139,163,192,-1,
139,151,152,-1,
139,152,153,-1,
139,158,163,-1,
139,148,151,-1,
139,153,158,-1,
139,192,740,-1,
144,146,148,-1,
144,145,146,-1,
143,144,148,-1,
141,139,140,-1,
142,148,139,-1,
142,139,141,-1,
142,143,148,-1,
750,751,192,-1,
749,750,192,-1,
748,749,192,-1,
747,748,192,-1,
746,747,192,-1,
745,746,192,-1,
744,745,192,-1,
743,744,192,-1,
739,741,192,-1,
741,742,192,-1,
742,743,192,-1,
139,740,633,-1,
139,633,164,-1,
739,192,191,-1,
739,191,476,-1,
768,739,476,-1,
767,768,476,-1,
842,841,840,-1,
832,834,833,-1,
832,835,834,-1,
832,836,835,-1,
832,837,836,-1,
832,838,837,-1,
830,832,831,-1,
848,847,846,-1,
825,827,826,-1,
825,828,827,-1,
825,829,828,-1,
825,830,829,-1,
825,832,830,-1,
852,843,842,-1,
852,838,832,-1,
852,844,843,-1,
852,848,846,-1,
852,845,844,-1,
852,846,845,-1,
852,849,848,-1,
852,850,849,-1,
852,851,850,-1,
852,832,825,-1,
852,842,840,-1,
852,839,838,-1,
852,840,839,-1,
857,855,854,-1,
857,856,855,-1,
859,858,857,-1,
862,860,859,-1,
862,861,860,-1,
862,857,854,-1,
862,859,857,-1,
865,864,863,-1,
866,863,862,-1,
866,865,863,-1,
866,862,854,-1,
868,867,866,-1,
869,868,866,-1,
873,871,870,-1,
873,872,871,-1,
876,870,869,-1,
876,874,873,-1,
876,875,874,-1,
876,873,870,-1,
879,854,853,-1,
879,877,876,-1,
879,878,877,-1,
879,866,854,-1,
879,869,866,-1,
879,876,869,-1,
880,879,853,-1,
221,853,852,-1,
221,880,853,-1,
972,825,973,-1,
974,973,825,-1,
971,825,972,-1,
975,974,825,-1,
970,825,971,-1,
976,975,825,-1,
969,825,970,-1,
977,976,825,-1,
968,825,969,-1,
978,977,825,-1,
967,825,968,-1,
979,978,825,-1,
966,825,967,-1,
966,852,825,-1,
966,221,852,-1,
980,979,825,-1,
965,221,966,-1,
965,222,221,-1,
965,223,222,-1,
981,980,825,-1,
964,223,965,-1,
964,224,223,-1,
982,981,825,-1,
963,224,964,-1,
963,225,224,-1,
963,226,225,-1,
983,982,825,-1,
962,226,963,-1,
962,227,226,-1,
962,228,227,-1,
984,983,825,-1,
961,229,228,-1,
961,230,229,-1,
961,228,962,-1,
960,230,961,-1,
960,231,230,-1,
960,232,231,-1,
959,233,232,-1,
959,232,960,-1,
958,233,959,-1,
958,234,233,-1,
958,235,234,-1,
957,236,235,-1,
957,237,236,-1,
957,235,958,-1,
956,238,237,-1,
956,237,957,-1,
239,238,956,-1,
240,239,956,-1,
955,240,956,-1,
241,240,955,-1,
954,242,241,-1,
954,241,955,-1,
243,242,954,-1,
953,243,954,-1,
953,244,243,-1,
245,244,953,-1,
952,245,953,-1,
952,246,245,-1,
952,247,246,-1,
951,247,952,-1,
951,195,247,-1,
950,195,951,-1,
949,195,950,-1,
948,195,949,-1,
193,942,941,-1,
193,943,942,-1,
193,944,943,-1,
193,945,944,-1,
193,946,945,-1,
193,947,946,-1,
193,948,947,-1,
193,195,948,-1,
940,193,941,-1,
939,193,940,-1,
824,883,882,-1,
824,884,883,-1,
824,885,884,-1,
824,886,885,-1,
824,887,886,-1,
824,888,887,-1,
824,889,888,-1,
824,890,889,-1,
824,891,890,-1,
824,892,891,-1,
824,893,892,-1,
824,894,893,-1,
824,895,894,-1,
824,896,895,-1,
824,897,896,-1,
824,898,897,-1,
824,899,898,-1,
824,900,899,-1,
824,901,900,-1,
821,823,822,-1,
821,824,823,-1,
938,193,939,-1,
820,824,821,-1,
818,820,819,-1,
818,824,820,-1,
816,824,818,-1,
816,818,817,-1,
937,193,938,-1,
814,816,815,-1,
936,193,937,-1,
810,812,811,-1,
810,813,812,-1,
810,814,813,-1,
809,816,814,-1,
809,814,810,-1,
809,824,816,-1,
808,824,809,-1,
935,193,936,-1,
807,824,808,-1,
804,806,805,-1,
804,807,806,-1,
934,193,935,-1,
803,807,804,-1,
801,803,802,-1,
799,801,800,-1,
798,801,799,-1,
798,807,803,-1,
798,803,801,-1,
797,824,807,-1,
797,807,798,-1,
797,901,824,-1,
378,910,909,-1,
379,378,909,-1,
377,910,378,-1,
380,379,909,-1,
380,909,908,-1,
376,910,377,-1,
376,911,910,-1,
381,380,908,-1,
381,908,907,-1,
375,911,376,-1,
382,381,907,-1,
374,911,375,-1,
383,382,907,-1,
383,907,906,-1,
373,911,374,-1,
373,912,911,-1,
384,383,906,-1,
372,912,373,-1,
385,384,906,-1,
385,906,905,-1,
913,912,372,-1,
371,913,372,-1,
386,385,905,-1,
370,913,371,-1,
387,386,905,-1,
387,905,904,-1,
914,913,370,-1,
369,914,370,-1,
388,387,904,-1,
368,915,914,-1,
368,914,369,-1,
389,388,904,-1,
389,904,903,-1,
367,915,368,-1,
390,389,903,-1,
390,903,902,-1,
366,916,915,-1,
366,915,367,-1,
391,390,902,-1,
365,917,916,-1,
365,918,917,-1,
365,919,918,-1,
365,916,366,-1,
392,391,902,-1,
392,901,797,-1,
392,902,901,-1,
796,392,797,-1,
769,392,796,-1,
794,796,795,-1,
793,796,794,-1,
772,771,770,-1,
792,796,793,-1,
791,796,792,-1,
787,770,769,-1,
787,773,772,-1,
787,774,773,-1,
787,775,774,-1,
787,776,775,-1,
787,789,788,-1,
787,790,789,-1,
787,791,790,-1,
787,772,770,-1,
787,769,796,-1,
787,796,791,-1,
779,778,777,-1,
785,787,786,-1,
780,779,777,-1,
780,777,776,-1,
784,787,785,-1,
781,780,776,-1,
782,787,784,-1,
782,781,776,-1,
782,784,783,-1,
782,776,787,-1,
194,920,919,-1,
194,921,920,-1,
194,922,921,-1,
194,923,922,-1,
194,924,923,-1,
194,925,924,-1,
194,926,925,-1,
194,927,926,-1,
194,928,927,-1,
194,929,928,-1,
194,930,929,-1,
194,931,930,-1,
194,932,931,-1,
194,933,932,-1,
194,934,933,-1,
194,193,934,-1,
194,919,365,-1,
824,881,825,-1,
881,985,825,-1,
985,984,825,-1,
824,882,881,-1,
218,219,220,-1,
216,217,218,-1,
215,218,220,-1,
215,216,218,-1,
212,213,214,-1,
212,214,215,-1,
209,210,211,-1,
208,209,211,-1,
1012,252,1011,-1,
1010,1011,252,-1,
1013,252,1012,-1,
1009,1010,252,-1,
987,252,1013,-1,
1008,1009,252,-1,
1007,1008,252,-1,
1006,1007,252,-1,
1005,1006,252,-1,
1004,1005,252,-1,
1003,1004,252,-1,
1002,1003,252,-1,
1001,1002,252,-1,
1000,1001,252,-1,
204,205,206,-1,
999,1000,252,-1,
203,206,207,-1,
203,204,206,-1,
998,999,252,-1,
196,220,252,-1,
196,211,212,-1,
196,215,220,-1,
196,212,215,-1,
196,208,211,-1,
196,252,987,-1,
201,202,203,-1,
199,196,197,-1,
199,197,198,-1,
199,200,201,-1,
199,207,208,-1,
199,203,207,-1,
199,208,196,-1,
199,201,203,-1,
997,998,252,-1,
996,997,252,-1,
995,996,252,-1,
994,995,252,-1,
993,994,252,-1,
992,993,252,-1,
991,992,252,-1,
990,991,252,-1,
986,988,252,-1,
988,989,252,-1,
989,990,252,-1,
196,987,880,-1,
196,880,221,-1,
986,252,251,-1,
986,251,494,-1,
1015,986,494,-1,
1014,1015,494,-1,
1018,1016,488,-1,
1017,488,250,-1,
1017,1018,488,-1,
249,1017,250,-1,
284,282,283,-1,
287,285,286,-1,
289,287,288,-1,
293,291,292,-1,
299,296,297,-1,
299,297,298,-1,
300,294,295,-1,
300,295,296,-1,
300,296,299,-1,
303,300,301,-1,
303,301,302,-1,
304,289,290,-1,
304,290,291,-1,
304,293,294,-1,
304,294,300,-1,
304,291,293,-1,
304,300,303,-1,
281,289,304,-1,
281,248,282,-1,
281,284,285,-1,
281,249,248,-1,
281,282,284,-1,
281,285,287,-1,
281,287,289,-1,
1019,249,281,-1,
1020,249,1019,-1,
1021,249,1020,-1,
1022,249,1021,-1,
1023,249,1022,-1,
1024,249,1023,-1,
1025,249,1024,-1,
1026,249,1025,-1,
1027,249,1026,-1,
1028,249,1027,-1,
1029,249,1028,-1,
1030,249,1029,-1,
1031,249,1030,-1,
1032,249,1031,-1,
1033,249,1032,-1,
1034,249,1033,-1,
1035,249,1034,-1,
1036,249,1035,-1,
1037,249,1036,-1,
1038,249,1037,-1,
1039,249,1038,-1,
1040,249,1039,-1,
1041,249,1040,-1,
1042,249,1041,-1,
249,1045,1017,-1,
249,1044,1045,-1,
249,1043,1044,-1,
249,1042,1043,-1,
1019,281,280,-1,
1019,280,522,-1,
1119,1118,1117,-1,
1109,1111,1110,-1,
1109,1112,1111,-1,
1109,1113,1112,-1,
1109,1114,1113,-1,
1109,1115,1114,-1,
1107,1109,1108,-1,
1125,1124,1123,-1,
1102,1104,1103,-1,
1102,1105,1104,-1,
1102,1106,1105,-1,
1102,1107,1106,-1,
1102,1109,1107,-1,
1129,1120,1119,-1,
1129,1115,1109,-1,
1129,1121,1120,-1,
1129,1125,1123,-1,
1129,1122,1121,-1,
1129,1123,1122,-1,
1129,1126,1125,-1,
1129,1127,1126,-1,
1129,1128,1127,-1,
1129,1109,1102,-1,
1129,1119,1117,-1,
1129,1116,1115,-1,
1129,1117,1116,-1,
1134,1132,1131,-1,
1134,1133,1132,-1,
1136,1135,1134,-1,
1139,1137,1136,-1,
1139,1138,1137,-1,
1139,1134,1131,-1,
1139,1136,1134,-1,
1142,1141,1140,-1,
1143,1140,1139,-1,
1143,1142,1140,-1,
1143,1139,1131,-1,
1145,1144,1143,-1,
1146,1145,1143,-1,
1150,1148,1147,-1,
1150,1149,1148,-1,
1153,1147,1146,-1,
1153,1151,1150,-1,
1153,1152,1151,-1,
1153,1150,1147,-1,
1156,1131,1130,-1,
1156,1154,1153,-1,
1156,1155,1154,-1,
1156,1143,1131,-1,
1156,1146,1143,-1,
1156,1153,1146,-1,
1157,1156,1130,-1,
333,1130,1129,-1,
333,1157,1130,-1,
1249,1102,1250,-1,
1251,1250,1102,-1,
1248,1102,1249,-1,
1252,1251,1102,-1,
1247,1102,1248,-1,
1253,1252,1102,-1,
1246,1102,1247,-1,
1254,1253,1102,-1,
1245,1102,1246,-1,
1255,1254,1102,-1,
1244,1102,1245,-1,
1256,1255,1102,-1,
1243,1102,1244,-1,
1243,1129,1102,-1,
1243,333,1129,-1,
1257,1256,1102,-1,
1242,333,1243,-1,
1242,334,333,-1,
1242,335,334,-1,
1258,1257,1102,-1,
1241,335,1242,-1,
1241,336,335,-1,
1259,1258,1102,-1,
1240,336,1241,-1,
1240,337,336,-1,
1240,338,337,-1,
1260,1259,1102,-1,
1239,338,1240,-1,
1239,339,338,-1,
1239,340,339,-1,
1261,1260,1102,-1,
1238,341,340,-1,
1238,342,341,-1,
1238,340,1239,-1,
1237,342,1238,-1,
1237,343,342,-1,
1237,344,343,-1,
1236,345,344,-1,
1236,344,1237,-1,
1235,345,1236,-1,
1235,346,345,-1,
1235,347,346,-1,
1234,348,347,-1,
1234,349,348,-1,
1234,347,1235,-1,
1233,350,349,-1,
1233,349,1234,-1,
351,350,1233,-1,
352,351,1233,-1,
1232,352,1233,-1,
353,352,1232,-1,
1231,354,353,-1,
1231,353,1232,-1,
355,354,1231,-1,
1230,355,1231,-1,
1230,356,355,-1,
357,356,1230,-1,
1229,357,1230,-1,
1229,358,357,-1,
1229,359,358,-1,
1228,359,1229,-1,
1228,307,359,-1,
1227,307,1228,-1,
1226,307,1227,-1,
1225,307,1226,-1,
305,1219,1218,-1,
305,1220,1219,-1,
305,1221,1220,-1,
305,1222,1221,-1,
305,1223,1222,-1,
305,1224,1223,-1,
305,1225,1224,-1,
305,307,1225,-1,
1217,305,1218,-1,
1216,305,1217,-1,
1101,1160,1159,-1,
1101,1161,1160,-1,
1101,1162,1161,-1,
1101,1163,1162,-1,
1101,1164,1163,-1,
1101,1165,1164,-1,
1101,1166,1165,-1,
1101,1167,1166,-1,
1101,1168,1167,-1,
1101,1169,1168,-1,
1101,1170,1169,-1,
1101,1171,1170,-1,
1101,1172,1171,-1,
1101,1173,1172,-1,
1101,1174,1173,-1,
1101,1175,1174,-1,
1101,1176,1175,-1,
1101,1177,1176,-1,
1101,1178,1177,-1,
1098,1100,1099,-1,
1098,1101,1100,-1,
1215,305,1216,-1,
1097,1101,1098,-1,
1095,1097,1096,-1,
1095,1101,1097,-1,
1093,1101,1095,-1,
1093,1095,1094,-1,
1214,305,1215,-1,
1091,1093,1092,-1,
1213,305,1214,-1,
1087,1089,1088,-1,
1087,1090,1089,-1,
1087,1091,1090,-1,
1086,1093,1091,-1,
1086,1091,1087,-1,
1086,1101,1093,-1,
1085,1101,1086,-1,
1212,305,1213,-1,
1084,1101,1085,-1,
1081,1083,1082,-1,
1081,1084,1083,-1,
1211,305,1212,-1,
1080,1084,1081,-1,
1078,1080,1079,-1,
1076,1078,1077,-1,
1075,1078,1076,-1,
1075,1084,1080,-1,
1075,1080,1078,-1,
1074,1101,1084,-1,
1074,1084,1075,-1,
1074,1178,1101,-1,
433,1187,1186,-1,
434,433,1186,-1,
432,1187,433,-1,
435,434,1186,-1,
435,1186,1185,-1,
431,1187,432,-1,
431,1188,1187,-1,
436,435,1185,-1,
436,1185,1184,-1,
430,1188,431,-1,
437,436,1184,-1,
429,1188,430,-1,
438,437,1184,-1,
438,1184,1183,-1,
428,1188,429,-1,
428,1189,1188,-1,
439,438,1183,-1,
427,1189,428,-1,
440,439,1183,-1,
440,1183,1182,-1,
1190,1189,427,-1,
426,1190,427,-1,
441,440,1182,-1,
425,1190,426,-1,
442,441,1182,-1,
442,1182,1181,-1,
1191,1190,425,-1,
424,1191,425,-1,
443,442,1181,-1,
423,1192,1191,-1,
423,1191,424,-1,
444,443,1181,-1,
444,1181,1180,-1,
422,1192,423,-1,
445,444,1180,-1,
445,1180,1179,-1,
421,1193,1192,-1,
421,1192,422,-1,
446,445,1179,-1,
420,1194,1193,-1,
420,1195,1194,-1,
420,1196,1195,-1,
420,1193,421,-1,
447,446,1179,-1,
447,1178,1074,-1,
447,1179,1178,-1,
1073,447,1074,-1,
1046,447,1073,-1,
1071,1073,1072,-1,
1070,1073,1071,-1,
1049,1048,1047,-1,
1069,1073,1070,-1,
1068,1073,1069,-1,
1064,1047,1046,-1,
1064,1050,1049,-1,
1064,1051,1050,-1,
1064,1052,1051,-1,
1064,1053,1052,-1,
1064,1066,1065,-1,
1064,1067,1066,-1,
1064,1068,1067,-1,
1064,1049,1047,-1,
1064,1046,1073,-1,
1064,1073,1068,-1,
1056,1055,1054,-1,
1062,1064,1063,-1,
1057,1056,1054,-1,
1057,1054,1053,-1,
1061,1064,1062,-1,
1058,1057,1053,-1,
1059,1064,1061,-1,
1059,1058,1053,-1,
1059,1061,1060,-1,
1059,1053,1064,-1,
306,1197,1196,-1,
306,1198,1197,-1,
306,1199,1198,-1,
306,1200,1199,-1,
306,1201,1200,-1,
306,1202,1201,-1,
306,1203,1202,-1,
306,1204,1203,-1,
306,1205,1204,-1,
306,1206,1205,-1,
306,1207,1206,-1,
306,1208,1207,-1,
306,1209,1208,-1,
306,1210,1209,-1,
306,1211,1210,-1,
306,305,1211,-1,
306,1196,420,-1,
1101,1158,1102,-1,
1158,1262,1102,-1,
1262,1261,1102,-1,
1101,1159,1158,-1,
329,330,331,-1,
329,331,332,-1,
327,328,329,-1,
327,329,332,-1,
324,325,326,-1,
324,326,327,-1,
321,322,323,-1,
1289,364,1288,-1,
1287,1288,364,-1,
1290,364,1289,-1,
1286,1287,364,-1,
1264,364,1290,-1,
1285,1286,364,-1,
1284,1285,364,-1,
1283,1284,364,-1,
319,320,321,-1,
1282,1283,364,-1,
1281,1282,364,-1,
318,321,323,-1,
318,319,321,-1,
1280,1281,364,-1,
1279,1280,364,-1,
1278,1279,364,-1,
1277,1278,364,-1,
316,317,318,-1,
1276,1277,364,-1,
1275,1276,364,-1,
308,332,364,-1,
308,323,324,-1,
308,327,332,-1,
308,324,327,-1,
308,364,1264,-1,
313,314,315,-1,
312,315,316,-1,
312,313,315,-1,
312,316,318,-1,
311,308,309,-1,
311,309,310,-1,
311,323,308,-1,
311,312,318,-1,
311,318,323,-1,
1274,1275,364,-1,
1273,1274,364,-1,
1272,1273,364,-1,
1271,1272,364,-1,
1270,1271,364,-1,
1269,1270,364,-1,
1268,1269,364,-1,
1267,1268,364,-1,
1263,1265,364,-1,
1265,1266,364,-1,
1266,1267,364,-1,
308,1264,1157,-1,
308,1157,333,-1,
1263,364,363,-1,
1263,363,508,-1,
1292,1263,508,-1,
1291,1292,508,-1,
1295,1293,502,-1,
1294,502,362,-1,
1294,1295,502,-1,
361,1294,362,-1,
401,397,398,-1,
401,398,399,-1,
401,399,400,-1,
410,408,409,-1,
415,412,413,-1,
415,413,414,-1,
393,360,394,-1,
393,394,395,-1,
393,395,396,-1,
393,396,397,-1,
393,401,402,-1,
393,402,403,-1,
393,403,404,-1,
393,404,405,-1,
393,405,406,-1,
393,406,407,-1,
393,407,408,-1,
393,410,411,-1,
393,411,412,-1,
393,415,416,-1,
393,361,360,-1,
393,397,401,-1,
393,408,410,-1,
393,412,415,-1,
1296,361,393,-1,
1297,361,1296,-1,
1298,361,1297,-1,
1299,361,1298,-1,
1300,361,1299,-1,
1301,361,1300,-1,
1302,361,1301,-1,
1303,361,1302,-1,
1304,361,1303,-1,
1305,361,1304,-1,
1306,361,1305,-1,
1307,361,1306,-1,
1308,361,1307,-1,
1309,361,1308,-1,
1310,361,1309,-1,
1311,361,1310,-1,
1312,361,1311,-1,
1313,361,1312,-1,
1314,361,1313,-1,
1315,361,1314,-1,
1316,361,1315,-1,
1317,361,1316,-1,
1318,361,1317,-1,
1319,361,1318,-1,
361,1322,1294,-1,
361,1321,1322,-1,
361,1320,1321,-1,
361,1319,1320,-1,
1296,393,392,-1,
1296,392,769,-1,
1325,1323,516,-1,
1324,516,419,-1,
1324,1325,516,-1,
418,1324,419,-1,
451,449,450,-1,
454,452,453,-1,
456,454,455,-1,
456,452,454,-1,
457,451,452,-1,
457,452,456,-1,
467,464,465,-1,
467,465,466,-1,
471,469,470,-1,
448,417,449,-1,
448,457,458,-1,
448,458,459,-1,
448,459,460,-1,
448,460,461,-1,
448,461,462,-1,
448,462,463,-1,
448,463,464,-1,
448,467,468,-1,
448,468,469,-1,
448,418,417,-1,
448,449,451,-1,
448,451,457,-1,
448,464,467,-1,
448,469,471,-1,
1326,418,448,-1,
1327,418,1326,-1,
1328,418,1327,-1,
1329,418,1328,-1,
1330,418,1329,-1,
1331,418,1330,-1,
1332,418,1331,-1,
1333,418,1332,-1,
1334,418,1333,-1,
1335,418,1334,-1,
1336,418,1335,-1,
1337,418,1336,-1,
1338,418,1337,-1,
1339,418,1338,-1,
1340,418,1339,-1,
1341,418,1340,-1,
1342,418,1341,-1,
1343,418,1342,-1,
1344,418,1343,-1,
1345,418,1344,-1,
1346,418,1345,-1,
1347,418,1346,-1,
1348,418,1347,-1,
1349,418,1348,-1,
418,1352,1324,-1,
418,1351,1352,-1,
418,1350,1351,-1,
418,1349,1350,-1,
1326,448,447,-1,
1326,447,1046,-1,
474,475,473,-1,
474,473,472,-1,
483,484,485,-1,
483,485,486,-1,
487,1353,577,-1,
493,1353,487,-1,
482,577,578,-1,
482,487,577,-1,
1354,481,482,-1,
1354,482,578,-1,
767,1354,1355,-1,
767,1355,1356,-1,
767,1356,1357,-1,
767,1357,1358,-1,
767,1358,1359,-1,
767,1359,1360,-1,
767,1360,1361,-1,
767,1361,1362,-1,
767,1362,1363,-1,
767,1363,1364,-1,
767,1364,1365,-1,
767,1365,1366,-1,
767,1366,1367,-1,
767,1367,1368,-1,
767,1368,1369,-1,
767,1369,1370,-1,
767,1370,1371,-1,
767,1371,1372,-1,
767,1372,1373,-1,
767,1373,1374,-1,
767,1374,1375,-1,
767,1375,1376,-1,
767,1376,1377,-1,
767,1377,1378,-1,
767,1378,1379,-1,
767,1379,1380,-1,
480,481,1354,-1,
480,1354,767,-1,
767,1380,768,-1,
767,476,477,-1,
767,477,478,-1,
479,767,478,-1,
480,767,479,-1,
1353,493,492,-1,
1016,1382,1383,-1,
1016,1383,1384,-1,
1016,1384,1385,-1,
1016,1385,1386,-1,
1016,1386,1387,-1,
1016,1387,1388,-1,
1016,1388,1389,-1,
1016,1389,1390,-1,
1016,1390,1391,-1,
1016,1391,1392,-1,
1016,1392,1393,-1,
1016,1393,1394,-1,
1016,1394,1395,-1,
1016,1395,1396,-1,
1016,1396,1397,-1,
1016,1397,1398,-1,
1016,1398,1399,-1,
1016,1399,1400,-1,
1016,1400,1401,-1,
1016,1401,1402,-1,
1016,1402,1403,-1,
1016,1403,1404,-1,
1016,1404,1405,-1,
1016,1405,1406,-1,
1016,1406,1353,-1,
1016,1353,492,-1,
1018,1381,1016,-1,
1381,1382,1016,-1,
1016,489,488,-1,
1016,490,489,-1,
1016,491,490,-1,
1016,492,491,-1,
501,1407,824,-1,
507,1407,501,-1,
500,824,825,-1,
500,501,824,-1,
1408,499,500,-1,
1408,500,825,-1,
1014,1408,1409,-1,
1014,1409,1410,-1,
1014,1410,1411,-1,
1014,1411,1412,-1,
1014,1412,1413,-1,
1014,1413,1414,-1,
1014,1414,1415,-1,
1014,1415,1416,-1,
1014,1416,1417,-1,
1014,1417,1418,-1,
1014,1418,1419,-1,
1014,1419,1420,-1,
1014,1420,1421,-1,
1014,1421,1422,-1,
1014,1422,1423,-1,
1014,1423,1424,-1,
1014,1424,1425,-1,
1014,1425,1426,-1,
1014,1426,1427,-1,
1014,1427,1428,-1,
1014,1428,1429,-1,
1014,1429,1430,-1,
1014,1430,1431,-1,
1014,1431,1432,-1,
1014,1432,1433,-1,
1014,1433,1434,-1,
498,499,1408,-1,
498,1408,1014,-1,
1014,1434,1015,-1,
1014,494,495,-1,
1014,495,496,-1,
497,1014,496,-1,
498,1014,497,-1,
1407,507,506,-1,
1293,1436,1437,-1,
1293,1437,1438,-1,
1293,1438,1439,-1,
1293,1439,1440,-1,
1293,1440,1441,-1,
1293,1441,1442,-1,
1293,1442,1443,-1,
1293,1443,1444,-1,
1293,1444,1445,-1,
1293,1445,1446,-1,
1293,1446,1447,-1,
1293,1447,1448,-1,
1293,1448,1449,-1,
1293,1449,1450,-1,
1293,1450,1451,-1,
1293,1451,1452,-1,
1293,1452,1453,-1,
1293,1453,1454,-1,
1293,1454,1455,-1,
1293,1455,1456,-1,
1293,1456,1457,-1,
1293,1457,1458,-1,
1293,1458,1459,-1,
1293,1459,1460,-1,
1293,1460,1407,-1,
1293,1407,506,-1,
1295,1435,1293,-1,
1435,1436,1293,-1,
1293,503,502,-1,
1293,504,503,-1,
1293,505,504,-1,
1293,506,505,-1,
515,1461,1101,-1,
521,1461,515,-1,
514,1101,1102,-1,
514,515,1101,-1,
1462,513,514,-1,
1462,514,1102,-1,
1291,1462,1463,-1,
1291,1463,1464,-1,
1291,1464,1465,-1,
1291,1465,1466,-1,
1291,1466,1467,-1,
1291,1467,1468,-1,
1291,1468,1469,-1,
1291,1469,1470,-1,
1291,1470,1471,-1,
1291,1471,1472,-1,
1291,1472,1473,-1,
1291,1473,1474,-1,
1291,1474,1475,-1,
1291,1475,1476,-1,
1291,1476,1477,-1,
1291,1477,1478,-1,
1291,1478,1479,-1,
1291,1479,1480,-1,
1291,1480,1481,-1,
1291,1481,1482,-1,
1291,1482,1483,-1,
1291,1483,1484,-1,
1291,1484,1485,-1,
1291,1485,1486,-1,
1291,1486,1487,-1,
1291,1487,1488,-1,
512,513,1462,-1,
512,1462,1291,-1,
1291,1488,1292,-1,
1291,508,509,-1,
1291,509,510,-1,
511,1291,510,-1,
512,1291,511,-1,
1461,521,520,-1,
1323,1490,1491,-1,
1323,1491,1492,-1,
1323,1492,1493,-1,
1323,1493,1494,-1,
1323,1494,1495,-1,
1323,1495,1496,-1,
1323,1496,1497,-1,
1323,1497,1498,-1,
1323,1498,1499,-1,
1323,1499,1500,-1,
1323,1500,1501,-1,
1323,1501,1502,-1,
1323,1502,1503,-1,
1323,1503,1504,-1,
1323,1504,1505,-1,
1323,1505,1506,-1,
1323,1506,1507,-1,
1323,1507,1508,-1,
1323,1508,1509,-1,
1323,1509,1510,-1,
1323,1510,1511,-1,
1323,1511,1512,-1,
1323,1512,1513,-1,
1323,1513,1514,-1,
1323,1514,1461,-1,
1323,1461,520,-1,
1325,1489,1323,-1,
1489,1490,1323,-1,
1323,517,516,-1,
1323,518,517,-1,
1323,519,518,-1,
1323,520,519,-1,
1020,1019,522,-1,
1020,522,523,-1,
1021,523,524,-1,
1021,1020,523,-1,
1022,524,525,-1,
1022,525,526,-1,
1022,1021,524,-1,
1023,1022,526,-1,
1024,526,527,-1,
1024,527,528,-1,
1024,1023,526,-1,
1025,1024,528,-1,
1026,528,529,-1,
1026,1025,528,-1,
1027,529,530,-1,
1027,530,531,-1,
1027,1026,529,-1,
1028,531,532,-1,
1028,1027,531,-1,
1029,1028,532,-1,
1029,532,533,-1,
1030,1029,533,-1,
1031,1030,533,-1,
1031,533,534,-1,
1031,534,535,-1,
1032,535,536,-1,
1032,1031,535,-1,
1033,1032,536,-1,
1034,536,537,-1,
1034,1033,536,-1,
1035,537,538,-1,
1035,1034,537,-1,
1036,538,539,-1,
1036,1035,538,-1,
1037,539,540,-1,
1037,540,541,-1,
1037,1036,539,-1,
1038,1037,541,-1,
1039,541,542,-1,
1039,542,543,-1,
1039,1038,541,-1,
1040,543,544,-1,
1040,1039,543,-1,
1041,1040,544,-1,
1042,544,545,-1,
1042,1041,544,-1,
1043,545,546,-1,
1043,1042,545,-1,
1044,546,547,-1,
1044,547,548,-1,
1044,1043,546,-1,
1045,1044,548,-1,
1017,548,549,-1,
1017,1045,548,-1,
1018,1017,549,-1,
1018,549,550,-1,
741,739,606,-1,
741,606,607,-1,
742,607,608,-1,
742,741,607,-1,
743,608,609,-1,
743,609,610,-1,
743,742,608,-1,
744,743,610,-1,
745,610,611,-1,
745,611,612,-1,
745,744,610,-1,
746,745,612,-1,
747,612,613,-1,
747,746,612,-1,
748,613,614,-1,
748,614,615,-1,
748,747,613,-1,
749,615,616,-1,
749,748,615,-1,
750,749,616,-1,
750,616,617,-1,
751,750,617,-1,
752,751,617,-1,
752,617,618,-1,
752,618,619,-1,
753,619,620,-1,
753,752,619,-1,
754,753,620,-1,
755,620,621,-1,
755,754,620,-1,
756,621,622,-1,
756,755,621,-1,
757,622,623,-1,
757,756,622,-1,
758,623,624,-1,
758,624,625,-1,
758,757,623,-1,
759,758,625,-1,
760,625,626,-1,
760,626,627,-1,
760,759,625,-1,
761,627,628,-1,
761,760,627,-1,
762,761,628,-1,
763,628,629,-1,
763,762,628,-1,
764,629,630,-1,
764,763,629,-1,
765,630,631,-1,
765,631,632,-1,
765,764,630,-1,
766,765,632,-1,
740,632,633,-1,
740,766,632,-1,
1381,1018,550,-1,
1381,550,551,-1,
1382,551,552,-1,
1382,1381,551,-1,
1383,552,553,-1,
1383,553,554,-1,
1383,1382,552,-1,
1384,1383,554,-1,
1385,554,555,-1,
1385,555,556,-1,
1385,1384,554,-1,
1386,1385,556,-1,
1387,556,557,-1,
1387,1386,556,-1,
1388,557,558,-1,
1388,558,559,-1,
1388,1387,557,-1,
1389,559,560,-1,
1389,1388,559,-1,
1390,1389,560,-1,
1390,560,561,-1,
1391,1390,561,-1,
1392,1391,561,-1,
1392,561,562,-1,
1392,562,563,-1,
1393,563,564,-1,
1393,1392,563,-1,
1394,1393,564,-1,
1395,564,565,-1,
1395,1394,564,-1,
1396,565,566,-1,
1396,1395,565,-1,
1397,566,567,-1,
1397,1396,566,-1,
1398,567,568,-1,
1398,568,569,-1,
1398,1397,567,-1,
1399,1398,569,-1,
1400,569,570,-1,
1400,570,571,-1,
1400,1399,569,-1,
1401,571,572,-1,
1401,1400,571,-1,
1402,1401,572,-1,
1403,572,573,-1,
1403,1402,572,-1,
1404,573,574,-1,
1404,1403,573,-1,
1405,574,575,-1,
1405,575,576,-1,
1405,1404,574,-1,
1406,576,577,-1,
1406,1405,576,-1,
1353,1406,577,-1,
739,768,605,-1,
739,605,606,-1,
1355,1354,578,-1,
1355,578,579,-1,
1356,579,580,-1,
1356,1355,579,-1,
1357,580,581,-1,
1357,581,582,-1,
1357,1356,580,-1,
1358,1357,582,-1,
1359,582,583,-1,
1359,583,584,-1,
1359,1358,582,-1,
1360,1359,584,-1,
1361,584,585,-1,
1361,1360,584,-1,
1362,585,586,-1,
1362,586,587,-1,
1362,1361,585,-1,
1363,587,588,-1,
1363,1362,587,-1,
1364,1363,588,-1,
1364,588,589,-1,
1365,1364,589,-1,
1366,1365,589,-1,
1366,589,590,-1,
1366,590,591,-1,
1367,591,592,-1,
1367,1366,591,-1,
1368,1367,592,-1,
1369,592,593,-1,
1369,1368,592,-1,
1370,593,594,-1,
1370,1369,593,-1,
1371,594,595,-1,
1371,1370,594,-1,
1372,595,596,-1,
1372,596,597,-1,
1372,1371,595,-1,
1373,1372,597,-1,
1374,597,598,-1,
1374,598,599,-1,
1374,1373,597,-1,
1375,599,600,-1,
1375,1374,599,-1,
1376,1375,600,-1,
1377,600,601,-1,
1377,1376,600,-1,
1378,601,602,-1,
1378,1377,601,-1,
1379,602,603,-1,
1379,603,604,-1,
1379,1378,602,-1,
1380,1379,604,-1,
768,604,605,-1,
768,1380,604,-1,
635,1515,634,-1,
635,1516,1515,-1,
636,1517,1516,-1,
636,1516,635,-1,
637,1518,1517,-1,
637,1517,636,-1,
638,1519,1518,-1,
638,1518,637,-1,
639,1520,1519,-1,
639,1519,638,-1,
640,1521,1520,-1,
640,1520,639,-1,
641,1522,1521,-1,
641,1521,640,-1,
642,1523,1522,-1,
642,1524,1523,-1,
642,1522,641,-1,
643,1525,1524,-1,
643,1524,642,-1,
644,1525,643,-1,
645,1526,1525,-1,
645,1525,644,-1,
646,1527,1526,-1,
646,1528,1527,-1,
646,1526,645,-1,
647,1528,646,-1,
648,1529,1528,-1,
648,1528,647,-1,
649,1530,1529,-1,
649,1529,648,-1,
650,1531,1530,-1,
650,1530,649,-1,
651,1532,1531,-1,
651,1531,650,-1,
652,1533,1532,-1,
652,1532,651,-1,
653,1534,1533,-1,
653,1533,652,-1,
654,1535,1534,-1,
654,1534,653,-1,
655,1536,1535,-1,
655,1535,654,-1,
656,1536,655,-1,
656,1537,1536,-1,
657,1537,656,-1,
657,1538,1537,-1,
658,1538,657,-1,
658,1539,1538,-1,
659,1539,658,-1,
659,1540,1539,-1,
660,1540,659,-1,
660,1541,1540,-1,
661,1541,660,-1,
661,1542,1541,-1,
662,1542,661,-1,
662,1543,1542,-1,
663,1543,662,-1,
663,1544,1543,-1,
664,1545,1544,-1,
664,1544,663,-1,
665,1546,1545,-1,
665,1545,664,-1,
666,1547,1546,-1,
666,1546,665,-1,
667,1548,1547,-1,
667,1547,666,-1,
668,1549,1548,-1,
668,1548,667,-1,
669,1550,1549,-1,
669,1549,668,-1,
670,1551,1550,-1,
670,1550,669,-1,
671,1552,1551,-1,
671,1551,670,-1,
672,1553,1552,-1,
672,1552,671,-1,
673,1554,1553,-1,
673,1553,672,-1,
674,1555,1554,-1,
674,1554,673,-1,
675,1556,1555,-1,
675,1555,674,-1,
676,1557,1556,-1,
676,1556,675,-1,
677,1558,1557,-1,
677,1557,676,-1,
678,1559,1558,-1,
678,1558,677,-1,
679,1560,1559,-1,
679,1559,678,-1,
680,1561,1560,-1,
680,1560,679,-1,
681,1561,680,-1,
681,1562,1561,-1,
682,1562,681,-1,
682,1563,1562,-1,
682,1564,1563,-1,
683,1564,682,-1,
684,1564,683,-1,
684,1565,1564,-1,
685,1565,684,-1,
685,1566,1565,-1,
686,1566,685,-1,
686,1567,1566,-1,
687,1567,686,-1,
687,1568,1567,-1,
688,1568,687,-1,
688,1569,1568,-1,
688,1570,1569,-1,
689,1570,688,-1,
689,1571,1570,-1,
690,1571,689,-1,
690,1572,1571,-1,
691,1572,690,-1,
692,1572,691,-1,
692,1573,1572,-1,
693,1573,692,-1,
693,1574,1573,-1,
694,1574,693,-1,
694,1575,1574,-1,
695,1575,694,-1,
695,1576,1575,-1,
695,1577,1576,-1,
696,1577,695,-1,
697,1577,696,-1,
697,1578,1577,-1,
698,1579,1578,-1,
698,1578,697,-1,
699,1580,1579,-1,
699,1581,1580,-1,
699,1579,698,-1,
700,1581,699,-1,
701,1582,1581,-1,
701,1581,700,-1,
702,1583,1582,-1,
702,1584,1583,-1,
702,1582,701,-1,
703,1585,1584,-1,
703,1584,702,-1,
704,1585,703,-1,
705,1586,1585,-1,
705,1585,704,-1,
706,1586,705,-1,
706,1587,1586,-1,
707,1587,706,-1,
707,1588,1587,-1,
707,1589,1588,-1,
708,1589,707,-1,
709,1589,708,-1,
709,1590,1589,-1,
709,1591,1590,-1,
710,1591,709,-1,
711,1591,710,-1,
711,1592,1591,-1,
712,1592,711,-1,
712,1593,1592,-1,
712,1594,1593,-1,
713,1594,712,-1,
714,1594,713,-1,
714,1595,1594,-1,
715,1595,714,-1,
715,1596,1595,-1,
716,1596,715,-1,
716,1597,1596,-1,
717,1597,716,-1,
717,1598,1597,-1,
718,1598,717,-1,
718,1599,1598,-1,
719,1599,718,-1,
719,1600,1599,-1,
719,1601,1600,-1,
720,1601,719,-1,
721,1601,720,-1,
721,1602,1601,-1,
722,1602,721,-1,
722,1603,1602,-1,
723,1603,722,-1,
723,1604,1603,-1,
724,1604,723,-1,
724,1605,1604,-1,
725,1605,724,-1,
725,1606,1605,-1,
725,1607,1606,-1,
726,1607,725,-1,
727,1607,726,-1,
727,1608,1607,-1,
728,1608,727,-1,
728,1609,1608,-1,
729,1609,728,-1,
729,1610,1609,-1,
729,1611,1610,-1,
730,1611,729,-1,
731,1611,730,-1,
731,1612,1611,-1,
732,1612,731,-1,
732,1613,1612,-1,
733,1613,732,-1,
733,1614,1613,-1,
734,1615,1614,-1,
734,1614,733,-1,
735,1616,1615,-1,
735,1615,734,-1,
736,1617,1616,-1,
736,1616,735,-1,
737,1618,1617,-1,
737,1617,736,-1,
738,1619,1618,-1,
738,1618,737,-1,
634,1515,1619,-1,
634,1619,738,-1,
1297,1296,769,-1,
1297,769,770,-1,
1298,770,771,-1,
1298,1297,770,-1,
1299,771,772,-1,
1299,772,773,-1,
1299,1298,771,-1,
1300,1299,773,-1,
1301,773,774,-1,
1301,774,775,-1,
1301,1300,773,-1,
1302,1301,775,-1,
1303,775,776,-1,
1303,1302,775,-1,
1304,776,777,-1,
1304,777,778,-1,
1304,1303,776,-1,
1305,778,779,-1,
1305,1304,778,-1,
1306,1305,779,-1,
1306,779,780,-1,
1307,1306,780,-1,
1308,1307,780,-1,
1308,780,781,-1,
1308,781,782,-1,
1309,782,783,-1,
1309,1308,782,-1,
1310,1309,783,-1,
1311,783,784,-1,
1311,1310,783,-1,
1312,784,785,-1,
1312,1311,784,-1,
1313,785,786,-1,
1313,1312,785,-1,
1314,786,787,-1,
1314,787,788,-1,
1314,1313,786,-1,
1315,1314,788,-1,
1316,788,789,-1,
1316,789,790,-1,
1316,1315,788,-1,
1317,790,791,-1,
1317,1316,790,-1,
1318,1317,791,-1,
1319,791,792,-1,
1319,1318,791,-1,
1320,792,793,-1,
1320,1319,792,-1,
1321,793,794,-1,
1321,794,795,-1,
1321,1320,793,-1,
1322,1321,795,-1,
1294,795,796,-1,
1294,1322,795,-1,
1295,1294,796,-1,
1295,796,797,-1,
988,986,853,-1,
988,853,854,-1,
989,854,855,-1,
989,988,854,-1,
990,855,856,-1,
990,856,857,-1,
990,989,855,-1,
991,990,857,-1,
992,857,858,-1,
992,858,859,-1,
992,991,857,-1,
993,992,859,-1,
994,859,860,-1,
994,993,859,-1,
995,860,861,-1,
995,861,862,-1,
995,994,860,-1,
996,862,863,-1,
996,995,862,-1,
997,996,863,-1,
997,863,864,-1,
998,997,864,-1,
999,998,864,-1,
999,864,865,-1,
999,865,866,-1,
1000,866,867,-1,
1000,999,866,-1,
1001,1000,867,-1,
1002,867,868,-1,
1002,1001,867,-1,
1003,868,869,-1,
1003,1002,868,-1,
1004,869,870,-1,
1004,1003,869,-1,
1005,870,871,-1,
1005,871,872,-1,
1005,1004,870,-1,
1006,1005,872,-1,
1007,872,873,-1,
1007,873,874,-1,
1007,1006,872,-1,
1008,874,875,-1,
1008,1007,874,-1,
1009,1008,875,-1,
1010,875,876,-1,
1010,1009,875,-1,
1011,876,877,-1,
1011,1010,876,-1,
1012,877,878,-1,
1012,878,879,-1,
1012,1011,877,-1,
1013,1012,879,-1,
987,879,880,-1,
987,1013,879,-1,
1435,1295,797,-1,
1435,797,798,-1,
1436,798,799,-1,
1436,1435,798,-1,
1437,799,800,-1,
1437,800,801,-1,
1437,1436,799,-1,
1438,1437,801,-1,
1439,801,802,-1,
1439,802,803,-1,
1439,1438,801,-1,
1440,1439,803,-1,
1441,803,804,-1,
1441,1440,803,-1,
1442,804,805,-1,
1442,805,806,-1,
1442,1441,804,-1,
1443,806,807,-1,
1443,1442,806,-1,
1444,1443,807,-1,
1444,807,808,-1,
1445,1444,808,-1,
1446,1445,808,-1,
1446,808,809,-1,
1446,809,810,-1,
1447,810,811,-1,
1447,1446,810,-1,
1448,1447,811,-1,
1449,811,812,-1,
1449,1448,811,-1,
1450,812,813,-1,
1450,1449,812,-1,
1451,813,814,-1,
1451,1450,813,-1,
1452,814,815,-1,
1452,815,816,-1,
1452,1451,814,-1,
1453,1452,816,-1,
1454,816,817,-1,
1454,817,818,-1,
1454,1453,816,-1,
1455,818,819,-1,
1455,1454,818,-1,
1456,1455,819,-1,
1457,819,820,-1,
1457,1456,819,-1,
1458,820,821,-1,
1458,1457,820,-1,
1459,821,822,-1,
1459,822,823,-1,
1459,1458,821,-1,
1460,1459,823,-1,
1407,823,824,-1,
1407,1460,823,-1,
986,1015,852,-1,
986,852,853,-1,
1409,1408,825,-1,
1409,825,826,-1,
1410,826,827,-1,
1410,1409,826,-1,
1411,827,828,-1,
1411,828,829,-1,
1411,1410,827,-1,
1412,1411,829,-1,
1413,829,830,-1,
1413,830,831,-1,
1413,1412,829,-1,
1414,1413,831,-1,
1415,831,832,-1,
1415,1414,831,-1,
1416,832,833,-1,
1416,833,834,-1,
1416,1415,832,-1,
1417,834,835,-1,
1417,1416,834,-1,
1418,1417,835,-1,
1418,835,836,-1,
1419,1418,836,-1,
1420,1419,836,-1,
1420,836,837,-1,
1420,837,838,-1,
1421,838,839,-1,
1421,1420,838,-1,
1422,1421,839,-1,
1423,839,840,-1,
1423,1422,839,-1,
1424,840,841,-1,
1424,1423,840,-1,
1425,841,842,-1,
1425,1424,841,-1,
1426,842,843,-1,
1426,843,844,-1,
1426,1425,842,-1,
1427,1426,844,-1,
1428,844,845,-1,
1428,845,846,-1,
1428,1427,844,-1,
1429,846,847,-1,
1429,1428,846,-1,
1430,1429,847,-1,
1431,847,848,-1,
1431,1430,847,-1,
1432,848,849,-1,
1432,1431,848,-1,
1433,849,850,-1,
1433,850,851,-1,
1433,1432,849,-1,
1434,1433,851,-1,
1015,851,852,-1,
1015,1434,851,-1,
882,1620,881,-1,
882,1621,1620,-1,
883,1622,1621,-1,
883,1621,882,-1,
884,1623,1622,-1,
884,1622,883,-1,
885,1624,1623,-1,
885,1623,884,-1,
886,1625,1624,-1,
886,1624,885,-1,
887,1626,1625,-1,
887,1625,886,-1,
888,1627,1626,-1,
888,1626,887,-1,
889,1628,1627,-1,
889,1629,1628,-1,
889,1627,888,-1,
890,1630,1629,-1,
890,1629,889,-1,
891,1630,890,-1,
892,1631,1630,-1,
892,1630,891,-1,
893,1632,1631,-1,
893,1633,1632,-1,
893,1631,892,-1,
894,1633,893,-1,
895,1634,1633,-1,
895,1633,894,-1,
896,1635,1634,-1,
896,1634,895,-1,
897,1636,1635,-1,
897,1635,896,-1,
898,1637,1636,-1,
898,1636,897,-1,
899,1638,1637,-1,
899,1637,898,-1,
900,1639,1638,-1,
900,1638,899,-1,
901,1640,1639,-1,
901,1639,900,-1,
902,1641,1640,-1,
902,1640,901,-1,
903,1641,902,-1,
903,1642,1641,-1,
904,1642,903,-1,
904,1643,1642,-1,
905,1643,904,-1,
905,1644,1643,-1,
906,1644,905,-1,
906,1645,1644,-1,
907,1645,906,-1,
907,1646,1645,-1,
908,1646,907,-1,
908,1647,1646,-1,
909,1647,908,-1,
909,1648,1647,-1,
910,1648,909,-1,
910,1649,1648,-1,
911,1650,1649,-1,
911,1649,910,-1,
912,1651,1650,-1,
912,1650,911,-1,
913,1652,1651,-1,
913,1651,912,-1,
914,1653,1652,-1,
914,1652,913,-1,
915,1654,1653,-1,
915,1653,914,-1,
916,1655,1654,-1,
916,1654,915,-1,
917,1656,1655,-1,
917,1655,916,-1,
918,1657,1656,-1,
918,1656,917,-1,
919,1658,1657,-1,
919,1657,918,-1,
920,1659,1658,-1,
920,1658,919,-1,
921,1660,1659,-1,
921,1659,920,-1,
922,1661,1660,-1,
922,1660,921,-1,
923,1662,1661,-1,
923,1661,922,-1,
924,1663,1662,-1,
924,1662,923,-1,
925,1664,1663,-1,
925,1663,924,-1,
926,1665,1664,-1,
926,1664,925,-1,
927,1666,1665,-1,
927,1665,926,-1,
928,1666,927,-1,
928,1667,1666,-1,
929,1667,928,-1,
929,1668,1667,-1,
929,1669,1668,-1,
930,1669,929,-1,
931,1669,930,-1,
931,1670,1669,-1,
932,1670,931,-1,
932,1671,1670,-1,
933,1671,932,-1,
933,1672,1671,-1,
934,1672,933,-1,
934,1673,1672,-1,
935,1673,934,-1,
935,1674,1673,-1,
935,1675,1674,-1,
936,1675,935,-1,
936,1676,1675,-1,
937,1676,936,-1,
937,1677,1676,-1,
938,1677,937,-1,
939,1677,938,-1,
939,1678,1677,-1,
940,1678,939,-1,
940,1679,1678,-1,
941,1679,940,-1,
941,1680,1679,-1,
942,1680,941,-1,
942,1681,1680,-1,
942,1682,1681,-1,
943,1682,942,-1,
944,1682,943,-1,
944,1683,1682,-1,
945,1684,1683,-1,
945,1683,944,-1,
946,1685,1684,-1,
946,1686,1685,-1,
946,1684,945,-1,
947,1686,946,-1,
948,1687,1686,-1,
948,1686,947,-1,
949,1688,1687,-1,
949,1689,1688,-1,
949,1687,948,-1,
950,1690,1689,-1,
950,1689,949,-1,
951,1690,950,-1,
952,1691,1690,-1,
952,1690,951,-1,
953,1691,952,-1,
953,1692,1691,-1,
954,1692,953,-1,
954,1693,1692,-1,
954,1694,1693,-1,
955,1694,954,-1,
956,1694,955,-1,
956,1695,1694,-1,
956,1696,1695,-1,
957,1696,956,-1,
958,1696,957,-1,
958,1697,1696,-1,
959,1697,958,-1,
959,1698,1697,-1,
959,1699,1698,-1,
960,1699,959,-1,
961,1699,960,-1,
961,1700,1699,-1,
962,1700,961,-1,
962,1701,1700,-1,
963,1701,962,-1,
963,1702,1701,-1,
964,1702,963,-1,
964,1703,1702,-1,
965,1703,964,-1,
965,1704,1703,-1,
966,1704,965,-1,
966,1705,1704,-1,
966,1706,1705,-1,
967,1706,966,-1,
968,1706,967,-1,
968,1707,1706,-1,
969,1707,968,-1,
969,1708,1707,-1,
970,1708,969,-1,
970,1709,1708,-1,
971,1709,970,-1,
971,1710,1709,-1,
972,1710,971,-1,
972,1711,1710,-1,
972,1712,1711,-1,
973,1712,972,-1,
974,1712,973,-1,
974,1713,1712,-1,
975,1713,974,-1,
975,1714,1713,-1,
976,1714,975,-1,
976,1715,1714,-1,
976,1716,1715,-1,
977,1716,976,-1,
978,1716,977,-1,
978,1717,1716,-1,
979,1717,978,-1,
979,1718,1717,-1,
980,1718,979,-1,
980,1719,1718,-1,
981,1720,1719,-1,
981,1719,980,-1,
982,1721,1720,-1,
982,1720,981,-1,
983,1722,1721,-1,
983,1721,982,-1,
984,1723,1722,-1,
984,1722,983,-1,
985,1724,1723,-1,
985,1723,984,-1,
881,1620,1724,-1,
881,1724,985,-1,
1327,1326,1046,-1,
1327,1046,1047,-1,
1328,1047,1048,-1,
1328,1327,1047,-1,
1329,1048,1049,-1,
1329,1049,1050,-1,
1329,1328,1048,-1,
1330,1329,1050,-1,
1331,1050,1051,-1,
1331,1051,1052,-1,
1331,1330,1050,-1,
1332,1331,1052,-1,
1333,1052,1053,-1,
1333,1332,1052,-1,
1334,1053,1054,-1,
1334,1054,1055,-1,
1334,1333,1053,-1,
1335,1055,1056,-1,
1335,1334,1055,-1,
1336,1335,1056,-1,
1336,1056,1057,-1,
1337,1336,1057,-1,
1338,1337,1057,-1,
1338,1057,1058,-1,
1338,1058,1059,-1,
1339,1059,1060,-1,
1339,1338,1059,-1,
1340,1339,1060,-1,
1341,1060,1061,-1,
1341,1340,1060,-1,
1342,1061,1062,-1,
1342,1341,1061,-1,
1343,1062,1063,-1,
1343,1342,1062,-1,
1344,1063,1064,-1,
1344,1064,1065,-1,
1344,1343,1063,-1,
1345,1344,1065,-1,
1346,1065,1066,-1,
1346,1066,1067,-1,
1346,1345,1065,-1,
1347,1067,1068,-1,
1347,1346,1067,-1,
1348,1347,1068,-1,
1349,1068,1069,-1,
1349,1348,1068,-1,
1350,1069,1070,-1,
1350,1349,1069,-1,
1351,1070,1071,-1,
1351,1071,1072,-1,
1351,1350,1070,-1,
1352,1351,1072,-1,
1324,1072,1073,-1,
1324,1352,1072,-1,
1325,1324,1073,-1,
1325,1073,1074,-1,
1265,1263,1130,-1,
1265,1130,1131,-1,
1266,1131,1132,-1,
1266,1265,1131,-1,
1267,1132,1133,-1,
1267,1133,1134,-1,
1267,1266,1132,-1,
1268,1267,1134,-1,
1269,1134,1135,-1,
1269,1135,1136,-1,
1269,1268,1134,-1,
1270,1269,1136,-1,
1271,1136,1137,-1,
1271,1270,1136,-1,
1272,1137,1138,-1,
1272,1138,1139,-1,
1272,1271,1137,-1,
1273,1139,1140,-1,
1273,1272,1139,-1,
1274,1273,1140,-1,
1274,1140,1141,-1,
1275,1274,1141,-1,
1276,1275,1141,-1,
1276,1141,1142,-1,
1276,1142,1143,-1,
1277,1143,1144,-1,
1277,1276,1143,-1,
1278,1277,1144,-1,
1279,1144,1145,-1,
1279,1278,1144,-1,
1280,1145,1146,-1,
1280,1279,1145,-1,
1281,1146,1147,-1,
1281,1280,1146,-1,
1282,1147,1148,-1,
1282,1148,1149,-1,
1282,1281,1147,-1,
1283,1282,1149,-1,
1284,1149,1150,-1,
1284,1150,1151,-1,
1284,1283,1149,-1,
1285,1151,1152,-1,
1285,1284,1151,-1,
1286,1285,1152,-1,
1287,1152,1153,-1,
1287,1286,1152,-1,
1288,1153,1154,-1,
1288,1287,1153,-1,
1289,1154,1155,-1,
1289,1155,1156,-1,
1289,1288,1154,-1,
1290,1289,1156,-1,
1264,1156,1157,-1,
1264,1290,1156,-1,
1489,1325,1074,-1,
1489,1074,1075,-1,
1490,1075,1076,-1,
1490,1489,1075,-1,
1491,1076,1077,-1,
1491,1077,1078,-1,
1491,1490,1076,-1,
1492,1491,1078,-1,
1493,1078,1079,-1,
1493,1079,1080,-1,
1493,1492,1078,-1,
1494,1493,1080,-1,
1495,1080,1081,-1,
1495,1494,1080,-1,
1496,1081,1082,-1,
1496,1082,1083,-1,
1496,1495,1081,-1,
1497,1083,1084,-1,
1497,1496,1083,-1,
1498,1497,1084,-1,
1498,1084,1085,-1,
1499,1498,1085,-1,
1500,1499,1085,-1,
1500,1085,1086,-1,
1500,1086,1087,-1,
1501,1087,1088,-1,
1501,1500,1087,-1,
1502,1501,1088,-1,
1503,1088,1089,-1,
1503,1502,1088,-1,
1504,1089,1090,-1,
1504,1503,1089,-1,
1505,1090,1091,-1,
1505,1504,1090,-1,
1506,1091,1092,-1,
1506,1092,1093,-1,
1506,1505,1091,-1,
1507,1506,1093,-1,
1508,1093,1094,-1,
1508,1094,1095,-1,
1508,1507,1093,-1,
1509,1095,1096,-1,
1509,1508,1095,-1,
1510,1509,1096,-1,
1511,1096,1097,-1,
1511,1510,1096,-1,
1512,1097,1098,-1,
1512,1511,1097,-1,
1513,1098,1099,-1,
1513,1099,1100,-1,
1513,1512,1098,-1,
1514,1513,1100,-1,
1461,1100,1101,-1,
1461,1514,1100,-1,
1263,1292,1129,-1,
1263,1129,1130,-1,
1463,1462,1102,-1,
1463,1102,1103,-1,
1464,1103,1104,-1,
1464,1463,1103,-1,
1465,1104,1105,-1,
1465,1105,1106,-1,
1465,1464,1104,-1,
1466,1465,1106,-1,
1467,1106,1107,-1,
1467,1107,1108,-1,
1467,1466,1106,-1,
1468,1467,1108,-1,
1469,1108,1109,-1,
1469,1468,1108,-1,
1470,1109,1110,-1,
1470,1110,1111,-1,
1470,1469,1109,-1,
1471,1111,1112,-1,
1471,1470,1111,-1,
1472,1471,1112,-1,
1472,1112,1113,-1,
1473,1472,1113,-1,
1474,1473,1113,-1,
1474,1113,1114,-1,
1474,1114,1115,-1,
1475,1115,1116,-1,
1475,1474,1115,-1,
1476,1475,1116,-1,
1477,1116,1117,-1,
1477,1476,1116,-1,
1478,1117,1118,-1,
1478,1477,1117,-1,
1479,1118,1119,-1,
1479,1478,1118,-1,
1480,1119,1120,-1,
1480,1120,1121,-1,
1480,1479,1119,-1,
1481,1480,1121,-1,
1482,1121,1122,-1,
1482,1122,1123,-1,
1482,1481,1121,-1,
1483,1123,1124,-1,
1483,1482,1123,-1,
1484,1483,1124,-1,
1485,1124,1125,-1,
1485,1484,1124,-1,
1486,1125,1126,-1,
1486,1485,1125,-1,
1487,1126,1127,-1,
1487,1127,1128,-1,
1487,1486,1126,-1,
1488,1487,1128,-1,
1292,1128,1129,-1,
1292,1488,1128,-1,
1159,1725,1158,-1,
1159,1726,1725,-1,
1160,1727,1726,-1,
1160,1726,1159,-1,
1161,1728,1727,-1,
1161,1727,1160,-1,
1162,1729,1728,-1,
1162,1728,1161,-1,
1163,1730,1729,-1,
1163,1729,1162,-1,
1164,1731,1730,-1,
1164,1730,1163,-1,
1165,1732,1731,-1,
1165,1731,1164,-1,
1166,1733,1732,-1,
1166,1734,1733,-1,
1166,1732,1165,-1,
1167,1735,1734,-1,
1167,1734,1166,-1,
1168,1735,1167,-1,
1169,1736,1735,-1,
1169,1735,1168,-1,
1170,1737,1736,-1,
1170,1738,1737,-1,
1170,1736,1169,-1,
1171,1738,1170,-1,
1172,1739,1738,-1,
1172,1738,1171,-1,
1173,1740,1739,-1,
1173,1739,1172,-1,
1174,1741,1740,-1,
1174,1740,1173,-1,
1175,1742,1741,-1,
1175,1741,1174,-1,
1176,1743,1742,-1,
1176,1742,1175,-1,
1177,1744,1743,-1,
1177,1743,1176,-1,
1178,1745,1744,-1,
1178,1744,1177,-1,
1179,1746,1745,-1,
1179,1745,1178,-1,
1180,1746,1179,-1,
1180,1747,1746,-1,
1181,1747,1180,-1,
1181,1748,1747,-1,
1182,1748,1181,-1,
1182,1749,1748,-1,
1183,1749,1182,-1,
1183,1750,1749,-1,
1184,1750,1183,-1,
1184,1751,1750,-1,
1185,1751,1184,-1,
1185,1752,1751,-1,
1186,1752,1185,-1,
1186,1753,1752,-1,
1187,1753,1186,-1,
1187,1754,1753,-1,
1188,1755,1754,-1,
1188,1754,1187,-1,
1189,1756,1755,-1,
1189,1755,1188,-1,
1190,1757,1756,-1,
1190,1756,1189,-1,
1191,1758,1757,-1,
1191,1757,1190,-1,
1192,1759,1758,-1,
1192,1758,1191,-1,
1193,1760,1759,-1,
1193,1759,1192,-1,
1194,1761,1760,-1,
1194,1760,1193,-1,
1195,1762,1761,-1,
1195,1761,1194,-1,
1196,1763,1762,-1,
1196,1762,1195,-1,
1197,1764,1763,-1,
1197,1763,1196,-1,
1198,1765,1764,-1,
1198,1764,1197,-1,
1199,1766,1765,-1,
1199,1765,1198,-1,
1200,1767,1766,-1,
1200,1766,1199,-1,
1201,1768,1767,-1,
1201,1767,1200,-1,
1202,1769,1768,-1,
1202,1768,1201,-1,
1203,1770,1769,-1,
1203,1769,1202,-1,
1204,1771,1770,-1,
1204,1770,1203,-1,
1205,1771,1204,-1,
1205,1772,1771,-1,
1206,1772,1205,-1,
1206,1773,1772,-1,
1206,1774,1773,-1,
1207,1774,1206,-1,
1208,1774,1207,-1,
1208,1775,1774,-1,
1209,1775,1208,-1,
1209,1776,1775,-1,
1210,1776,1209,-1,
1210,1777,1776,-1,
1211,1777,1210,-1,
1211,1778,1777,-1,
1212,1778,1211,-1,
1212,1779,1778,-1,
1212,1780,1779,-1,
1213,1780,1212,-1,
1213,1781,1780,-1,
1214,1781,1213,-1,
1214,1782,1781,-1,
1215,1782,1214,-1,
1216,1782,1215,-1,
1216,1783,1782,-1,
1217,1783,1216,-1,
1217,1784,1783,-1,
1218,1784,1217,-1,
1218,1785,1784,-1,
1219,1785,1218,-1,
1219,1786,1785,-1,
1219,1787,1786,-1,
1220,1787,1219,-1,
1221,1787,1220,-1,
1221,1788,1787,-1,
1222,1789,1788,-1,
1222,1788,1221,-1,
1223,1790,1789,-1,
1223,1791,1790,-1,
1223,1789,1222,-1,
1224,1791,1223,-1,
1225,1792,1791,-1,
1225,1791,1224,-1,
1226,1793,1792,-1,
1226,1794,1793,-1,
1226,1792,1225,-1,
1227,1795,1794,-1,
1227,1794,1226,-1,
1228,1795,1227,-1,
1229,1796,1795,-1,
1229,1795,1228,-1,
1230,1796,1229,-1,
1230,1797,1796,-1,
1231,1797,1230,-1,
1231,1798,1797,-1,
1231,1799,1798,-1,
1232,1799,1231,-1,
1233,1799,1232,-1,
1233,1800,1799,-1,
1233,1801,1800,-1,
1234,1801,1233,-1,
1235,1801,1234,-1,
1235,1802,1801,-1,
1236,1802,1235,-1,
1236,1803,1802,-1,
1236,1804,1803,-1,
1237,1804,1236,-1,
1238,1804,1237,-1,
1238,1805,1804,-1,
1239,1805,1238,-1,
1239,1806,1805,-1,
1240,1806,1239,-1,
1240,1807,1806,-1,
1241,1807,1240,-1,
1241,1808,1807,-1,
1242,1808,1241,-1,
1242,1809,1808,-1,
1243,1809,1242,-1,
1243,1810,1809,-1,
1243,1811,1810,-1,
1244,1811,1243,-1,
1245,1811,1244,-1,
1245,1812,1811,-1,
1246,1812,1245,-1,
1246,1813,1812,-1,
1247,1813,1246,-1,
1247,1814,1813,-1,
1248,1814,1247,-1,
1248,1815,1814,-1,
1249,1815,1248,-1,
1249,1816,1815,-1,
1249,1817,1816,-1,
1250,1817,1249,-1,
1251,1817,1250,-1,
1251,1818,1817,-1,
1252,1818,1251,-1,
1252,1819,1818,-1,
1253,1819,1252,-1,
1253,1820,1819,-1,
1253,1821,1820,-1,
1254,1821,1253,-1,
1255,1821,1254,-1,
1255,1822,1821,-1,
1256,1822,1255,-1,
1256,1823,1822,-1,
1257,1823,1256,-1,
1257,1824,1823,-1,
1258,1825,1824,-1,
1258,1824,1257,-1,
1259,1826,1825,-1,
1259,1825,1258,-1,
1260,1827,1826,-1,
1260,1826,1259,-1,
1261,1828,1827,-1,
1261,1827,1260,-1,
1262,1829,1828,-1,
1262,1828,1261,-1,
1158,1725,1829,-1,
1158,1829,1262,-1,
1830,1515,1516,-1,
1833,1832,1831,-1,
1830,1619,1515,-1,
1832,1936,1831,-1,
1937,1516,1517,-1,
1937,1517,1518,-1,
1937,1830,1516,-1,
1938,1834,1833,-1,
1938,1835,1834,-1,
1938,1831,1830,-1,
1938,1833,1831,-1,
1938,1830,1937,-1,
1939,1518,1519,-1,
1939,1519,1520,-1,
1939,1937,1518,-1,
1940,1836,1835,-1,
1940,1837,1836,-1,
1940,1937,1939,-1,
1940,1835,1938,-1,
1940,1938,1937,-1,
1941,1520,1521,-1,
1941,1521,1522,-1,
1941,1939,1520,-1,
1942,1838,1837,-1,
1942,1839,1838,-1,
1942,1837,1940,-1,
1942,1940,1939,-1,
1942,1939,1941,-1,
1943,1522,1523,-1,
1943,1523,1524,-1,
1943,1941,1522,-1,
1944,1840,1839,-1,
1944,1841,1840,-1,
1944,1942,1941,-1,
1944,1941,1943,-1,
1944,1839,1942,-1,
1945,1524,1525,-1,
1945,1525,1526,-1,
1945,1943,1524,-1,
1946,1842,1841,-1,
1946,1843,1842,-1,
1946,1943,1945,-1,
1946,1841,1944,-1,
1946,1944,1943,-1,
1947,1526,1527,-1,
1947,1527,1528,-1,
1947,1945,1526,-1,
1948,1946,1945,-1,
1948,1844,1843,-1,
1948,1845,1844,-1,
1948,1843,1946,-1,
1948,1945,1947,-1,
1949,1528,1529,-1,
1949,1529,1530,-1,
1949,1947,1528,-1,
1950,1845,1948,-1,
1950,1948,1947,-1,
1950,1846,1845,-1,
1950,1847,1846,-1,
1950,1947,1949,-1,
1951,1530,1531,-1,
1951,1531,1532,-1,
1951,1949,1530,-1,
1952,1949,1951,-1,
1952,1848,1847,-1,
1952,1849,1848,-1,
1952,1847,1950,-1,
1952,1950,1949,-1,
1953,1951,1532,-1,
1953,1532,1533,-1,
1953,1533,1534,-1,
1954,1850,1849,-1,
1954,1851,1850,-1,
1954,1952,1951,-1,
1954,1849,1952,-1,
1954,1951,1953,-1,
1955,1534,1535,-1,
1955,1535,1536,-1,
1955,1953,1534,-1,
1956,1851,1954,-1,
1956,1852,1851,-1,
1956,1853,1852,-1,
1956,1954,1953,-1,
1956,1953,1955,-1,
1957,1536,1537,-1,
1957,1537,1538,-1,
1957,1955,1536,-1,
1958,1854,1853,-1,
1958,1855,1854,-1,
1958,1955,1957,-1,
1958,1956,1955,-1,
1958,1853,1956,-1,
1959,1957,1538,-1,
1959,1538,1539,-1,
1959,1539,1540,-1,
1960,1856,1855,-1,
1960,1857,1856,-1,
1960,1958,1957,-1,
1960,1855,1958,-1,
1960,1957,1959,-1,
1961,1540,1541,-1,
1961,1541,1542,-1,
1961,1959,1540,-1,
1962,1959,1961,-1,
1962,1857,1960,-1,
1962,1858,1857,-1,
1962,1859,1858,-1,
1962,1960,1959,-1,
1963,1542,1543,-1,
1963,1543,1544,-1,
1963,1961,1542,-1,
1964,1961,1963,-1,
1964,1962,1961,-1,
1964,1860,1859,-1,
1964,1861,1860,-1,
1964,1859,1962,-1,
1965,1964,1963,-1,
1965,1544,1545,-1,
1965,1545,1546,-1,
1965,1963,1544,-1,
1966,1862,1861,-1,
1966,1863,1862,-1,
1966,1964,1965,-1,
1966,1861,1964,-1,
1967,1546,1547,-1,
1967,1547,1548,-1,
1967,1965,1546,-1,
1968,1966,1965,-1,
1968,1864,1863,-1,
1968,1865,1864,-1,
1968,1965,1967,-1,
1968,1863,1966,-1,
1969,1548,1549,-1,
1969,1549,1550,-1,
1969,1967,1548,-1,
1970,1865,1968,-1,
1970,1866,1865,-1,
1970,1867,1866,-1,
1970,1967,1969,-1,
1970,1968,1967,-1,
1971,1550,1551,-1,
1971,1551,1552,-1,
1971,1969,1550,-1,
1972,1969,1971,-1,
1972,1868,1867,-1,
1972,1869,1868,-1,
1972,1970,1969,-1,
1972,1867,1970,-1,
1973,1552,1553,-1,
1973,1553,1554,-1,
1973,1971,1552,-1,
1974,1972,1971,-1,
1974,1971,1973,-1,
1974,1870,1869,-1,
1974,1871,1870,-1,
1974,1869,1972,-1,
1975,1554,1555,-1,
1975,1555,1556,-1,
1975,1973,1554,-1,
1976,1974,1973,-1,
1976,1872,1871,-1,
1976,1873,1872,-1,
1976,1871,1974,-1,
1976,1973,1975,-1,
1977,1975,1556,-1,
1977,1976,1975,-1,
1977,1556,1557,-1,
1977,1557,1558,-1,
1978,1976,1977,-1,
1978,1873,1976,-1,
1978,1874,1873,-1,
1978,1875,1874,-1,
1979,1977,1558,-1,
1979,1978,1977,-1,
1979,1558,1559,-1,
1979,1559,1560,-1,
1980,1875,1978,-1,
1980,1978,1979,-1,
1980,1876,1875,-1,
1980,1877,1876,-1,
1981,1560,1561,-1,
1981,1561,1562,-1,
1981,1979,1560,-1,
1982,1979,1981,-1,
1982,1877,1980,-1,
1982,1980,1979,-1,
1982,1878,1877,-1,
1982,1879,1878,-1,
1983,1562,1563,-1,
1983,1563,1564,-1,
1983,1981,1562,-1,
1984,1880,1879,-1,
1984,1881,1880,-1,
1984,1982,1981,-1,
1984,1981,1983,-1,
1984,1879,1982,-1,
1985,1983,1564,-1,
1985,1564,1565,-1,
1985,1565,1566,-1,
1986,1882,1881,-1,
1986,1883,1882,-1,
1986,1983,1985,-1,
1986,1984,1983,-1,
1986,1881,1984,-1,
1987,1985,1566,-1,
1987,1566,1567,-1,
1988,1985,1987,-1,
1988,1986,1985,-1,
1988,1884,1883,-1,
1988,1883,1986,-1,
1989,1567,1568,-1,
1989,1568,1569,-1,
1989,1987,1567,-1,
1990,1988,1987,-1,
1990,1884,1988,-1,
1990,1885,1884,-1,
1990,1886,1885,-1,
1990,1987,1989,-1,
1991,1989,1569,-1,
1991,1569,1570,-1,
1991,1570,1571,-1,
1992,1989,1991,-1,
1992,1886,1990,-1,
1992,1887,1886,-1,
1992,1888,1887,-1,
1992,1990,1989,-1,
1993,1991,1571,-1,
1993,1571,1572,-1,
1993,1572,1573,-1,
1993,1992,1991,-1,
1994,1992,1993,-1,
1994,1889,1888,-1,
1994,1890,1889,-1,
1994,1888,1992,-1,
1995,1993,1573,-1,
1995,1573,1574,-1,
1995,1574,1575,-1,
1996,1890,1994,-1,
1996,1993,1995,-1,
1996,1891,1890,-1,
1996,1892,1891,-1,
1996,1994,1993,-1,
1997,1575,1576,-1,
1997,1576,1577,-1,
1997,1995,1575,-1,
1998,1892,1996,-1,
1998,1995,1997,-1,
1998,1996,1995,-1,
1998,1893,1892,-1,
1998,1894,1893,-1,
1999,1997,1577,-1,
1999,1577,1578,-1,
1999,1578,1579,-1,
2000,1894,1998,-1,
2000,1997,1999,-1,
2000,1895,1894,-1,
2000,1896,1895,-1,
2000,1998,1997,-1,
2001,1999,1579,-1,
2001,1579,1580,-1,
2001,1580,1581,-1,
2002,1999,2001,-1,
2002,1897,1896,-1,
2002,1898,1897,-1,
2002,2000,1999,-1,
2002,1896,2000,-1,
2003,1581,1582,-1,
2003,1582,1583,-1,
2003,2001,1581,-1,
2004,1898,2002,-1,
2004,2002,2001,-1,
2004,2001,2003,-1,
2004,1899,1898,-1,
2004,1900,1899,-1,
2005,2003,1583,-1,
2005,1583,1584,-1,
2005,1584,1585,-1,
2006,2004,2003,-1,
2006,1901,1900,-1,
2006,1902,1901,-1,
2006,1900,2004,-1,
2006,2003,2005,-1,
2007,1585,1586,-1,
2007,1586,1587,-1,
2007,2005,1585,-1,
2008,2006,2005,-1,
2008,1902,2006,-1,
2008,1903,1902,-1,
2008,1904,1903,-1,
2008,2005,2007,-1,
2009,2007,1587,-1,
2009,1587,1588,-1,
2009,1588,1589,-1,
2010,2008,2007,-1,
2010,1904,2008,-1,
2010,1905,1904,-1,
2010,1906,1905,-1,
2010,2007,2009,-1,
2011,2009,1589,-1,
2011,2010,2009,-1,
2011,1589,1590,-1,
2011,1590,1591,-1,
2012,1906,2010,-1,
2012,1907,1906,-1,
2012,1908,1907,-1,
2012,2010,2011,-1,
2013,2011,1591,-1,
2013,1591,1592,-1,
2013,1592,1593,-1,
2014,2011,2013,-1,
2014,1908,2012,-1,
2014,1909,1908,-1,
2014,1910,1909,-1,
2014,2012,2011,-1,
2015,2013,1593,-1,
2015,1593,1594,-1,
2015,1594,1595,-1,
2016,2013,2015,-1,
2016,2014,2013,-1,
2016,1910,2014,-1,
2016,1911,1910,-1,
2016,1912,1911,-1,
2017,2015,1595,-1,
2017,1595,1596,-1,
2017,1596,1597,-1,
2018,2016,2015,-1,
2018,2015,2017,-1,
2018,1912,2016,-1,
2018,1913,1912,-1,
2018,1914,1913,-1,
2019,2017,1597,-1,
2019,1597,1598,-1,
2019,1598,1599,-1,
2020,2018,2017,-1,
2020,2017,2019,-1,
2020,1914,2018,-1,
2020,1915,1914,-1,
2020,1916,1915,-1,
2021,2019,1599,-1,
2021,1599,1600,-1,
2021,1600,1601,-1,
2022,2020,2019,-1,
2022,2019,2021,-1,
2022,1916,2020,-1,
2022,1917,1916,-1,
2022,1918,1917,-1,
2023,2021,1601,-1,
2023,1601,1602,-1,
2023,1602,1603,-1,
2024,2022,2021,-1,
2024,2021,2023,-1,
2024,1918,2022,-1,
2024,1919,1918,-1,
2024,1920,1919,-1,
2025,2023,1603,-1,
2025,1603,1604,-1,
2025,1604,1605,-1,
2026,2023,2025,-1,
2026,2024,2023,-1,
2026,1920,2024,-1,
2026,1921,1920,-1,
2026,1922,1921,-1,
2027,2025,1605,-1,
2027,2026,2025,-1,
2027,1605,1606,-1,
2027,1606,1607,-1,
2028,2026,2027,-1,
2028,1922,2026,-1,
2028,1923,1922,-1,
2028,1924,1923,-1,
2029,1607,1608,-1,
2029,1608,1609,-1,
2029,2027,1607,-1,
2030,1926,1925,-1,
2030,2027,2029,-1,
2030,2028,2027,-1,
2030,1924,2028,-1,
2030,1925,1924,-1,
2031,1609,1610,-1,
2031,1610,1611,-1,
2031,2029,1609,-1,
2032,1927,1926,-1,
2032,1928,1927,-1,
2032,2029,2031,-1,
2032,1926,2030,-1,
2032,2030,2029,-1,
2033,2031,1611,-1,
2033,2032,2031,-1,
2033,1611,1612,-1,
2033,1612,1613,-1,
2034,1929,1928,-1,
2034,1930,1929,-1,
2034,1928,2032,-1,
2034,2032,2033,-1,
2035,2033,1613,-1,
2035,1613,1614,-1,
2035,1614,1615,-1,
2036,1931,1930,-1,
2036,1932,1931,-1,
2036,1930,2034,-1,
2036,2034,2033,-1,
2036,2033,2035,-1,
2037,1615,1616,-1,
2037,1616,1617,-1,
2037,2035,1615,-1,
2038,1933,1932,-1,
2038,1934,1933,-1,
2038,1932,2036,-1,
2038,2036,2035,-1,
2038,2035,2037,-1,
2039,1617,1618,-1,
2039,1618,1619,-1,
2039,2037,1617,-1,
2039,1619,1830,-1,
2040,1830,1831,-1,
2040,1935,1934,-1,
2040,1936,1935,-1,
2040,1934,2038,-1,
2040,2038,2037,-1,
2040,2037,2039,-1,
2040,2039,1830,-1,
2040,1831,1936,-1,
2041,1620,1621,-1,
2044,2043,2042,-1,
2041,1724,1620,-1,
2043,2147,2042,-1,
2148,1621,1622,-1,
2148,1622,1623,-1,
2148,2041,1621,-1,
2149,2045,2044,-1,
2149,2046,2045,-1,
2149,2042,2041,-1,
2149,2044,2042,-1,
2149,2041,2148,-1,
2150,1623,1624,-1,
2150,1624,1625,-1,
2150,2148,1623,-1,
2151,2047,2046,-1,
2151,2048,2047,-1,
2151,2148,2150,-1,
2151,2046,2149,-1,
2151,2149,2148,-1,
2152,1625,1626,-1,
2152,1626,1627,-1,
2152,2150,1625,-1,
2153,2049,2048,-1,
2153,2050,2049,-1,
2153,2048,2151,-1,
2153,2151,2150,-1,
2153,2150,2152,-1,
2154,1627,1628,-1,
2154,1628,1629,-1,
2154,2152,1627,-1,
2155,2051,2050,-1,
2155,2052,2051,-1,
2155,2153,2152,-1,
2155,2152,2154,-1,
2155,2050,2153,-1,
2156,1629,1630,-1,
2156,1630,1631,-1,
2156,2154,1629,-1,
2157,2053,2052,-1,
2157,2054,2053,-1,
2157,2154,2156,-1,
2157,2052,2155,-1,
2157,2155,2154,-1,
2158,1631,1632,-1,
2158,1632,1633,-1,
2158,2156,1631,-1,
2159,2157,2156,-1,
2159,2055,2054,-1,
2159,2056,2055,-1,
2159,2054,2157,-1,
2159,2156,2158,-1,
2160,1633,1634,-1,
2160,1634,1635,-1,
2160,2158,1633,-1,
2161,2056,2159,-1,
2161,2159,2158,-1,
2161,2057,2056,-1,
2161,2058,2057,-1,
2161,2158,2160,-1,
2162,1635,1636,-1,
2162,1636,1637,-1,
2162,2160,1635,-1,
2163,2160,2162,-1,
2163,2059,2058,-1,
2163,2060,2059,-1,
2163,2058,2161,-1,
2163,2161,2160,-1,
2164,2162,1637,-1,
2164,1637,1638,-1,
2164,1638,1639,-1,
2165,2061,2060,-1,
2165,2062,2061,-1,
2165,2163,2162,-1,
2165,2060,2163,-1,
2165,2162,2164,-1,
2166,1639,1640,-1,
2166,1640,1641,-1,
2166,2164,1639,-1,
2167,2062,2165,-1,
2167,2165,2164,-1,
2167,2063,2062,-1,
2167,2064,2063,-1,
2167,2164,2166,-1,
2168,1641,1642,-1,
2168,1642,1643,-1,
2168,2166,1641,-1,
2169,2167,2166,-1,
2169,2166,2168,-1,
2169,2065,2064,-1,
2169,2066,2065,-1,
2169,2064,2167,-1,
2170,2168,1643,-1,
2170,1643,1644,-1,
2170,1644,1645,-1,
2171,2067,2066,-1,
2171,2068,2067,-1,
2171,2169,2168,-1,
2171,2066,2169,-1,
2171,2168,2170,-1,
2172,1645,1646,-1,
2172,1646,1647,-1,
2172,2171,2170,-1,
2172,2170,1645,-1,
2173,2068,2171,-1,
2173,2171,2172,-1,
2173,2069,2068,-1,
2173,2070,2069,-1,
2174,2172,1647,-1,
2174,1647,1648,-1,
2174,1648,1649,-1,
2175,2172,2174,-1,
2175,2071,2070,-1,
2175,2072,2071,-1,
2175,2173,2172,-1,
2175,2070,2173,-1,
2176,1649,1650,-1,
2176,1650,1651,-1,
2176,2174,1649,-1,
2176,2175,2174,-1,
2177,2072,2175,-1,
2177,2073,2072,-1,
2177,2074,2073,-1,
2177,2175,2176,-1,
2178,1651,1652,-1,
2178,1652,1653,-1,
2178,2176,1651,-1,
2179,2075,2074,-1,
2179,2076,2075,-1,
2179,2074,2177,-1,
2179,2177,2176,-1,
2179,2176,2178,-1,
2180,1653,1654,-1,
2180,1654,1655,-1,
2180,2178,1653,-1,
2181,2179,2178,-1,
2181,2077,2076,-1,
2181,2078,2077,-1,
2181,2076,2179,-1,
2181,2178,2180,-1,
2182,1655,1656,-1,
2182,1656,1657,-1,
2182,2180,1655,-1,
2183,2180,2182,-1,
2183,2079,2078,-1,
2183,2080,2079,-1,
2183,2181,2180,-1,
2183,2078,2181,-1,
2184,1657,1658,-1,
2184,1658,1659,-1,
2184,2182,1657,-1,
2185,2182,2184,-1,
2185,2183,2182,-1,
2185,2081,2080,-1,
2185,2082,2081,-1,
2185,2080,2183,-1,
2186,1659,1660,-1,
2186,1660,1661,-1,
2186,2184,1659,-1,
2187,2185,2184,-1,
2187,2184,2186,-1,
2187,2083,2082,-1,
2187,2084,2083,-1,
2187,2082,2185,-1,
2188,2187,2186,-1,
2188,1661,1662,-1,
2188,1662,1663,-1,
2188,2186,1661,-1,
2189,2187,2188,-1,
2189,2085,2084,-1,
2189,2086,2085,-1,
2189,2084,2187,-1,
2190,1663,1664,-1,
2190,1664,1665,-1,
2190,2188,1663,-1,
2191,2086,2189,-1,
2191,2189,2188,-1,
2191,2188,2190,-1,
2191,2087,2086,-1,
2191,2088,2087,-1,
2192,2190,1665,-1,
2192,2191,2190,-1,
2192,1665,1666,-1,
2192,1666,1667,-1,
2193,2088,2191,-1,
2193,2089,2088,-1,
2193,2090,2089,-1,
2193,2191,2192,-1,
2194,1667,1668,-1,
2194,1668,1669,-1,
2194,2192,1667,-1,
2195,2091,2090,-1,
2195,2092,2091,-1,
2195,2193,2192,-1,
2195,2192,2194,-1,
2195,2090,2193,-1,
2196,2194,1669,-1,
2196,1669,1670,-1,
2196,1670,1671,-1,
2196,2195,2194,-1,
2197,2195,2196,-1,
2197,2093,2092,-1,
2197,2094,2093,-1,
2197,2092,2195,-1,
2198,2196,1671,-1,
2198,1671,1672,-1,
2199,2095,2094,-1,
2199,2096,2095,-1,
2199,2196,2198,-1,
2199,2197,2196,-1,
2199,2094,2197,-1,
2200,2199,2198,-1,
2200,1672,1673,-1,
2200,1673,1674,-1,
2200,2198,1672,-1,
2201,2096,2199,-1,
2201,2097,2096,-1,
2201,2199,2200,-1,
2202,2200,1674,-1,
2202,1674,1675,-1,
2202,1675,1676,-1,
2203,2201,2200,-1,
2203,2200,2202,-1,
2203,2098,2097,-1,
2203,2099,2098,-1,
2203,2097,2201,-1,
2204,2202,1676,-1,
2204,1676,1677,-1,
2204,1677,1678,-1,
2204,2203,2202,-1,
2205,2099,2203,-1,
2205,2100,2099,-1,
2205,2101,2100,-1,
2205,2203,2204,-1,
2206,1678,1679,-1,
2206,1679,1680,-1,
2206,2204,1678,-1,
2207,2205,2204,-1,
2207,2102,2101,-1,
2207,2103,2102,-1,
2207,2204,2206,-1,
2207,2101,2205,-1,
2208,2206,1680,-1,
2208,1680,1681,-1,
2208,1681,1682,-1,
2209,2103,2207,-1,
2209,2206,2208,-1,
2209,2104,2103,-1,
2209,2105,2104,-1,
2209,2207,2206,-1,
2210,2208,1682,-1,
2210,1682,1683,-1,
2210,1683,1684,-1,
2211,2209,2208,-1,
2211,2105,2209,-1,
2211,2208,2210,-1,
2211,2106,2105,-1,
2211,2107,2106,-1,
2212,1684,1685,-1,
2212,1685,1686,-1,
2212,2210,1684,-1,
2213,2211,2210,-1,
2213,2108,2107,-1,
2213,2109,2108,-1,
2213,2210,2212,-1,
2213,2107,2211,-1,
2214,1686,1687,-1,
2214,1687,1688,-1,
2214,2212,1686,-1,
2215,2212,2214,-1,
2215,2213,2212,-1,
2215,2109,2213,-1,
2215,2110,2109,-1,
2215,2111,2110,-1,
2216,1688,1689,-1,
2216,1689,1690,-1,
2216,2214,1688,-1,
2217,2112,2111,-1,
2217,2113,2112,-1,
2217,2111,2215,-1,
2217,2214,2216,-1,
2217,2215,2214,-1,
2218,2216,1690,-1,
2218,1690,1691,-1,
2218,1691,1692,-1,
2219,2216,2218,-1,
2219,2114,2113,-1,
2219,2115,2114,-1,
2219,2113,2217,-1,
2219,2217,2216,-1,
2220,2218,1692,-1,
2220,1692,1693,-1,
2220,1693,1694,-1,
2221,2115,2219,-1,
2221,2218,2220,-1,
2221,2219,2218,-1,
2221,2116,2115,-1,
2221,2117,2116,-1,
2222,1694,1695,-1,
2222,1695,1696,-1,
2222,2221,2220,-1,
2222,2220,1694,-1,
2223,2221,2222,-1,
2223,2118,2117,-1,
2223,2119,2118,-1,
2223,2117,2221,-1,
2224,2222,1696,-1,
2224,1696,1697,-1,
2224,1697,1698,-1,
2225,2222,2224,-1,
2225,2223,2222,-1,
2225,2119,2223,-1,
2225,2120,2119,-1,
2225,2121,2120,-1,
2226,2224,1698,-1,
2226,2225,2224,-1,
2226,1698,1699,-1,
2226,1699,1700,-1,
2227,2225,2226,-1,
2227,2121,2225,-1,
2227,2122,2121,-1,
2227,2123,2122,-1,
2228,2226,1700,-1,
2228,1700,1701,-1,
2228,1701,1702,-1,
2229,2227,2226,-1,
2229,2226,2228,-1,
2229,2123,2227,-1,
2229,2124,2123,-1,
2229,2125,2124,-1,
2230,2228,1702,-1,
2230,1702,1703,-1,
2230,1703,1704,-1,
2231,2228,2230,-1,
2231,2229,2228,-1,
2231,2125,2229,-1,
2231,2126,2125,-1,
2231,2127,2126,-1,
2232,2231,2230,-1,
2232,2230,1704,-1,
2232,1704,1705,-1,
2232,1705,1706,-1,
2233,2231,2232,-1,
2233,2127,2231,-1,
2233,2128,2127,-1,
2233,2129,2128,-1,
2234,2232,1706,-1,
2234,1706,1707,-1,
2234,1707,1708,-1,
2235,2232,2234,-1,
2235,2233,2232,-1,
2235,2129,2233,-1,
2235,2130,2129,-1,
2235,2131,2130,-1,
2236,2234,1708,-1,
2236,1708,1709,-1,
2236,1709,1710,-1,
2237,2234,2236,-1,
2237,2235,2234,-1,
2237,2131,2235,-1,
2237,2132,2131,-1,
2237,2133,2132,-1,
2238,2236,1710,-1,
2238,1710,1711,-1,
2238,1711,1712,-1,
2239,2237,2236,-1,
2239,2236,2238,-1,
2239,2133,2237,-1,
2239,2134,2133,-1,
2239,2135,2134,-1,
2240,2239,2238,-1,
2240,1712,1713,-1,
2240,1713,1714,-1,
2240,2238,1712,-1,
2241,2137,2136,-1,
2241,2239,2240,-1,
2241,2135,2239,-1,
2241,2136,2135,-1,
2242,2240,1714,-1,
2242,2241,2240,-1,
2242,1714,1715,-1,
2242,1715,1716,-1,
2243,2138,2137,-1,
2243,2139,2138,-1,
2243,2241,2242,-1,
2243,2137,2241,-1,
2244,2242,1716,-1,
2244,1716,1717,-1,
2244,1717,1718,-1,
2245,2140,2139,-1,
2245,2141,2140,-1,
2245,2139,2243,-1,
2245,2242,2244,-1,
2245,2243,2242,-1,
2246,2244,1718,-1,
2246,1718,1719,-1,
2246,1719,1720,-1,
2247,2141,2245,-1,
2247,2142,2141,-1,
2247,2143,2142,-1,
2247,2245,2244,-1,
2247,2244,2246,-1,
2248,1720,1721,-1,
2248,1721,1722,-1,
2248,2247,2246,-1,
2248,2246,1720,-1,
2249,2144,2143,-1,
2249,2145,2144,-1,
2249,2143,2247,-1,
2249,2247,2248,-1,
2250,1722,1723,-1,
2250,1723,1724,-1,
2250,2248,1722,-1,
2250,1724,2041,-1,
2250,2249,2248,-1,
2251,2145,2249,-1,
2251,2041,2042,-1,
2251,2146,2145,-1,
2251,2147,2146,-1,
2251,2250,2041,-1,
2251,2249,2250,-1,
2251,2042,2147,-1,
2252,1725,1726,-1,
2255,2254,2253,-1,
2252,1829,1725,-1,
2254,2358,2253,-1,
2359,1726,1727,-1,
2359,1727,1728,-1,
2359,2252,1726,-1,
2360,2256,2255,-1,
2360,2257,2256,-1,
2360,2253,2252,-1,
2360,2255,2253,-1,
2360,2252,2359,-1,
2361,1728,1729,-1,
2361,1729,1730,-1,
2361,2359,1728,-1,
2362,2258,2257,-1,
2362,2259,2258,-1,
2362,2359,2361,-1,
2362,2257,2360,-1,
2362,2360,2359,-1,
2363,1730,1731,-1,
2363,1731,1732,-1,
2363,2361,1730,-1,
2364,2260,2259,-1,
2364,2261,2260,-1,
2364,2259,2362,-1,
2364,2362,2361,-1,
2364,2361,2363,-1,
2365,1732,1733,-1,
2365,1733,1734,-1,
2365,2363,1732,-1,
2366,2262,2261,-1,
2366,2263,2262,-1,
2366,2364,2363,-1,
2366,2363,2365,-1,
2366,2261,2364,-1,
2367,1734,1735,-1,
2367,1735,1736,-1,
2367,2365,1734,-1,
2368,2264,2263,-1,
2368,2265,2264,-1,
2368,2365,2367,-1,
2368,2263,2366,-1,
2368,2366,2365,-1,
2369,1736,1737,-1,
2369,1737,1738,-1,
2369,2367,1736,-1,
2370,2368,2367,-1,
2370,2266,2265,-1,
2370,2267,2266,-1,
2370,2265,2368,-1,
2370,2367,2369,-1,
2371,1738,1739,-1,
2371,1739,1740,-1,
2371,2369,1738,-1,
2372,2267,2370,-1,
2372,2370,2369,-1,
2372,2268,2267,-1,
2372,2269,2268,-1,
2372,2369,2371,-1,
2373,1740,1741,-1,
2373,1741,1742,-1,
2373,2371,1740,-1,
2374,2371,2373,-1,
2374,2270,2269,-1,
2374,2271,2270,-1,
2374,2269,2372,-1,
2374,2372,2371,-1,
2375,2373,1742,-1,
2375,1742,1743,-1,
2375,1743,1744,-1,
2376,2272,2271,-1,
2376,2273,2272,-1,
2376,2374,2373,-1,
2376,2271,2374,-1,
2376,2373,2375,-1,
2377,1744,1745,-1,
2377,1745,1746,-1,
2377,2375,1744,-1,
2378,2273,2376,-1,
2378,2376,2375,-1,
2378,2274,2273,-1,
2378,2275,2274,-1,
2378,2375,2377,-1,
2379,1746,1747,-1,
2379,1747,1748,-1,
2379,2377,1746,-1,
2380,2378,2377,-1,
2380,2377,2379,-1,
2380,2276,2275,-1,
2380,2277,2276,-1,
2380,2275,2378,-1,
2381,2379,1748,-1,
2381,1748,1749,-1,
2381,1749,1750,-1,
2382,2278,2277,-1,
2382,2279,2278,-1,
2382,2380,2379,-1,
2382,2277,2380,-1,
2382,2379,2381,-1,
2383,1750,1751,-1,
2383,1751,1752,-1,
2383,2382,2381,-1,
2383,2381,1750,-1,
2384,2279,2382,-1,
2384,2382,2383,-1,
2384,2280,2279,-1,
2384,2281,2280,-1,
2385,2383,1752,-1,
2385,1752,1753,-1,
2385,1753,1754,-1,
2386,2383,2385,-1,
2386,2282,2281,-1,
2386,2283,2282,-1,
2386,2384,2383,-1,
2386,2281,2384,-1,
2387,1754,1755,-1,
2387,1755,1756,-1,
2387,2385,1754,-1,
2387,2386,2385,-1,
2388,2283,2386,-1,
2388,2284,2283,-1,
2388,2285,2284,-1,
2388,2386,2387,-1,
2389,1756,1757,-1,
2389,1757,1758,-1,
2389,2387,1756,-1,
2390,2286,2285,-1,
2390,2287,2286,-1,
2390,2285,2388,-1,
2390,2388,2387,-1,
2390,2387,2389,-1,
2391,1758,1759,-1,
2391,1759,1760,-1,
2391,2389,1758,-1,
2392,2390,2389,-1,
2392,2288,2287,-1,
2392,2289,2288,-1,
2392,2287,2390,-1,
2392,2389,2391,-1,
2393,1760,1761,-1,
2393,1761,1762,-1,
2393,2391,1760,-1,
2394,2391,2393,-1,
2394,2290,2289,-1,
2394,2291,2290,-1,
2394,2392,2391,-1,
2394,2289,2392,-1,
2395,1762,1763,-1,
2395,1763,1764,-1,
2395,2393,1762,-1,
2396,2393,2395,-1,
2396,2394,2393,-1,
2396,2292,2291,-1,
2396,2293,2292,-1,
2396,2291,2394,-1,
2397,1764,1765,-1,
2397,1765,1766,-1,
2397,2395,1764,-1,
2398,2396,2395,-1,
2398,2395,2397,-1,
2398,2294,2293,-1,
2398,2295,2294,-1,
2398,2293,2396,-1,
2399,2398,2397,-1,
2399,1766,1767,-1,
2399,1767,1768,-1,
2399,2397,1766,-1,
2400,2398,2399,-1,
2400,2296,2295,-1,
2400,2297,2296,-1,
2400,2295,2398,-1,
2401,1768,1769,-1,
2401,1769,1770,-1,
2401,2399,1768,-1,
2402,2297,2400,-1,
2402,2400,2399,-1,
2402,2399,2401,-1,
2402,2298,2297,-1,
2402,2299,2298,-1,
2403,2401,1770,-1,
2403,2402,2401,-1,
2403,1770,1771,-1,
2403,1771,1772,-1,
2404,2299,2402,-1,
2404,2300,2299,-1,
2404,2301,2300,-1,
2404,2402,2403,-1,
2405,1772,1773,-1,
2405,1773,1774,-1,
2405,2403,1772,-1,
2406,2302,2301,-1,
2406,2303,2302,-1,
2406,2404,2403,-1,
2406,2403,2405,-1,
2406,2301,2404,-1,
2407,2405,1774,-1,
2407,1774,1775,-1,
2407,1775,1776,-1,
2407,2406,2405,-1,
2408,2406,2407,-1,
2408,2304,2303,-1,
2408,2305,2304,-1,
2408,2303,2406,-1,
2409,2407,1776,-1,
2409,1776,1777,-1,
2410,2306,2305,-1,
2410,2307,2306,-1,
2410,2407,2409,-1,
2410,2408,2407,-1,
2410,2305,2408,-1,
2411,2410,2409,-1,
2411,1777,1778,-1,
2411,1778,1779,-1,
2411,2409,1777,-1,
2412,2307,2410,-1,
2412,2308,2307,-1,
2412,2410,2411,-1,
2413,2411,1779,-1,
2413,1779,1780,-1,
2413,1780,1781,-1,
2414,2412,2411,-1,
2414,2411,2413,-1,
2414,2309,2308,-1,
2414,2310,2309,-1,
2414,2308,2412,-1,
2415,2413,1781,-1,
2415,1781,1782,-1,
2415,1782,1783,-1,
2415,2414,2413,-1,
2416,2310,2414,-1,
2416,2311,2310,-1,
2416,2312,2311,-1,
2416,2414,2415,-1,
2417,1783,1784,-1,
2417,1784,1785,-1,
2417,2415,1783,-1,
2418,2416,2415,-1,
2418,2313,2312,-1,
2418,2314,2313,-1,
2418,2415,2417,-1,
2418,2312,2416,-1,
2419,2417,1785,-1,
2419,1785,1786,-1,
2419,1786,1787,-1,
2420,2314,2418,-1,
2420,2417,2419,-1,
2420,2315,2314,-1,
2420,2316,2315,-1,
2420,2418,2417,-1,
2421,2419,1787,-1,
2421,1787,1788,-1,
2421,1788,1789,-1,
2422,2420,2419,-1,
2422,2316,2420,-1,
2422,2419,2421,-1,
2422,2317,2316,-1,
2422,2318,2317,-1,
2423,1789,1790,-1,
2423,1790,1791,-1,
2423,2421,1789,-1,
2424,2422,2421,-1,
2424,2319,2318,-1,
2424,2320,2319,-1,
2424,2421,2423,-1,
2424,2318,2422,-1,
2425,1791,1792,-1,
2425,1792,1793,-1,
2425,2423,1791,-1,
2426,2423,2425,-1,
2426,2424,2423,-1,
2426,2320,2424,-1,
2426,2321,2320,-1,
2426,2322,2321,-1,
2427,1793,1794,-1,
2427,1794,1795,-1,
2427,2425,1793,-1,
2428,2323,2322,-1,
2428,2324,2323,-1,
2428,2322,2426,-1,
2428,2425,2427,-1,
2428,2426,2425,-1,
2429,2427,1795,-1,
2429,1795,1796,-1,
2429,1796,1797,-1,
2430,2427,2429,-1,
2430,2325,2324,-1,
2430,2326,2325,-1,
2430,2324,2428,-1,
2430,2428,2427,-1,
2431,2429,1797,-1,
2431,1797,1798,-1,
2431,1798,1799,-1,
2432,2326,2430,-1,
2432,2429,2431,-1,
2432,2430,2429,-1,
2432,2327,2326,-1,
2432,2328,2327,-1,
2433,1799,1800,-1,
2433,1800,1801,-1,
2433,2432,2431,-1,
2433,2431,1799,-1,
2434,2432,2433,-1,
2434,2329,2328,-1,
2434,2330,2329,-1,
2434,2328,2432,-1,
2435,2433,1801,-1,
2435,1801,1802,-1,
2435,1802,1803,-1,
2436,2433,2435,-1,
2436,2434,2433,-1,
2436,2330,2434,-1,
2436,2331,2330,-1,
2436,2332,2331,-1,
2437,2435,1803,-1,
2437,2436,2435,-1,
2437,1803,1804,-1,
2437,1804,1805,-1,
2438,2436,2437,-1,
2438,2332,2436,-1,
2438,2333,2332,-1,
2438,2334,2333,-1,
2439,2437,1805,-1,
2439,1805,1806,-1,
2439,1806,1807,-1,
2440,2438,2437,-1,
2440,2437,2439,-1,
2440,2334,2438,-1,
2440,2335,2334,-1,
2440,2336,2335,-1,
2441,2439,1807,-1,
2441,1807,1808,-1,
2441,1808,1809,-1,
2442,2439,2441,-1,
2442,2440,2439,-1,
2442,2336,2440,-1,
2442,2337,2336,-1,
2442,2338,2337,-1,
2443,2442,2441,-1,
2443,2441,1809,-1,
2443,1809,1810,-1,
2443,1810,1811,-1,
2444,2442,2443,-1,
2444,2338,2442,-1,
2444,2339,2338,-1,
2444,2340,2339,-1,
2445,2443,1811,-1,
2445,1811,1812,-1,
2445,1812,1813,-1,
2446,2443,2445,-1,
2446,2444,2443,-1,
2446,2340,2444,-1,
2446,2341,2340,-1,
2446,2342,2341,-1,
2447,2445,1813,-1,
2447,1813,1814,-1,
2447,1814,1815,-1,
2448,2445,2447,-1,
2448,2446,2445,-1,
2448,2342,2446,-1,
2448,2343,2342,-1,
2448,2344,2343,-1,
2449,2447,1815,-1,
2449,1815,1816,-1,
2449,1816,1817,-1,
2450,2448,2447,-1,
2450,2447,2449,-1,
2450,2344,2448,-1,
2450,2345,2344,-1,
2450,2346,2345,-1,
2451,2450,2449,-1,
2451,1817,1818,-1,
2451,1818,1819,-1,
2451,2449,1817,-1,
2452,2348,2347,-1,
2452,2450,2451,-1,
2452,2346,2450,-1,
2452,2347,2346,-1,
2453,2451,1819,-1,
2453,2452,2451,-1,
2453,1819,1820,-1,
2453,1820,1821,-1,
2454,2349,2348,-1,
2454,2350,2349,-1,
2454,2452,2453,-1,
2454,2348,2452,-1,
2455,2453,1821,-1,
2455,1821,1822,-1,
2455,1822,1823,-1,
2456,2351,2350,-1,
2456,2352,2351,-1,
2456,2350,2454,-1,
2456,2453,2455,-1,
2456,2454,2453,-1,
2457,2455,1823,-1,
2457,1823,1824,-1,
2457,1824,1825,-1,
2458,2352,2456,-1,
2458,2353,2352,-1,
2458,2354,2353,-1,
2458,2456,2455,-1,
2458,2455,2457,-1,
2459,1825,1826,-1,
2459,1826,1827,-1,
2459,2458,2457,-1,
2459,2457,1825,-1,
2460,2355,2354,-1,
2460,2356,2355,-1,
2460,2354,2458,-1,
2460,2458,2459,-1,
2461,1827,1828,-1,
2461,1828,1829,-1,
2461,2459,1827,-1,
2461,1829,2252,-1,
2461,2460,2459,-1,
2462,2356,2460,-1,
2462,2252,2253,-1,
2462,2357,2356,-1,
2462,2358,2357,-1,
2462,2461,2252,-1,
2462,2460,2461,-1,
2462,2253,2358,-1,
1902,1900,1901,-1,
1893,1894,1895,-1,
1893,1895,1896,-1,
1893,1896,1897,-1,
1893,1897,1898,-1,
1893,1898,1899,-1,
1907,1904,1905,-1,
1907,1905,1906,-1,
1909,1904,1907,-1,
1909,1907,1908,-1,
1913,1909,1910,-1,
1913,1910,1911,-1,
1913,1911,1912,-1,
1916,1913,1914,-1,
1916,1914,1915,-1,
1878,1879,1880,-1,
1878,1880,1881,-1,
1878,1881,1882,-1,
1878,1882,1883,-1,
1878,1883,1884,-1,
1878,1884,1885,-1,
1918,1916,1917,-1,
1919,1916,1918,-1,
1876,1877,1878,-1,
1920,1916,1919,-1,
1875,1876,1878,-1,
1922,1909,1913,-1,
1922,1913,1916,-1,
1922,1920,1921,-1,
1922,1916,1920,-1,
1873,1874,1875,-1,
1872,1873,1875,-1,
1869,1870,1871,-1,
1869,1871,1872,-1,
1927,1922,1923,-1,
1927,1923,1924,-1,
1927,1924,1925,-1,
1927,1925,1926,-1,
1868,1869,1872,-1,
1929,1922,1927,-1,
1929,1927,1928,-1,
1930,1922,1929,-1,
1930,1900,1902,-1,
1930,1904,1909,-1,
1930,1899,1900,-1,
1930,1902,1903,-1,
1930,1903,1904,-1,
1930,1909,1922,-1,
1865,1866,1867,-1,
1863,1864,1865,-1,
1933,1930,1931,-1,
1933,1931,1932,-1,
1861,1862,1863,-1,
1935,1933,1934,-1,
1935,1893,1899,-1,
1935,1930,1933,-1,
1935,1899,1930,-1,
1860,1861,1863,-1,
1832,1935,1936,-1,
1858,1859,1860,-1,
1833,1888,1889,-1,
1833,1889,1890,-1,
1833,1890,1891,-1,
1833,1891,1892,-1,
1833,1892,1893,-1,
1833,1893,1935,-1,
1833,1935,1832,-1,
1856,1857,1858,-1,
1835,1833,1834,-1,
1836,1887,1888,-1,
1836,1888,1833,-1,
1836,1833,1835,-1,
1854,1855,1856,-1,
1854,1858,1860,-1,
1854,1865,1867,-1,
1854,1863,1865,-1,
1854,1860,1863,-1,
1854,1856,1858,-1,
1839,1836,1837,-1,
1839,1837,1838,-1,
1839,1886,1887,-1,
1839,1887,1836,-1,
1850,1851,1852,-1,
1850,1852,1853,-1,
1842,1839,1840,-1,
1842,1840,1841,-1,
1847,1848,1849,-1,
1844,1842,1843,-1,
1845,1842,1844,-1,
1845,1872,1875,-1,
1845,1878,1885,-1,
1845,1846,1847,-1,
1845,1849,1850,-1,
1845,1853,1854,-1,
1845,1867,1868,-1,
1845,1885,1886,-1,
1845,1850,1853,-1,
1845,1854,1867,-1,
1845,1868,1872,-1,
1845,1847,1849,-1,
1845,1886,1839,-1,
1845,1839,1842,-1,
1845,1875,1878,-1,
2104,2105,2106,-1,
2102,2103,2104,-1,
2118,2115,2116,-1,
2118,2116,2117,-1,
2120,2115,2118,-1,
2120,2113,2114,-1,
2120,2114,2115,-1,
2120,2118,2119,-1,
2124,2120,2121,-1,
2124,2121,2122,-1,
2124,2122,2123,-1,
2126,2124,2125,-1,
2089,2090,2091,-1,
2089,2091,2092,-1,
2089,2092,2093,-1,
2089,2093,2094,-1,
2089,2094,2095,-1,
2089,2095,2096,-1,
2089,2096,2097,-1,
2087,2088,2089,-1,
2131,2129,2130,-1,
2086,2087,2089,-1,
2132,2128,2129,-1,
2132,2129,2131,-1,
2134,2132,2133,-1,
2083,2084,2085,-1,
2083,2085,2086,-1,
2135,2132,2134,-1,
2135,2127,2128,-1,
2135,2128,2132,-1,
2136,2127,2135,-1,
2081,2082,2083,-1,
2079,2080,2081,-1,
2078,2081,2083,-1,
2078,2079,2081,-1,
2078,2104,2106,-1,
2078,2102,2104,-1,
2078,2086,2089,-1,
2078,2089,2097,-1,
2078,2097,2098,-1,
2078,2098,2099,-1,
2078,2099,2100,-1,
2078,2100,2101,-1,
2078,2101,2102,-1,
2078,2106,2107,-1,
2078,2107,2108,-1,
2078,2108,2109,-1,
2078,2109,2110,-1,
2078,2083,2086,-1,
2140,2136,2137,-1,
2140,2137,2138,-1,
2140,2138,2139,-1,
2141,2136,2140,-1,
2075,2076,2077,-1,
2075,2077,2078,-1,
2145,2143,2144,-1,
2145,2141,2142,-1,
2145,2142,2143,-1,
2072,2073,2074,-1,
2072,2074,2075,-1,
2071,2072,2075,-1,
2071,2110,2111,-1,
2071,2111,2112,-1,
2071,2112,2113,-1,
2071,2078,2110,-1,
2071,2075,2078,-1,
2147,2145,2146,-1,
2043,2145,2147,-1,
2069,2070,2071,-1,
2045,2043,2044,-1,
2067,2068,2069,-1,
2066,2071,2113,-1,
2066,2113,2120,-1,
2066,2069,2071,-1,
2066,2120,2124,-1,
2066,2067,2069,-1,
2066,2124,2126,-1,
2066,2126,2127,-1,
2047,2045,2046,-1,
2047,2043,2045,-1,
2048,2043,2047,-1,
2064,2065,2066,-1,
2063,2064,2066,-1,
2050,2048,2049,-1,
2050,2145,2043,-1,
2050,2043,2048,-1,
2061,2062,2063,-1,
2060,2061,2063,-1,
2053,2050,2051,-1,
2053,2051,2052,-1,
2059,2063,2066,-1,
2059,2060,2063,-1,
2055,2053,2054,-1,
2056,2059,2066,-1,
2056,2053,2055,-1,
2056,2057,2058,-1,
2056,2058,2059,-1,
2056,2127,2136,-1,
2056,2136,2141,-1,
2056,2141,2145,-1,
2056,2066,2127,-1,
2056,2145,2050,-1,
2056,2050,2053,-1,
2315,2316,2317,-1,
2313,2314,2315,-1,
2329,2326,2327,-1,
2329,2327,2328,-1,
2331,2326,2329,-1,
2331,2324,2325,-1,
2331,2325,2326,-1,
2331,2329,2330,-1,
2335,2331,2332,-1,
2335,2332,2333,-1,
2335,2333,2334,-1,
2337,2335,2336,-1,
2300,2301,2302,-1,
2300,2302,2303,-1,
2300,2303,2304,-1,
2300,2304,2305,-1,
2300,2305,2306,-1,
2300,2306,2307,-1,
2300,2307,2308,-1,
2298,2299,2300,-1,
2342,2340,2341,-1,
2297,2298,2300,-1,
2343,2339,2340,-1,
2343,2340,2342,-1,
2345,2343,2344,-1,
2294,2295,2296,-1,
2294,2296,2297,-1,
2346,2343,2345,-1,
2346,2338,2339,-1,
2346,2339,2343,-1,
2347,2338,2346,-1,
2292,2293,2294,-1,
2290,2291,2292,-1,
2289,2292,2294,-1,
2289,2290,2292,-1,
2289,2315,2317,-1,
2289,2313,2315,-1,
2289,2297,2300,-1,
2289,2300,2308,-1,
2289,2308,2309,-1,
2289,2309,2310,-1,
2289,2310,2311,-1,
2289,2311,2312,-1,
2289,2312,2313,-1,
2289,2317,2318,-1,
2289,2318,2319,-1,
2289,2319,2320,-1,
2289,2320,2321,-1,
2289,2294,2297,-1,
2351,2347,2348,-1,
2351,2348,2349,-1,
2351,2349,2350,-1,
2352,2347,2351,-1,
2286,2287,2288,-1,
2286,2288,2289,-1,
2356,2354,2355,-1,
2356,2352,2353,-1,
2356,2353,2354,-1,
2283,2284,2285,-1,
2283,2285,2286,-1,
2282,2283,2286,-1,
2282,2321,2322,-1,
2282,2322,2323,-1,
2282,2323,2324,-1,
2282,2289,2321,-1,
2282,2286,2289,-1,
2358,2356,2357,-1,
2254,2356,2358,-1,
2280,2281,2282,-1,
2256,2254,2255,-1,
2278,2279,2280,-1,
2277,2282,2324,-1,
2277,2324,2331,-1,
2277,2280,2282,-1,
2277,2331,2335,-1,
2277,2278,2280,-1,
2277,2335,2337,-1,
2277,2337,2338,-1,
2258,2256,2257,-1,
2258,2254,2256,-1,
2259,2254,2258,-1,
2275,2276,2277,-1,
2274,2275,2277,-1,
2261,2259,2260,-1,
2261,2356,2254,-1,
2261,2254,2259,-1,
2272,2273,2274,-1,
2271,2272,2274,-1,
2264,2261,2262,-1,
2264,2262,2263,-1,
2270,2274,2277,-1,
2270,2271,2274,-1,
2266,2264,2265,-1,
2267,2270,2277,-1,
2267,2264,2266,-1,
2267,2268,2269,-1,
2267,2269,2270,-1,
2267,2338,2347,-1,
2267,2347,2352,-1,
2267,2352,2356,-1,
2267,2277,2338,-1,
2267,2356,2261,-1,
2267,2261,2264,-1
] } }
Shape { appearance Appearance { material Material { diffuseColor 0.82 0.56 0.18 } } geometry IndexedFaceSet { ccw TRUE solid TRUE coord Coordinate { point [
-0.00000000 -18.34645669 0.88582677,
-0.00000000 -15.51181102 0.88582677,
-0.00000000 -18.34645669 0.09842520,
-0.00000000 -15.51181102 0.09842520,
0.00039965 -18.36019169 0.88582677,
0.00159724 -18.37388022 0.88582677,
0.00358872 -18.38747595 0.88582677,
0.00636735 -18.40093288 0.88582677,
0.00992374 -18.41420549 0.88582677,
0.01424584 -18.42724885 0.88582677,
0.01931903 -18.44001884 0.88582677,
0.02512615 -18.45247225 0.88582677,
0.03164754 -18.46456693 0.88582677,
0.03886115 -18.47626196 0.88582677,
0.04674255 -18.48751778 0.88582677,
0.05526509 -18.49829629 0.88582677,
0.06439993 -18.50856102 0.88582677,
0.07411615 -18.51827724 0.88582677,
0.08438088 -18.52741207 0.88582677,
0.09515939 -18.53593461 0.88582677,
0.10641520 -18.54381602 0.88582677,
0.11811024 -18.55102962 0.88582677,
0.13020492 -18.55755102 0.88582677,
0.14265832 -18.56335814 0.88582677,
0.15542831 -18.56843133 0.88582677,
0.16847168 -18.57275343 0.88582677,
0.18174428 -18.57630981 0.88582677,
0.19520122 -18.57908845 0.88582677,
0.20879695 -18.58107993 0.88582677,
0.22248547 -18.58227752 0.88582677,
0.23622047 -18.58267717 0.88582677,
1.88976378 -18.58267717 0.88582677,
2.12598425 -18.34645669 0.88582677,
2.12558460 -18.36019169 0.88582677,
2.12438701 -18.37388022 0.88582677,
2.12239553 -18.38747595 0.88582677,
2.11961690 -18.40093288 0.88582677,
2.11606051 -18.41420549 0.88582677,
2.11173841 -18.42724885 0.88582677,
2.10666522 -18.44001884 0.88582677,
2.10085810 -18.45247225 0.88582677,
2.09433671 -18.46456693 0.88582677,
2.08712311 -18.47626196 0.88582677,
2.07924170 -18.48751778 0.88582677,
2.07071916 -18.49829629 0.88582677,
2.06158432 -18.50856102 0.88582677,
2.05186810 -18.51827724 0.88582677,
2.04160337 -18.52741207 0.88582677,
2.03082486 -18.53593461 0.88582677,
2.01956905 -18.54381602 0.88582677,
2.00787402 -18.55102962 0.88582677,
1.99577933 -18.55755102 0.88582677,
1.98332593 -18.56335814 0.88582677,
1.97055594 -18.56843133 0.88582677,
1.95751257 -18.57275343 0.88582677,
1.94423997 -18.57630981 0.88582677,
1.93078303 -18.57908845 0.88582677,
1.91718730 -18.58107993 0.88582677,
1.90349878 -18.58227752 0.88582677,
2.12598425 -15.51181102 0.88582677,
2.12558460 -15.49807602 0.88582677,
2.12438701 -15.48438750 0.88582677,
2.12239553 -15.47079177 0.88582677,
2.11961690 -15.45733483 0.88582677,
2.11606051 -15.44406223 0.88582677,
2.11173841 -15.43101886 0.88582677,
2.10666522 -15.41824887 0.88582677,
2.10085810 -15.40579547 0.88582677,
2.09433671 -15.39370079 0.88582677,
2.08712311 -15.38200575 0.88582677,
2.07924170 -15.37074994 0.88582677,
2.07071916 -15.35997143 0.88582677,
2.06158432 -15.34970670 0.88582677,
2.05186810 -15.33999048 0.88582677,
2.04160337 -15.33085564 0.88582677,
2.03082486 -15.32233310 0.88582677,
2.01956905 -15.31445170 0.88582677,
2.00787402 -15.30723809 0.88582677,
1.99577933 -15.30071670 0.88582677,
1.98332593 -15.29490958 0.88582677,
1.97055594 -15.28983639 0.88582677,
1.95751257 -15.28551429 0.88582677,
1.94423997 -15.28195790 0.88582677,
1.93078303 -15.27917927 0.88582677,
1.91718730 -15.27718779 0.88582677,
1.90349878 -15.27599020 0.88582677,
1.88976378 -15.27559055 0.88582677,
0.23622047 -15.27559055 0.88582677,
0.00039965 -15.49807602 0.88582677,
0.00159724 -15.48438750 0.88582677,
0.00358872 -15.47079177 0.88582677,
0.00636735 -15.45733483 0.88582677,
0.00992374 -15.44406223 0.88582677,
0.01424584 -15.43101886 0.88582677,
0.01931903 -15.41824887 0.88582677,
0.02512615 -15.40579547 0.88582677,
0.03164754 -15.39370079 0.88582677,
0.03886115 -15.38200575 0.88582677,
0.04674255 -15.37074994 0.88582677,
0.05526509 -15.35997143 0.88582677,
0.06439993 -15.34970670 0.88582677,
0.07411615 -15.33999048 0.88582677,
0.08438088 -15.33085564 0.88582677,
0.09515939 -15.32233310 0.88582677,
0.10641520 -15.31445170 0.88582677,
0.11811024 -15.30723809 0.88582677,
0.13020492 -15.30071670 0.88582677,
0.14265832 -15.29490958 0.88582677,
0.15542831 -15.28983639 0.88582677,
0.16847168 -15.28551429 0.88582677,
0.18174428 -15.28195790 0.88582677,
0.19520122 -15.27917927 0.88582677,
0.20879695 -15.27718779 0.88582677,
0.22248547 -15.27599020 0.88582677,
0.00039965 -18.36019169 0.09842520,
0.00159724 -18.37388022 0.09842520,
0.00358872 -18.38747595 0.09842520,
0.00636735 -18.40093288 0.09842520,
0.00992374 -18.41420549 0.09842520,
0.01424584 -18.42724885 0.09842520,
0.01931903 -18.44001884 0.09842520,
0.02512615 -18.45247225 0.09842520,
0.03164754 -18.46456693 0.09842520,
0.03886115 -18.47626196 0.09842520,
0.04674255 -18.48751778 0.09842520,
0.05526509 -18.49829629 0.09842520,
0.06439993 -18.50856102 0.09842520,
0.07411615 -18.51827724 0.09842520,
0.08438088 -18.52741207 0.09842520,
0.09515939 -18.53593461 0.09842520,
0.10641520 -18.54381602 0.09842520,
0.11811024 -18.55102962 0.09842520,
0.13020492 -18.55755102 0.09842520,
0.14265832 -18.56335814 0.09842520,
0.15542831 -18.56843133 0.09842520,
0.16847168 -18.57275343 0.09842520,
0.18174428 -18.57630981 0.09842520,
0.19520122 -18.57908845 0.09842520,
0.20879695 -18.58107993 0.09842520,
0.22248547 -18.58227752 0.09842520,
0.23622047 -18.58267717 0.09842520,
0.00039965 -15.49807602 0.09842520,
0.00159724 -15.48438750 0.09842520,
0.00358872 -15.47079177 0.09842520,
0.00636735 -15.45733483 0.09842520,
0.00992374 -15.44406223 0.09842520,
0.01424584 -15.43101886 0.09842520,
0.01931903 -15.41824887 0.09842520,
0.02512615 -15.40579547 0.09842520,
0.03164754 -15.39370079 0.09842520,
0.03886115 -15.38200575 0.09842520,
0.04674255 -15.37074994 0.09842520,
0.05526509 -15.35997143 0.09842520,
0.06439993 -15.34970670 0.09842520,
0.07411615 -15.33999048 0.09842520,
0.08438088 -15.33085564 0.09842520,
0.09515939 -15.32233310 0.09842520,
0.10641520 -15.31445170 0.09842520,
0.11811024 -15.30723809 0.09842520,
0.13020492 -15.30071670 0.09842520,
0.14265832 -15.29490958 0.09842520,
0.15542831 -15.28983639 0.09842520,
0.16847168 -15.28551429 0.09842520,
0.18174428 -15.28195790 0.09842520,
0.19520122 -15.27917927 0.09842520,
0.20879695 -15.27718779 0.09842520,
0.22248547 -15.27599020 0.09842520,
0.23622047 -15.27559055 0.09842520,
1.88976378 -18.58267717 0.09842520,
2.12598425 -18.34645669 0.09842520,
2.12558460 -18.36019169 0.09842520,
2.12438701 -18.37388022 0.09842520,
2.12239553 -18.38747595 0.09842520,
2.11961690 -18.40093288 0.09842520,
2.11606051 -18.41420549 0.09842520,
2.11173841 -18.42724885 0.09842520,
2.10666522 -18.44001884 0.09842520,
2.10085810 -18.45247225 0.09842520,
2.09433671 -18.46456693 0.09842520,
2.08712311 -18.47626196 0.09842520,
2.07924170 -18.48751778 0.09842520,
2.07071916 -18.49829629 0.09842520,
2.06158432 -18.50856102 0.09842520,
2.05186810 -18.51827724 0.09842520,
2.04160337 -18.52741207 0.09842520,
2.03082486 -18.53593461 0.09842520,
2.01956905 -18.54381602 0.09842520,
2.00787402 -18.55102962 0.09842520,
1.99577933 -18.55755102 0.09842520,
1.98332593 -18.56335814 0.09842520,
1.97055594 -18.56843133 0.09842520,
1.95751257 -18.57275343 0.09842520,
1.94423997 -18.57630981 0.09842520,
1.93078303 -18.57908845 0.09842520,
1.91718730 -18.58107993 0.09842520,
1.90349878 -18.58227752 0.09842520,
2.12598425 -15.51181102 0.09842520,
2.12558460 -15.49807602 0.09842520,
2.12438701 -15.48438750 0.09842520,
2.12239553 -15.47079177 0.09842520,
2.11961690 -15.45733483 0.09842520,
2.11606051 -15.44406223 0.09842520,
2.11173841 -15.43101886 0.09842520,
2.10666522 -15.41824887 0.09842520,
2.10085810 -15.40579547 0.09842520,
2.09433671 -15.39370079 0.09842520,
2.08712311 -15.38200575 0.09842520,
2.07924170 -15.37074994 0.09842520,
2.07071916 -15.35997143 0.09842520,
2.06158432 -15.34970670 0.09842520,
2.05186810 -15.33999048 0.09842520,
2.04160337 -15.33085564 0.09842520,
2.03082486 -15.32233310 0.09842520,
2.01956905 -15.31445170 0.09842520,
2.00787402 -15.30723809 0.09842520,
1.99577933 -15.30071670 0.09842520,
1.98332593 -15.29490958 0.09842520,
1.97055594 -15.28983639 0.09842520,
1.95751257 -15.28551429 0.09842520,
1.94423997 -15.28195790 0.09842520,
1.93078303 -15.27917927 0.09842520,
1.91718730 -15.27718779 0.09842520,
1.90349878 -15.27599020 0.09842520,
1.88976378 -15.27559055 0.09842520,
1.46377953 -16.92913386 0.09842520,
1.46270983 -16.89339264 0.09842520,
1.45950458 -16.85777936 0.09842520,
1.45417524 -16.82242151 0.09842520,
1.44674090 -16.78744566 0.09842520,
1.43722816 -16.75297703 0.09842520,
1.42567108 -16.71913898 0.09842520,
1.41211103 -16.68605267 0.09842520,
1.39659655 -16.65383652 0.09842520,
1.37918318 -16.62260586 0.09842520,
1.35993325 -16.59247250 0.09842520,
1.33891568 -16.56354430 0.09842520,
1.31620570 -16.53592481 0.09842520,
1.29188461 -16.50971291 0.09842520,
1.26603947 -16.48500242 0.09842520,
1.23876280 -16.46188181 0.09842520,
1.21015225 -16.44043385 0.09842520,
1.18031022 -16.42073530 0.09842520,
1.14934355 -16.40285669 0.09842520,
1.11736310 -16.38686201 0.09842520,
1.08448334 -16.37280852 0.09842520,
1.05082197 -16.36074654 0.09842520,
1.01649949 -16.35071923 0.09842520,
0.98163877 -16.34276250 0.09842520,
0.94636461 -16.33690483 0.09842520,
0.91080326 -16.33316718 0.09842520,
0.87508204 -16.33156294 0.09842520,
0.83932881 -16.33209784 0.09842520,
0.80367157 -16.33476999 0.09842520,
0.76823796 -16.33956979 0.09842520,
0.73315481 -16.34648009 0.09842520,
0.69854773 -16.35547614 0.09842520,
0.66454058 -16.36652573 0.09842520,
0.63125512 -16.37958931 0.09842520,
0.59881049 -16.39462012 0.09842520,
0.56732283 -16.41156435 0.09842520,
0.53690487 -16.43036134 0.09842520,
0.50766550 -16.45094381 0.09842520,
0.47970937 -16.47323807 0.09842520,
0.45313657 -16.49716433 0.09842520,
0.42804223 -16.52263692 0.09842520,
0.40451616 -16.54956467 0.09842520,
0.38264260 -16.57785118 0.09842520,
0.36249984 -16.60739518 0.09842520,
0.34415998 -16.63809093 0.09842520,
0.32768868 -16.66982854 0.09842520,
0.31314491 -16.70249439 0.09842520,
0.30058072 -16.73597155 0.09842520,
0.29004109 -16.77014018 0.09842520,
0.28156376 -16.80487797 0.09842520,
0.27517906 -16.84006057 0.09842520,
0.27090985 -16.87556202 0.09842520,
0.26877142 -16.91125525 0.09842520,
0.26877142 -16.94701247 0.09842520,
0.27090985 -16.98270570 0.09842520,
0.27517906 -17.01820715 0.09842520,
0.28156376 -17.05338974 0.09842520,
0.29004109 -17.08812753 0.09842520,
0.30058072 -17.12229617 0.09842520,
0.31314491 -17.15577333 0.09842520,
0.32768868 -17.18843918 0.09842520,
0.34415998 -17.22017679 0.09842520,
0.36249984 -17.25087253 0.09842520,
0.38264260 -17.28041654 0.09842520,
0.40451616 -17.30870305 0.09842520,
0.42804223 -17.33563079 0.09842520,
0.45313657 -17.36110339 0.09842520,
0.47970937 -17.38502964 0.09842520,
0.50766550 -17.40732391 0.09842520,
0.53690487 -17.42790638 0.09842520,
0.56732283 -17.44670337 0.09842520,
0.59881049 -17.46364760 0.09842520,
0.63125512 -17.47867841 0.09842520,
0.66454058 -17.49174199 0.09842520,
0.69854773 -17.50279158 0.09842520,
0.73315481 -17.51178763 0.09842520,
0.76823796 -17.51869792 0.09842520,
0.80367157 -17.52349773 0.09842520,
0.83932881 -17.52616987 0.09842520,
0.87508204 -17.52670478 0.09842520,
0.91080326 -17.52510054 0.09842520,
0.94636461 -17.52136289 0.09842520,
0.98163877 -17.51550521 0.09842520,
1.01649949 -17.50754848 0.09842520,
1.05082197 -17.49752118 0.09842520,
1.08448334 -17.48545919 0.09842520,
1.11736310 -17.47140571 0.09842520,
1.14934355 -17.45541103 0.09842520,
1.18031022 -17.43753242 0.09842520,
1.21015225 -17.41783387 0.09842520,
1.23876280 -17.39638590 0.09842520,
1.26603947 -17.37326529 0.09842520,
1.29188461 -17.34855481 0.09842520,
1.31620570 -17.32234291 0.09842520,
1.33891568 -17.29472342 0.09842520,
1.35993325 -17.26579522 0.09842520,
1.37918318 -17.23566185 0.09842520,
1.39659655 -17.20443120 0.09842520,
1.41211103 -17.17221505 0.09842520,
1.42567108 -17.13912873 0.09842520,
1.43722816 -17.10529069 0.09842520,
1.44674090 -17.07082205 0.09842520,
1.45417524 -17.03584621 0.09842520,
1.45950458 -17.00048836 0.09842520,
1.46270983 -16.96487508 0.09842520,
1.43070866 -16.92913386 0.14566929,
1.39763780 -16.92913386 0.19291339,
1.39668649 -16.89734819 0.19291339,
1.39383596 -16.86567630 0.19291339,
1.38909643 -16.83423157 0.19291339,
1.38248486 -16.80312657 0.19291339,
1.37402492 -16.77247264 0.19291339,
1.36374688 -16.74237952 0.19291339,
1.35168755 -16.71295493 0.19291339,
1.33789008 -16.68430421 0.19291339,
1.32240389 -16.65652991 0.19291339,
1.30528439 -16.62973147 0.19291339,
1.28659287 -16.60400480 0.19291339,
1.26639625 -16.57944202 0.19291339,
1.24476682 -16.55613104 0.19291339,
1.22178202 -16.53415531 0.19291339,
1.19752411 -16.51359350 0.19291339,
1.17207994 -16.49451922 0.19291339,
1.14554059 -16.47700075 0.19291339,
1.11800106 -16.46110080 0.19291339,
1.08955994 -16.44687628 0.19291339,
1.06031905 -16.43437813 0.19291339,
1.03038305 -16.42365106 0.19291339,
0.99985911 -16.41473350 0.19291339,
0.96885649 -16.40765736 0.19291339,
0.93748618 -16.40244796 0.19291339,
0.90586048 -16.39912397 0.19291339,
0.87409260 -16.39769727 0.19291339,
0.84229625 -16.39817298 0.19291339,
0.81058527 -16.40054939 0.19291339,
0.77907316 -16.40481799 0.19291339,
0.74787273 -16.41096351 0.19291339,
0.71709568 -16.41896395 0.19291339,
0.68685217 -16.42879066 0.19291339,
0.65725048 -16.44040847 0.19291339,
0.62839656 -16.45377579 0.19291339,
0.60039370 -16.46884477 0.19291339,
0.57334216 -16.48556146 0.19291339,
0.54733876 -16.50386603 0.19291339,
0.52247659 -16.52369294 0.19291339,
0.49884466 -16.54497123 0.19291339,
0.47652755 -16.56762473 0.19291339,
0.45560516 -16.59157233 0.19291339,
0.43615238 -16.61672831 0.19291339,
0.41823886 -16.64300263 0.19291339,
0.40192871 -16.67030122 0.19291339,
0.38728033 -16.69852636 0.19291339,
0.37434614 -16.72757702 0.19291339,
0.36317245 -16.75734920 0.19291339,
0.35379927 -16.78773632 0.19291339,
0.34626013 -16.81862961 0.19291339,
0.34058204 -16.84991848 0.19291339,
0.33678532 -16.88149092 0.19291339,
0.33488355 -16.91323391 0.19291339,
0.33488355 -16.94503381 0.19291339,
0.33678532 -16.97677680 0.19291339,
0.34058204 -17.00834924 0.19291339,
0.34626013 -17.03963810 0.19291339,
0.35379927 -17.07053139 0.19291339,
0.36317245 -17.10091852 0.19291339,
0.37434614 -17.13069070 0.19291339,
0.38728033 -17.15974136 0.19291339,
0.40192871 -17.18796650 0.19291339,
0.41823886 -17.21526509 0.19291339,
0.43615238 -17.24153941 0.19291339,
0.45560516 -17.26669539 0.19291339,
0.47652755 -17.29064299 0.19291339,
0.49884466 -17.31329648 0.19291339,
0.52247659 -17.33457477 0.19291339,
0.54733876 -17.35440169 0.19291339,
0.57334216 -17.37270626 0.19291339,
0.60039370 -17.38942295 0.19291339,
0.62839656 -17.40449193 0.19291339,
0.65725048 -17.41785925 0.19291339,
0.68685217 -17.42947706 0.19291339,
0.71709568 -17.43930377 0.19291339,
0.74787273 -17.44730421 0.19291339,
0.77907316 -17.45344973 0.19291339,
0.81058527 -17.45771833 0.19291339,
0.84229625 -17.46009474 0.19291339,
0.87409260 -17.46057045 0.19291339,
0.90586048 -17.45914375 0.19291339,
0.93748618 -17.45581976 0.19291339,
0.96885649 -17.45061036 0.19291339,
0.99985911 -17.44353422 0.19291339,
1.03038305 -17.43461665 0.19291339,
1.06031905 -17.42388959 0.19291339,
1.08955994 -17.41139143 0.19291339,
1.11800106 -17.39716692 0.19291339,
1.14554059 -17.38126696 0.19291339,
1.17207994 -17.36374849 0.19291339,
1.19752411 -17.34467421 0.19291339,
1.22178202 -17.32411241 0.19291339,
1.24476682 -17.30213668 0.19291339,
1.26639625 -17.27882570 0.19291339,
1.28659287 -17.25426291 0.19291339,
1.30528439 -17.22853625 0.19291339,
1.32240389 -17.20173780 0.19291339,
1.33789008 -17.17396351 0.19291339,
1.35168755 -17.14531278 0.19291339,
1.36374688 -17.11588819 0.19291339,
1.37402492 -17.08579507 0.19291339,
1.38248486 -17.05514115 0.19291339,
1.38909643 -17.02403614 0.19291339,
1.39383596 -16.99259142 0.19291339,
1.39668649 -16.96091953 0.19291339,
1.42674602 -16.86236074 0.14566929,
1.41491372 -16.79652496 0.14566929,
1.39537787 -16.73255073 0.14566929,
1.36841270 -16.67133609 0.14566929,
1.33439675 -16.61374037 0.14566929,
1.29380753 -16.56057208 0.14566929,
1.24721481 -16.51257759 0.14566929,
1.19527267 -16.47043064 0.14566929,
1.13871024 -16.43472287 0.14566929,
1.07832156 -16.40595555 0.14566929,
1.01495433 -16.38453251 0.14566929,
0.94949810 -16.37075448 0.14566929,
0.88287173 -16.36481487 0.14566929,
0.81601051 -16.36679706 0.14566929,
0.74985302 -16.37667322 0.14566929,
0.68532796 -16.39430473 0.14566929,
0.62334114 -16.41944406 0.14566929,
0.56476271 -16.45173832 0.14566929,
0.51041497 -16.49073417 0.14566929,
0.46106086 -16.53588418 0.14566929,
0.41739320 -16.58655456 0.14566929,
0.38002498 -16.64203401 0.14566929,
0.34948078 -16.70154370 0.14566929,
0.32618937 -16.76424826 0.14566929,
0.31047770 -16.82926746 0.14566929,
0.30256633 -16.89568856 0.14566929,
0.30256633 -16.96257916 0.14566929,
0.31047770 -17.02900026 0.14566929,
0.32618937 -17.09401945 0.14566929,
0.34948078 -17.15672401 0.14566929,
0.38002498 -17.21623371 0.14566929,
0.41739320 -17.27171315 0.14566929,
0.46106086 -17.32238353 0.14566929,
0.51041497 -17.36753355 0.14566929,
0.56476271 -17.40652940 0.14566929,
0.62334114 -17.43882366 0.14566929,
0.68532796 -17.46396299 0.14566929,
0.74985302 -17.48159449 0.14566929,
0.81601051 -17.49147066 0.14566929,
0.88287173 -17.49345285 0.14566929,
0.94949810 -17.48751324 0.14566929,
1.01495433 -17.47373521 0.14566929,
1.07832156 -17.45231216 0.14566929,
1.13871024 -17.42354485 0.14566929,
1.19527267 -17.38783708 0.14566929,
1.24721481 -17.34569013 0.14566929,
1.29380753 -17.29769564 0.14566929,
1.33439675 -17.24452735 0.14566929,
1.36841270 -17.18693162 0.14566929,
1.39537787 -17.12571699 0.14566929,
1.41491372 -17.06174275 0.14566929,
1.42674602 -16.99590698 0.14566929,
1.39763780 -16.92913386 0.66929134,
1.39668649 -16.89734819 0.66929134,
1.39383596 -16.86567630 0.66929134,
1.38909643 -16.83423157 0.66929134,
1.38248486 -16.80312657 0.66929134,
1.37402492 -16.77247264 0.66929134,
1.36374688 -16.74237952 0.66929134,
1.35168755 -16.71295493 0.66929134,
1.33789008 -16.68430421 0.66929134,
1.32240389 -16.65652991 0.66929134,
1.30528439 -16.62973147 0.66929134,
1.28659287 -16.60400480 0.66929134,
1.26639625 -16.57944202 0.66929134,
1.24476682 -16.55613104 0.66929134,
1.22178202 -16.53415531 0.66929134,
1.19752411 -16.51359350 0.66929134,
1.17207994 -16.49451922 0.66929134,
1.14554059 -16.47700075 0.66929134,
1.11800106 -16.46110080 0.66929134,
1.08955994 -16.44687628 0.66929134,
1.06031905 -16.43437813 0.66929134,
1.03038305 -16.42365106 0.66929134,
0.99985911 -16.41473350 0.66929134,
0.96885649 -16.40765736 0.66929134,
0.93748618 -16.40244796 0.66929134,
0.90586048 -16.39912397 0.66929134,
0.87409260 -16.39769727 0.66929134,
0.84229625 -16.39817298 0.66929134,
0.81058527 -16.40054939 0.66929134,
0.77907316 -16.40481799 0.66929134,
0.74787273 -16.41096351 0.66929134,
0.71709568 -16.41896395 0.66929134,
0.68685217 -16.42879066 0.66929134,
0.65725048 -16.44040847 0.66929134,
0.62839656 -16.45377579 0.66929134,
0.60039370 -16.46884477 0.66929134,
0.57334216 -16.48556146 0.66929134,
0.54733876 -16.50386603 0.66929134,
0.52247659 -16.52369294 0.66929134,
0.49884466 -16.54497123 0.66929134,
0.47652755 -16.56762473 0.66929134,
0.45560516 -16.59157233 0.66929134,
0.43615238 -16.61672831 0.66929134,
0.41823886 -16.64300263 0.66929134,
0.40192871 -16.67030122 0.66929134,
0.38728033 -16.69852636 0.66929134,
0.37434614 -16.72757702 0.66929134,
0.36317245 -16.75734920 0.66929134,
0.35379927 -16.78773632 0.66929134,
0.34626013 -16.81862961 0.66929134,
0.34058204 -16.84991848 0.66929134,
0.33678532 -16.88149092 0.66929134,
0.33488355 -16.91323391 0.66929134,
0.33488355 -16.94503381 0.66929134,
0.33678532 -16.97677680 0.66929134,
0.34058204 -17.00834924 0.66929134,
0.34626013 -17.03963810 0.66929134,
0.35379927 -17.07053139 0.66929134,
0.36317245 -17.10091852 0.66929134,
0.37434614 -17.13069070 0.66929134,
0.38728033 -17.15974136 0.66929134,
0.40192871 -17.18796650 0.66929134,
0.41823886 -17.21526509 0.66929134,
0.43615238 -17.24153941 0.66929134,
0.45560516 -17.26669539 0.66929134,
0.47652755 -17.29064299 0.66929134,
0.49884466 -17.31329648 0.66929134,
0.52247659 -17.33457477 0.66929134,
0.54733876 -17.35440169 0.66929134,
0.57334216 -17.37270626 0.66929134,
0.60039370 -17.38942295 0.66929134,
0.62839656 -17.40449193 0.66929134,
0.65725048 -17.41785925 0.66929134,
0.68685217 -17.42947706 0.66929134,
0.71709568 -17.43930377 0.66929134,
0.74787273 -17.44730421 0.66929134,
0.77907316 -17.45344973 0.66929134,
0.81058527 -17.45771833 0.66929134,
0.84229625 -17.46009474 0.66929134,
0.87409260 -17.46057045 0.66929134,
0.90586048 -17.45914375 0.66929134,
0.93748618 -17.45581976 0.66929134,
0.96885649 -17.45061036 0.66929134,
0.99985911 -17.44353422 0.66929134,
1.03038305 -17.43461665 0.66929134,
1.06031905 -17.42388959 0.66929134,
1.08955994 -17.41139143 0.66929134,
1.11800106 -17.39716692 0.66929134,
1.14554059 -17.38126696 0.66929134,
1.17207994 -17.36374849 0.66929134,
1.19752411 -17.34467421 0.66929134,
1.22178202 -17.32411241 0.66929134,
1.24476682 -17.30213668 0.66929134,
1.26639625 -17.27882570 0.66929134,
1.28659287 -17.25426291 0.66929134,
1.30528439 -17.22853625 0.66929134,
1.32240389 -17.20173780 0.66929134,
1.33789008 -17.17396351 0.66929134,
1.35168755 -17.14531278 0.66929134,
1.36374688 -17.11588819 0.66929134,
1.37402492 -17.08579507 0.66929134,
1.38248486 -17.05514115 0.66929134,
1.38909643 -17.02403614 0.66929134,
1.39383596 -16.99259142 0.66929134,
1.39668649 -16.96091953 0.66929134
] } coordIndex [
0,3,2,-1,
0,1,3,-1,
28,26,27,-1,
29,16,17,-1,
29,17,18,-1,
29,18,19,-1,
29,19,20,-1,
29,20,21,-1,
29,21,22,-1,
29,22,23,-1,
29,23,24,-1,
29,24,25,-1,
29,25,26,-1,
29,26,28,-1,
0,4,5,-1,
0,5,6,-1,
0,6,7,-1,
0,7,8,-1,
0,8,9,-1,
0,9,10,-1,
0,10,11,-1,
0,11,12,-1,
0,12,13,-1,
0,13,14,-1,
0,14,15,-1,
0,15,16,-1,
0,29,30,-1,
0,16,29,-1,
31,0,30,-1,
56,58,57,-1,
55,58,56,-1,
54,31,58,-1,
54,58,55,-1,
53,31,54,-1,
52,31,53,-1,
51,31,52,-1,
49,51,50,-1,
47,49,48,-1,
47,51,49,-1,
46,51,47,-1,
45,51,46,-1,
44,51,45,-1,
43,51,44,-1,
41,51,43,-1,
41,43,42,-1,
41,31,51,-1,
39,41,40,-1,
38,41,39,-1,
38,31,41,-1,
36,38,37,-1,
34,38,36,-1,
34,36,35,-1,
33,38,34,-1,
32,31,38,-1,
32,38,33,-1,
32,0,31,-1,
90,89,88,-1,
92,91,90,-1,
93,92,90,-1,
94,90,88,-1,
94,93,90,-1,
96,94,88,-1,
96,88,1,-1,
96,95,94,-1,
97,96,1,-1,
99,97,1,-1,
99,98,97,-1,
101,99,1,-1,
101,100,99,-1,
103,101,1,-1,
103,102,101,-1,
106,104,103,-1,
106,105,104,-1,
108,107,106,-1,
111,109,108,-1,
111,110,109,-1,
111,108,106,-1,
112,106,103,-1,
112,111,106,-1,
87,113,112,-1,
87,103,1,-1,
87,112,103,-1,
59,1,0,-1,
59,0,32,-1,
59,87,1,-1,
86,87,59,-1,
63,60,61,-1,
63,61,62,-1,
64,59,60,-1,
64,60,63,-1,
81,82,83,-1,
81,83,84,-1,
81,84,85,-1,
81,85,86,-1,
80,81,86,-1,
78,79,80,-1,
67,64,65,-1,
67,65,66,-1,
77,80,86,-1,
77,86,59,-1,
77,78,80,-1,
68,64,67,-1,
69,64,68,-1,
71,69,70,-1,
72,77,59,-1,
72,69,71,-1,
72,64,69,-1,
72,73,74,-1,
72,74,75,-1,
72,75,76,-1,
72,76,77,-1,
72,59,64,-1,
4,2,114,-1,
4,0,2,-1,
5,114,115,-1,
5,4,114,-1,
6,115,116,-1,
6,5,115,-1,
7,116,117,-1,
7,6,116,-1,
8,117,118,-1,
8,7,117,-1,
9,118,119,-1,
9,8,118,-1,
10,119,120,-1,
10,9,119,-1,
11,120,121,-1,
11,121,122,-1,
11,10,120,-1,
12,11,122,-1,
13,12,122,-1,
13,122,123,-1,
14,13,123,-1,
14,123,124,-1,
15,14,124,-1,
15,124,125,-1,
16,125,126,-1,
16,15,125,-1,
17,126,127,-1,
17,16,126,-1,
17,127,128,-1,
18,17,128,-1,
19,128,129,-1,
19,18,128,-1,
20,129,130,-1,
20,19,129,-1,
21,130,131,-1,
21,20,130,-1,
22,131,132,-1,
22,21,131,-1,
23,132,133,-1,
23,133,134,-1,
23,22,132,-1,
24,134,135,-1,
24,23,134,-1,
25,24,135,-1,
26,135,136,-1,
26,25,135,-1,
27,136,137,-1,
27,137,138,-1,
27,26,136,-1,
28,27,138,-1,
29,138,139,-1,
29,28,138,-1,
30,139,140,-1,
30,29,139,-1,
88,141,3,-1,
88,3,1,-1,
89,142,141,-1,
89,141,88,-1,
90,143,142,-1,
90,142,89,-1,
91,144,143,-1,
91,143,90,-1,
92,145,144,-1,
92,144,91,-1,
93,146,145,-1,
93,145,92,-1,
94,147,146,-1,
94,146,93,-1,
95,148,147,-1,
95,149,148,-1,
95,147,94,-1,
96,149,95,-1,
97,149,96,-1,
97,150,149,-1,
98,150,97,-1,
98,151,150,-1,
99,151,98,-1,
99,152,151,-1,
100,153,152,-1,
100,152,99,-1,
101,154,153,-1,
101,153,100,-1,
102,155,154,-1,
102,156,155,-1,
102,154,101,-1,
103,157,156,-1,
103,156,102,-1,
104,157,103,-1,
105,158,157,-1,
105,159,158,-1,
105,157,104,-1,
106,159,105,-1,
107,160,159,-1,
107,159,106,-1,
108,161,160,-1,
108,160,107,-1,
109,162,161,-1,
109,161,108,-1,
110,163,162,-1,
110,162,109,-1,
111,164,163,-1,
111,165,164,-1,
111,163,110,-1,
112,165,111,-1,
113,166,165,-1,
113,165,112,-1,
87,167,166,-1,
87,166,113,-1,
138,137,136,-1,
139,127,126,-1,
139,128,127,-1,
139,129,128,-1,
139,130,129,-1,
139,131,130,-1,
139,132,131,-1,
139,133,132,-1,
139,134,133,-1,
139,135,134,-1,
139,136,135,-1,
139,138,136,-1,
2,115,114,-1,
2,116,115,-1,
2,117,116,-1,
2,118,117,-1,
2,119,118,-1,
2,120,119,-1,
2,121,120,-1,
2,122,121,-1,
2,123,122,-1,
2,124,123,-1,
2,125,124,-1,
2,126,125,-1,
2,140,139,-1,
2,139,126,-1,
289,290,2,-1,
291,2,290,-1,
288,289,2,-1,
292,2,291,-1,
287,288,2,-1,
293,2,292,-1,
286,287,2,-1,
294,2,293,-1,
285,286,2,-1,
295,2,294,-1,
284,285,2,-1,
296,2,295,-1,
283,284,2,-1,
297,2,296,-1,
282,283,2,-1,
298,140,2,-1,
298,2,297,-1,
281,282,2,-1,
299,140,298,-1,
280,281,2,-1,
300,140,299,-1,
279,280,2,-1,
301,140,300,-1,
278,279,2,-1,
302,140,301,-1,
277,278,2,-1,
303,140,302,-1,
193,194,195,-1,
276,277,2,-1,
192,193,195,-1,
191,192,195,-1,
191,195,168,-1,
304,140,303,-1,
190,191,168,-1,
189,190,168,-1,
305,168,140,-1,
305,140,304,-1,
188,189,168,-1,
306,168,305,-1,
186,187,188,-1,
307,168,306,-1,
184,185,186,-1,
184,186,188,-1,
183,184,188,-1,
182,183,188,-1,
308,168,307,-1,
181,182,188,-1,
180,181,188,-1,
309,168,308,-1,
178,179,180,-1,
178,188,168,-1,
178,180,188,-1,
310,168,309,-1,
176,177,178,-1,
175,178,168,-1,
175,176,178,-1,
311,168,310,-1,
173,174,175,-1,
312,168,311,-1,
171,173,175,-1,
171,172,173,-1,
170,171,175,-1,
169,175,168,-1,
169,170,175,-1,
169,168,312,-1,
313,169,312,-1,
314,169,313,-1,
315,169,314,-1,
316,169,315,-1,
317,169,316,-1,
318,169,317,-1,
319,169,318,-1,
320,169,319,-1,
321,169,320,-1,
322,169,321,-1,
323,169,322,-1,
324,169,323,-1,
325,169,324,-1,
326,169,325,-1,
327,169,326,-1,
3,276,2,-1,
3,255,256,-1,
3,256,257,-1,
3,257,258,-1,
3,258,259,-1,
3,259,260,-1,
3,260,261,-1,
3,261,262,-1,
3,262,263,-1,
3,263,264,-1,
3,264,265,-1,
3,265,266,-1,
3,266,267,-1,
3,267,268,-1,
3,268,269,-1,
3,269,270,-1,
3,270,271,-1,
3,271,272,-1,
3,272,273,-1,
3,273,274,-1,
3,274,275,-1,
3,275,276,-1,
328,169,327,-1,
143,141,142,-1,
224,169,328,-1,
145,143,144,-1,
146,143,145,-1,
147,143,146,-1,
147,141,143,-1,
149,141,147,-1,
149,3,141,-1,
149,147,148,-1,
150,3,149,-1,
152,150,151,-1,
152,3,150,-1,
154,3,152,-1,
154,152,153,-1,
156,3,154,-1,
156,154,155,-1,
159,156,157,-1,
159,157,158,-1,
161,159,160,-1,
164,161,162,-1,
164,162,163,-1,
164,159,161,-1,
165,156,159,-1,
165,159,164,-1,
167,165,166,-1,
167,3,156,-1,
167,248,249,-1,
167,249,250,-1,
167,255,3,-1,
167,250,251,-1,
167,251,252,-1,
167,252,253,-1,
167,253,254,-1,
167,254,255,-1,
167,156,165,-1,
196,224,225,-1,
196,225,226,-1,
196,226,227,-1,
196,227,228,-1,
196,228,229,-1,
196,229,230,-1,
196,230,231,-1,
196,231,232,-1,
196,232,233,-1,
196,233,234,-1,
196,234,235,-1,
196,235,236,-1,
196,236,237,-1,
196,237,238,-1,
196,238,239,-1,
196,239,240,-1,
196,240,241,-1,
196,169,224,-1,
223,196,241,-1,
223,241,242,-1,
223,242,243,-1,
223,243,244,-1,
223,244,245,-1,
223,245,246,-1,
223,248,167,-1,
223,246,247,-1,
223,247,248,-1,
200,198,197,-1,
200,199,198,-1,
201,200,197,-1,
201,197,196,-1,
218,220,219,-1,
218,221,220,-1,
218,222,221,-1,
218,223,222,-1,
217,223,218,-1,
215,217,216,-1,
204,202,201,-1,
204,203,202,-1,
214,217,215,-1,
214,223,217,-1,
214,196,223,-1,
205,204,201,-1,
206,205,201,-1,
208,207,206,-1,
209,196,214,-1,
209,201,196,-1,
209,208,206,-1,
209,206,201,-1,
209,211,210,-1,
209,212,211,-1,
209,213,212,-1,
209,214,213,-1,
31,140,168,-1,
31,30,140,-1,
86,223,167,-1,
86,167,87,-1,
33,170,169,-1,
33,169,32,-1,
34,171,170,-1,
34,170,33,-1,
35,172,171,-1,
35,171,34,-1,
36,173,172,-1,
36,172,35,-1,
37,174,173,-1,
37,173,36,-1,
38,175,174,-1,
38,174,37,-1,
39,176,175,-1,
39,175,38,-1,
40,177,176,-1,
40,178,177,-1,
40,176,39,-1,
41,178,40,-1,
42,178,41,-1,
42,179,178,-1,
43,179,42,-1,
43,180,179,-1,
44,180,43,-1,
44,181,180,-1,
45,182,181,-1,
45,181,44,-1,
46,183,182,-1,
46,182,45,-1,
46,184,183,-1,
47,184,46,-1,
48,185,184,-1,
48,184,47,-1,
49,186,185,-1,
49,185,48,-1,
50,187,186,-1,
50,186,49,-1,
51,188,187,-1,
51,187,50,-1,
52,189,188,-1,
52,190,189,-1,
52,188,51,-1,
53,191,190,-1,
53,190,52,-1,
54,191,53,-1,
55,192,191,-1,
55,191,54,-1,
56,193,192,-1,
56,194,193,-1,
56,192,55,-1,
57,194,56,-1,
58,195,194,-1,
58,194,57,-1,
31,168,195,-1,
31,195,58,-1,
60,196,197,-1,
60,59,196,-1,
61,197,198,-1,
61,60,197,-1,
62,198,199,-1,
62,61,198,-1,
63,199,200,-1,
63,62,199,-1,
64,200,201,-1,
64,63,200,-1,
65,201,202,-1,
65,64,201,-1,
66,202,203,-1,
66,65,202,-1,
67,203,204,-1,
67,204,205,-1,
67,66,203,-1,
68,67,205,-1,
69,68,205,-1,
69,205,206,-1,
70,69,206,-1,
70,206,207,-1,
71,70,207,-1,
71,207,208,-1,
72,208,209,-1,
72,71,208,-1,
73,209,210,-1,
73,72,209,-1,
74,210,211,-1,
74,211,212,-1,
74,73,210,-1,
75,212,213,-1,
75,74,212,-1,
76,75,213,-1,
77,213,214,-1,
77,214,215,-1,
77,76,213,-1,
78,77,215,-1,
79,215,216,-1,
79,78,215,-1,
80,216,217,-1,
80,79,216,-1,
81,217,218,-1,
81,80,217,-1,
82,218,219,-1,
82,81,218,-1,
83,219,220,-1,
83,220,221,-1,
83,82,219,-1,
84,83,221,-1,
85,221,222,-1,
85,84,221,-1,
86,222,223,-1,
86,85,222,-1,
32,169,196,-1,
32,196,59,-1,
329,225,224,-1,
331,329,330,-1,
329,224,328,-1,
330,329,434,-1,
435,226,225,-1,
435,227,226,-1,
435,331,332,-1,
435,332,333,-1,
435,225,329,-1,
435,329,331,-1,
436,228,227,-1,
436,229,228,-1,
436,333,334,-1,
436,334,335,-1,
436,227,435,-1,
436,435,333,-1,
437,230,229,-1,
437,231,230,-1,
437,335,336,-1,
437,336,337,-1,
437,229,436,-1,
437,436,335,-1,
438,232,231,-1,
438,233,232,-1,
438,437,337,-1,
438,337,338,-1,
438,338,339,-1,
438,231,437,-1,
439,234,233,-1,
439,235,234,-1,
439,339,340,-1,
439,340,341,-1,
439,233,438,-1,
439,438,339,-1,
440,236,235,-1,
440,237,236,-1,
440,341,342,-1,
440,342,343,-1,
440,235,439,-1,
440,439,341,-1,
441,237,440,-1,
441,238,237,-1,
441,239,238,-1,
441,343,344,-1,
441,344,345,-1,
441,440,343,-1,
442,240,239,-1,
442,241,240,-1,
442,345,346,-1,
442,346,347,-1,
442,239,441,-1,
442,441,345,-1,
443,242,241,-1,
443,243,242,-1,
443,347,348,-1,
443,348,349,-1,
443,241,442,-1,
443,442,347,-1,
444,244,243,-1,
444,245,244,-1,
444,243,443,-1,
444,349,350,-1,
444,350,351,-1,
444,443,349,-1,
445,246,245,-1,
445,247,246,-1,
445,351,352,-1,
445,352,353,-1,
445,245,444,-1,
445,444,351,-1,
446,445,353,-1,
446,248,247,-1,
446,249,248,-1,
446,353,354,-1,
446,354,355,-1,
446,247,445,-1,
447,250,249,-1,
447,251,250,-1,
447,249,446,-1,
447,355,356,-1,
447,356,357,-1,
447,446,355,-1,
448,252,251,-1,
448,253,252,-1,
448,357,358,-1,
448,358,359,-1,
448,251,447,-1,
448,447,357,-1,
449,254,253,-1,
449,255,254,-1,
449,359,360,-1,
449,360,361,-1,
449,253,448,-1,
449,448,359,-1,
450,255,449,-1,
450,256,255,-1,
450,257,256,-1,
450,361,362,-1,
450,362,363,-1,
450,449,361,-1,
451,258,257,-1,
451,259,258,-1,
451,363,364,-1,
451,364,365,-1,
451,257,450,-1,
451,450,363,-1,
452,260,259,-1,
452,261,260,-1,
452,365,366,-1,
452,366,367,-1,
452,259,451,-1,
452,451,365,-1,
453,261,452,-1,
453,452,367,-1,
453,262,261,-1,
453,263,262,-1,
453,367,368,-1,
453,368,369,-1,
454,264,263,-1,
454,265,264,-1,
454,369,370,-1,
454,370,371,-1,
454,263,453,-1,
454,453,369,-1,
455,266,265,-1,
455,267,266,-1,
455,371,372,-1,
455,372,373,-1,
455,265,454,-1,
455,454,371,-1,
456,268,267,-1,
456,269,268,-1,
456,373,374,-1,
456,374,375,-1,
456,267,455,-1,
456,455,373,-1,
457,456,375,-1,
457,269,456,-1,
457,270,269,-1,
457,271,270,-1,
457,375,376,-1,
457,376,377,-1,
458,272,271,-1,
458,273,272,-1,
458,271,457,-1,
458,457,377,-1,
458,377,378,-1,
458,378,379,-1,
459,274,273,-1,
459,275,274,-1,
459,379,380,-1,
459,380,381,-1,
459,273,458,-1,
459,458,379,-1,
460,459,381,-1,
460,276,275,-1,
460,381,382,-1,
460,275,459,-1,
461,460,382,-1,
461,276,460,-1,
461,277,276,-1,
461,278,277,-1,
461,382,383,-1,
461,383,384,-1,
462,278,461,-1,
462,461,384,-1,
462,279,278,-1,
462,280,279,-1,
462,384,385,-1,
462,385,386,-1,
463,280,462,-1,
463,462,386,-1,
463,281,280,-1,
463,282,281,-1,
463,386,387,-1,
463,387,388,-1,
464,463,388,-1,
464,282,463,-1,
464,283,282,-1,
464,284,283,-1,
464,388,389,-1,
464,389,390,-1,
465,285,284,-1,
465,286,285,-1,
465,284,464,-1,
465,390,391,-1,
465,391,392,-1,
465,464,390,-1,
466,287,286,-1,
466,288,287,-1,
466,392,393,-1,
466,393,394,-1,
466,465,392,-1,
466,286,465,-1,
467,466,394,-1,
467,289,288,-1,
467,290,289,-1,
467,394,395,-1,
467,395,396,-1,
467,288,466,-1,
468,467,396,-1,
468,291,290,-1,
468,292,291,-1,
468,396,397,-1,
468,397,398,-1,
468,290,467,-1,
469,468,398,-1,
469,292,468,-1,
469,293,292,-1,
469,294,293,-1,
469,398,399,-1,
469,399,400,-1,
470,294,469,-1,
470,469,400,-1,
470,295,294,-1,
470,296,295,-1,
470,400,401,-1,
470,401,402,-1,
471,470,402,-1,
471,296,470,-1,
471,297,296,-1,
471,298,297,-1,
471,402,403,-1,
471,403,404,-1,
472,471,404,-1,
472,298,471,-1,
472,299,298,-1,
472,300,299,-1,
472,404,405,-1,
472,405,406,-1,
473,300,472,-1,
473,472,406,-1,
473,301,300,-1,
473,302,301,-1,
473,406,407,-1,
473,407,408,-1,
474,303,302,-1,
474,304,303,-1,
474,473,408,-1,
474,302,473,-1,
474,408,409,-1,
474,409,410,-1,
475,305,304,-1,
475,306,305,-1,
475,410,411,-1,
475,411,412,-1,
475,304,474,-1,
475,474,410,-1,
476,475,412,-1,
476,306,475,-1,
476,307,306,-1,
476,308,307,-1,
476,412,413,-1,
476,413,414,-1,
477,308,476,-1,
477,476,414,-1,
477,309,308,-1,
477,310,309,-1,
477,414,415,-1,
477,415,416,-1,
478,310,477,-1,
478,477,416,-1,
478,311,310,-1,
478,312,311,-1,
478,416,417,-1,
478,417,418,-1,
479,478,418,-1,
479,312,478,-1,
479,313,312,-1,
479,314,313,-1,
479,418,419,-1,
479,419,420,-1,
480,314,479,-1,
480,479,420,-1,
480,315,314,-1,
480,316,315,-1,
480,420,421,-1,
480,421,422,-1,
481,316,480,-1,
481,480,422,-1,
481,317,316,-1,
481,318,317,-1,
481,422,423,-1,
481,423,424,-1,
482,424,425,-1,
482,425,426,-1,
482,481,424,-1,
482,318,481,-1,
482,319,318,-1,
482,320,319,-1,
483,426,427,-1,
483,427,428,-1,
483,482,426,-1,
483,320,482,-1,
483,321,320,-1,
483,322,321,-1,
484,428,429,-1,
484,429,430,-1,
484,483,428,-1,
484,322,483,-1,
484,323,322,-1,
484,324,323,-1,
485,325,324,-1,
485,326,325,-1,
485,430,431,-1,
485,431,432,-1,
485,324,484,-1,
485,484,430,-1,
486,327,326,-1,
486,328,327,-1,
486,432,433,-1,
486,433,434,-1,
486,329,328,-1,
486,326,485,-1,
486,434,329,-1,
486,485,432,-1,
331,330,487,-1,
331,487,488,-1,
332,488,489,-1,
332,331,488,-1,
333,489,490,-1,
333,332,489,-1,
334,490,491,-1,
334,333,490,-1,
335,491,492,-1,
335,334,491,-1,
336,492,493,-1,
336,335,492,-1,
337,493,494,-1,
337,494,495,-1,
337,336,493,-1,
338,337,495,-1,
339,495,496,-1,
339,338,495,-1,
340,496,497,-1,
340,339,496,-1,
341,497,498,-1,
341,498,499,-1,
341,340,497,-1,
342,499,500,-1,
342,341,499,-1,
343,342,500,-1,
344,500,501,-1,
344,343,500,-1,
345,501,502,-1,
345,344,501,-1,
346,502,503,-1,
346,345,502,-1,
347,503,504,-1,
347,346,503,-1,
348,504,505,-1,
348,505,506,-1,
348,347,504,-1,
349,506,507,-1,
349,348,506,-1,
350,507,508,-1,
350,349,507,-1,
351,350,508,-1,
352,351,508,-1,
352,508,509,-1,
353,352,509,-1,
353,509,510,-1,
353,510,511,-1,
354,353,511,-1,
355,354,511,-1,
355,511,512,-1,
356,355,512,-1,
356,512,513,-1,
356,513,514,-1,
357,356,514,-1,
358,357,514,-1,
358,514,515,-1,
359,358,515,-1,
359,515,516,-1,
359,516,517,-1,
360,359,517,-1,
361,517,518,-1,
361,360,517,-1,
362,518,519,-1,
362,519,520,-1,
362,361,518,-1,
363,362,520,-1,
364,520,521,-1,
364,363,520,-1,
365,521,522,-1,
365,364,521,-1,
366,522,523,-1,
366,365,522,-1,
367,523,524,-1,
367,366,523,-1,
368,524,525,-1,
368,367,524,-1,
369,525,526,-1,
369,368,525,-1,
370,526,527,-1,
370,369,526,-1,
371,527,528,-1,
371,370,527,-1,
372,528,529,-1,
372,371,528,-1,
373,529,530,-1,
373,530,531,-1,
373,372,529,-1,
374,373,531,-1,
375,531,532,-1,
375,374,531,-1,
376,532,533,-1,
376,375,532,-1,
377,533,534,-1,
377,376,533,-1,
378,377,534,-1,
378,534,535,-1,
379,378,535,-1,
379,535,536,-1,
379,536,537,-1,
380,379,537,-1,
380,537,538,-1,
381,380,538,-1,
382,381,538,-1,
382,538,539,-1,
383,382,539,-1,
383,539,540,-1,
384,383,540,-1,
384,540,541,-1,
384,541,542,-1,
385,384,542,-1,
386,385,542,-1,
386,542,543,-1,
387,386,543,-1,
387,543,544,-1,
387,544,545,-1,
388,387,545,-1,
388,545,546,-1,
389,388,546,-1,
390,389,546,-1,
390,546,547,-1,
391,390,547,-1,
391,547,548,-1,
392,391,548,-1,
392,548,549,-1,
392,549,550,-1,
393,392,550,-1,
394,393,550,-1,
394,550,551,-1,
394,551,552,-1,
395,394,552,-1,
396,552,553,-1,
396,395,552,-1,
397,553,554,-1,
397,554,555,-1,
397,396,553,-1,
398,397,555,-1,
399,555,556,-1,
399,398,555,-1,
400,556,557,-1,
400,557,558,-1,
400,399,556,-1,
401,400,558,-1,
402,401,558,-1,
402,558,559,-1,
402,559,560,-1,
403,402,560,-1,
404,403,560,-1,
404,560,561,-1,
404,561,562,-1,
405,404,562,-1,
406,405,562,-1,
406,562,563,-1,
406,563,564,-1,
407,406,564,-1,
407,564,565,-1,
408,407,565,-1,
409,408,565,-1,
409,565,566,-1,
410,409,566,-1,
410,566,567,-1,
410,567,568,-1,
411,410,568,-1,
412,411,568,-1,
412,568,569,-1,
412,569,570,-1,
413,412,570,-1,
413,570,571,-1,
414,413,571,-1,
415,414,571,-1,
415,571,572,-1,
416,415,572,-1,
416,572,573,-1,
416,573,574,-1,
417,416,574,-1,
418,417,574,-1,
418,574,575,-1,
419,418,575,-1,
419,575,576,-1,
419,576,577,-1,
420,419,577,-1,
421,420,577,-1,
421,577,578,-1,
422,421,578,-1,
422,578,579,-1,
423,422,579,-1,
423,579,580,-1,
424,423,580,-1,
424,580,581,-1,
425,424,581,-1,
425,581,582,-1,
426,582,583,-1,
426,425,582,-1,
427,583,584,-1,
427,426,583,-1,
428,427,584,-1,
428,584,585,-1,
429,585,586,-1,
429,428,585,-1,
430,586,587,-1,
430,587,588,-1,
430,429,586,-1,
431,430,588,-1,
431,588,589,-1,
432,431,589,-1,
433,589,590,-1,
433,590,591,-1,
433,432,589,-1,
434,433,591,-1,
330,591,487,-1,
330,434,591,-1,
556,554,553,-1,
556,555,554,-1,
544,546,545,-1,
562,561,560,-1,
564,562,560,-1,
564,563,562,-1,
540,542,541,-1,
570,569,568,-1,
533,535,534,-1,
532,536,535,-1,
532,535,533,-1,
574,572,571,-1,
574,573,572,-1,
575,564,560,-1,
575,558,557,-1,
575,559,558,-1,
575,560,559,-1,
575,570,568,-1,
575,565,564,-1,
575,566,565,-1,
575,567,566,-1,
575,568,567,-1,
575,571,570,-1,
575,574,571,-1,
530,532,531,-1,
529,532,530,-1,
528,537,536,-1,
528,532,529,-1,
528,536,532,-1,
579,578,577,-1,
526,537,528,-1,
526,546,544,-1,
526,528,527,-1,
526,542,540,-1,
526,538,537,-1,
526,539,538,-1,
526,540,539,-1,
526,543,542,-1,
526,544,543,-1,
526,547,546,-1,
526,548,547,-1,
526,549,548,-1,
526,550,549,-1,
526,551,550,-1,
526,552,551,-1,
581,580,579,-1,
524,526,525,-1,
523,526,524,-1,
522,526,523,-1,
584,579,577,-1,
584,581,579,-1,
584,576,575,-1,
584,577,576,-1,
584,582,581,-1,
584,583,582,-1,
520,552,526,-1,
520,526,522,-1,
520,522,521,-1,
520,553,552,-1,
587,585,584,-1,
587,586,585,-1,
588,587,584,-1,
590,589,588,-1,
515,517,516,-1,
515,518,517,-1,
515,519,518,-1,
515,520,519,-1,
487,591,590,-1,
487,590,588,-1,
512,556,553,-1,
512,553,520,-1,
512,514,513,-1,
512,515,514,-1,
512,520,515,-1,
512,557,556,-1,
489,488,487,-1,
510,512,511,-1,
491,490,489,-1,
492,491,489,-1,
492,489,487,-1,
508,510,509,-1,
507,510,508,-1,
494,493,492,-1,
494,492,487,-1,
505,507,506,-1,
496,495,494,-1,
498,497,496,-1,
502,504,503,-1,
502,505,504,-1,
502,507,505,-1,
499,498,496,-1,
499,496,494,-1,
501,507,502,-1,
500,507,501,-1,
500,499,494,-1,
500,584,575,-1,
500,588,584,-1,
500,487,588,-1,
500,575,557,-1,
500,557,512,-1,
500,512,510,-1,
500,510,507,-1,
500,494,487,-1
] } }
Shape { appearance Appearance { material Material { diffuseColor 0.82 0.56 0.18 } } geometry IndexedFaceSet { ccw TRUE solid TRUE coord Coordinate { point [
-0.00000000 -23.07086614 0.88582677,
-0.00000000 -20.23622047 0.88582677,
-0.00000000 -23.07086614 0.09842520,
-0.00000000 -20.23622047 0.09842520,
0.00039965 -23.08460114 0.88582677,
0.00159724 -23.09828966 0.88582677,
0.00358872 -23.11188540 0.88582677,
0.00636735 -23.12534233 0.88582677,
0.00992374 -23.13861494 0.88582677,
0.01424584 -23.15165830 0.88582677,
0.01931903 -23.16442829 0.88582677,
0.02512615 -23.17688170 0.88582677,
0.03164754 -23.18897638 0.88582677,
0.03886115 -23.20067141 0.88582677,
0.04674255 -23.21192723 0.88582677,
0.05526509 -23.22270573 0.88582677,
0.06439993 -23.23297047 0.88582677,
0.07411615 -23.24268669 0.88582677,
0.08438088 -23.25182152 0.88582677,
0.09515939 -23.26034406 0.88582677,
0.10641520 -23.26822547 0.88582677,
0.11811024 -23.27543907 0.88582677,
0.13020492 -23.28196047 0.88582677,
0.14265832 -23.28776758 0.88582677,
0.15542831 -23.29284078 0.88582677,
0.16847168 -23.29716288 0.88582677,
0.18174428 -23.30071926 0.88582677,
0.19520122 -23.30349789 0.88582677,
0.20879695 -23.30548938 0.88582677,
0.22248547 -23.30668697 0.88582677,
0.23622047 -23.30708661 0.88582677,
1.88976378 -23.30708661 0.88582677,
2.12598425 -23.07086614 0.88582677,
2.12558460 -23.08460114 0.88582677,
2.12438701 -23.09828966 0.88582677,
2.12239553 -23.11188540 0.88582677,
2.11961690 -23.12534233 0.88582677,
2.11606051 -23.13861494 0.88582677,
2.11173841 -23.15165830 0.88582677,
2.10666522 -23.16442829 0.88582677,
2.10085810 -23.17688170 0.88582677,
2.09433671 -23.18897638 0.88582677,
2.08712311 -23.20067141 0.88582677,
2.07924170 -23.21192723 0.88582677,
2.07071916 -23.22270573 0.88582677,
2.06158432 -23.23297047 0.88582677,
2.05186810 -23.24268669 0.88582677,
2.04160337 -23.25182152 0.88582677,
2.03082486 -23.26034406 0.88582677,
2.01956905 -23.26822547 0.88582677,
2.00787402 -23.27543907 0.88582677,
1.99577933 -23.28196047 0.88582677,
1.98332593 -23.28776758 0.88582677,
1.97055594 -23.29284078 0.88582677,
1.95751257 -23.29716288 0.88582677,
1.94423997 -23.30071926 0.88582677,
1.93078303 -23.30349789 0.88582677,
1.91718730 -23.30548938 0.88582677,
1.90349878 -23.30668697 0.88582677,
2.12598425 -20.23622047 0.88582677,
2.12558460 -20.22248547 0.88582677,
2.12438701 -20.20879695 0.88582677,
2.12239553 -20.19520122 0.88582677,
2.11961690 -20.18174428 0.88582677,
2.11606051 -20.16847168 0.88582677,
2.11173841 -20.15542831 0.88582677,
2.10666522 -20.14265832 0.88582677,
2.10085810 -20.13020492 0.88582677,
2.09433671 -20.11811024 0.88582677,
2.08712311 -20.10641520 0.88582677,
2.07924170 -20.09515939 0.88582677,
2.07071916 -20.08438088 0.88582677,
2.06158432 -20.07411615 0.88582677,
2.05186810 -20.06439993 0.88582677,
2.04160337 -20.05526509 0.88582677,
2.03082486 -20.04674255 0.88582677,
2.01956905 -20.03886115 0.88582677,
2.00787402 -20.03164754 0.88582677,
1.99577933 -20.02512615 0.88582677,
1.98332593 -20.01931903 0.88582677,
1.97055594 -20.01424584 0.88582677,
1.95751257 -20.00992374 0.88582677,
1.94423997 -20.00636735 0.88582677,
1.93078303 -20.00358872 0.88582677,
1.91718730 -20.00159724 0.88582677,
1.90349878 -20.00039965 0.88582677,
1.88976378 -20.00000000 0.88582677,
0.23622047 -20.00000000 0.88582677,
0.00039965 -20.22248547 0.88582677,
0.00159724 -20.20879695 0.88582677,
0.00358872 -20.19520122 0.88582677,
0.00636735 -20.18174428 0.88582677,
0.00992374 -20.16847168 0.88582677,
0.01424584 -20.15542831 0.88582677,
0.01931903 -20.14265832 0.88582677,
0.02512615 -20.13020492 0.88582677,
0.03164754 -20.11811024 0.88582677,
0.03886115 -20.10641520 0.88582677,
0.04674255 -20.09515939 0.88582677,
0.05526509 -20.08438088 0.88582677,
0.06439993 -20.07411615 0.88582677,
0.07411615 -20.06439993 0.88582677,
0.08438088 -20.05526509 0.88582677,
0.09515939 -20.04674255 0.88582677,
0.10641520 -20.03886115 0.88582677,
0.11811024 -20.03164754 0.88582677,
0.13020492 -20.02512615 0.88582677,
0.14265832 -20.01931903 0.88582677,
0.15542831 -20.01424584 0.88582677,
0.16847168 -20.00992374 0.88582677,
0.18174428 -20.00636735 0.88582677,
0.19520122 -20.00358872 0.88582677,
0.20879695 -20.00159724 0.88582677,
0.22248547 -20.00039965 0.88582677,
0.00039965 -23.08460114 0.09842520,
0.00159724 -23.09828966 0.09842520,
0.00358872 -23.11188540 0.09842520,
0.00636735 -23.12534233 0.09842520,
0.00992374 -23.13861494 0.09842520,
0.01424584 -23.15165830 0.09842520,
0.01931903 -23.16442829 0.09842520,
0.02512615 -23.17688170 0.09842520,
0.03164754 -23.18897638 0.09842520,
0.03886115 -23.20067141 0.09842520,
0.04674255 -23.21192723 0.09842520,
0.05526509 -23.22270573 0.09842520,
0.06439993 -23.23297047 0.09842520,
0.07411615 -23.24268669 0.09842520,
0.08438088 -23.25182152 0.09842520,
0.09515939 -23.26034406 0.09842520,
0.10641520 -23.26822547 0.09842520,
0.11811024 -23.27543907 0.09842520,
0.13020492 -23.28196047 0.09842520,
0.14265832 -23.28776758 0.09842520,
0.15542831 -23.29284078 0.09842520,
0.16847168 -23.29716288 0.09842520,
0.18174428 -23.30071926 0.09842520,
0.19520122 -23.30349789 0.09842520,
0.20879695 -23.30548938 0.09842520,
0.22248547 -23.30668697 0.09842520,
0.23622047 -23.30708661 0.09842520,
0.00039965 -20.22248547 0.09842520,
0.00159724 -20.20879695 0.09842520,
0.00358872 -20.19520122 0.09842520,
0.00636735 -20.18174428 0.09842520,
0.00992374 -20.16847168 0.09842520,
0.01424584 -20.15542831 0.09842520,
0.01931903 -20.14265832 0.09842520,
0.02512615 -20.13020492 0.09842520,
0.03164754 -20.11811024 0.09842520,
0.03886115 -20.10641520 0.09842520,
0.04674255 -20.09515939 0.09842520,
0.05526509 -20.08438088 0.09842520,
0.06439993 -20.07411615 0.09842520,
0.07411615 -20.06439993 0.09842520,
0.08438088 -20.05526509 0.09842520,
0.09515939 -20.04674255 0.09842520,
0.10641520 -20.03886115 0.09842520,
0.11811024 -20.03164754 0.09842520,
0.13020492 -20.02512615 0.09842520,
0.14265832 -20.01931903 0.09842520,
0.15542831 -20.01424584 0.09842520,
0.16847168 -20.00992374 0.09842520,
0.18174428 -20.00636735 0.09842520,
0.19520122 -20.00358872 0.09842520,
0.20879695 -20.00159724 0.09842520,
0.22248547 -20.00039965 0.09842520,
0.23622047 -20.00000000 0.09842520,
1.88976378 -23.30708661 0.09842520,
2.12598425 -23.07086614 0.09842520,
2.12558460 -23.08460114 0.09842520,
2.12438701 -23.09828966 0.09842520,
2.12239553 -23.11188540 0.09842520,
2.11961690 -23.12534233 0.09842520,
2.11606051 -23.13861494 0.09842520,
2.11173841 -23.15165830 0.09842520,
2.10666522 -23.16442829 0.09842520,
2.10085810 -23.17688170 0.09842520,
2.09433671 -23.18897638 0.09842520,
2.08712311 -23.20067141 0.09842520,
2.07924170 -23.21192723 0.09842520,
2.07071916 -23.22270573 0.09842520,
2.06158432 -23.23297047 0.09842520,
2.05186810 -23.24268669 0.09842520,
2.04160337 -23.25182152 0.09842520,
2.03082486 -23.26034406 0.09842520,
2.01956905 -23.26822547 0.09842520,
2.00787402 -23.27543907 0.09842520,
1.99577933 -23.28196047 0.09842520,
1.98332593 -23.28776758 0.09842520,
1.97055594 -23.29284078 0.09842520,
1.95751257 -23.29716288 0.09842520,
1.94423997 -23.30071926 0.09842520,
1.93078303 -23.30349789 0.09842520,
1.91718730 -23.30548938 0.09842520,
1.90349878 -23.30668697 0.09842520,
2.12598425 -20.23622047 0.09842520,
2.12558460 -20.22248547 0.09842520,
2.12438701 -20.20879695 0.09842520,
2.12239553 -20.19520122 0.09842520,
2.11961690 -20.18174428 0.09842520,
2.11606051 -20.16847168 0.09842520,
2.11173841 -20.15542831 0.09842520,
2.10666522 -20.14265832 0.09842520,
2.10085810 -20.13020492 0.09842520,
2.09433671 -20.11811024 0.09842520,
2.08712311 -20.10641520 0.09842520,
2.07924170 -20.09515939 0.09842520,
2.07071916 -20.08438088 0.09842520,
2.06158432 -20.07411615 0.09842520,
2.05186810 -20.06439993 0.09842520,
2.04160337 -20.05526509 0.09842520,
2.03082486 -20.04674255 0.09842520,
2.01956905 -20.03886115 0.09842520,
2.00787402 -20.03164754 0.09842520,
1.99577933 -20.02512615 0.09842520,
1.98332593 -20.01931903 0.09842520,
1.97055594 -20.01424584 0.09842520,
1.95751257 -20.00992374 0.09842520,
1.94423997 -20.00636735 0.09842520,
1.93078303 -20.00358872 0.09842520,
1.91718730 -20.00159724 0.09842520,
1.90349878 -20.00039965 0.09842520,
1.88976378 -20.00000000 0.09842520,
1.46377953 -21.65354331 0.09842520,
1.46270983 -21.61780208 0.09842520,
1.45950458 -21.58218881 0.09842520,
1.45417524 -21.54683096 0.09842520,
1.44674090 -21.51185511 0.09842520,
1.43722816 -21.47738647 0.09842520,
1.42567108 -21.44354843 0.09842520,
1.41211103 -21.41046212 0.09842520,
1.39659655 -21.37824597 0.09842520,
1.37918318 -21.34701531 0.09842520,
1.35993325 -21.31688195 0.09842520,
1.33891568 -21.28795375 0.09842520,
1.31620570 -21.26033426 0.09842520,
1.29188461 -21.23412236 0.09842520,
1.26603947 -21.20941187 0.09842520,
1.23876280 -21.18629126 0.09842520,
1.21015225 -21.16484330 0.09842520,
1.18031022 -21.14514475 0.09842520,
1.14934355 -21.12726613 0.09842520,
1.11736310 -21.11127146 0.09842520,
1.08448334 -21.09721797 0.09842520,
1.05082197 -21.08515599 0.09842520,
1.01649949 -21.07512868 0.09842520,
0.98163877 -21.06717195 0.09842520,
0.94636461 -21.06131428 0.09842520,
0.91080326 -21.05757663 0.09842520,
0.87508204 -21.05597239 0.09842520,
0.83932881 -21.05650729 0.09842520,
0.80367157 -21.05917943 0.09842520,
0.76823796 -21.06397924 0.09842520,
0.73315481 -21.07088954 0.09842520,
0.69854773 -21.07988558 0.09842520,
0.66454058 -21.09093517 0.09842520,
0.63125512 -21.10399876 0.09842520,
0.59881049 -21.11902957 0.09842520,
0.56732283 -21.13597379 0.09842520,
0.53690487 -21.15477079 0.09842520,
0.50766550 -21.17535326 0.09842520,
0.47970937 -21.19764752 0.09842520,
0.45313657 -21.22157378 0.09842520,
0.42804223 -21.24704637 0.09842520,
0.40451616 -21.27397412 0.09842520,
0.38264260 -21.30226062 0.09842520,
0.36249984 -21.33180463 0.09842520,
0.34415998 -21.36250038 0.09842520,
0.32768868 -21.39423799 0.09842520,
0.31314491 -21.42690384 0.09842520,
0.30058072 -21.46038100 0.09842520,
0.29004109 -21.49454963 0.09842520,
0.28156376 -21.52928742 0.09842520,
0.27517906 -21.56447002 0.09842520,
0.27090985 -21.59997147 0.09842520,
0.26877142 -21.63566469 0.09842520,
0.26877142 -21.67142192 0.09842520,
0.27090985 -21.70711515 0.09842520,
0.27517906 -21.74261660 0.09842520,
0.28156376 -21.77779919 0.09842520,
0.29004109 -21.81253698 0.09842520,
0.30058072 -21.84670561 0.09842520,
0.31314491 -21.88018278 0.09842520,
0.32768868 -21.91284863 0.09842520,
0.34415998 -21.94458623 0.09842520,
0.36249984 -21.97528198 0.09842520,
0.38264260 -22.00482599 0.09842520,
0.40451616 -22.03311250 0.09842520,
0.42804223 -22.06004024 0.09842520,
0.45313657 -22.08551284 0.09842520,
0.47970937 -22.10943909 0.09842520,
0.50766550 -22.13173336 0.09842520,
0.53690487 -22.15231583 0.09842520,
0.56732283 -22.17111282 0.09842520,
0.59881049 -22.18805705 0.09842520,
0.63125512 -22.20308786 0.09842520,
0.66454058 -22.21615144 0.09842520,
0.69854773 -22.22720103 0.09842520,
0.73315481 -22.23619708 0.09842520,
0.76823796 -22.24310737 0.09842520,
0.80367157 -22.24790718 0.09842520,
0.83932881 -22.25057932 0.09842520,
0.87508204 -22.25111423 0.09842520,
0.91080326 -22.24950999 0.09842520,
0.94636461 -22.24577234 0.09842520,
0.98163877 -22.23991466 0.09842520,
1.01649949 -22.23195793 0.09842520,
1.05082197 -22.22193063 0.09842520,
1.08448334 -22.20986864 0.09842520,
1.11736310 -22.19581516 0.09842520,
1.14934355 -22.17982048 0.09842520,
1.18031022 -22.16194187 0.09842520,
1.21015225 -22.14224332 0.09842520,
1.23876280 -22.12079535 0.09842520,
1.26603947 -22.09767474 0.09842520,
1.29188461 -22.07296426 0.09842520,
1.31620570 -22.04675236 0.09842520,
1.33891568 -22.01913287 0.09842520,
1.35993325 -21.99020466 0.09842520,
1.37918318 -21.96007130 0.09842520,
1.39659655 -21.92884065 0.09842520,
1.41211103 -21.89662450 0.09842520,
1.42567108 -21.86353818 0.09842520,
1.43722816 -21.82970014 0.09842520,
1.44674090 -21.79523150 0.09842520,
1.45417524 -21.76025566 0.09842520,
1.45950458 -21.72489781 0.09842520,
1.46270983 -21.68928453 0.09842520,
1.43070866 -21.65354331 0.14566929,
1.39763780 -21.65354331 0.19291339,
1.39668649 -21.62175763 0.19291339,
1.39383596 -21.59008575 0.19291339,
1.38909643 -21.55864102 0.19291339,
1.38248486 -21.52753602 0.19291339,
1.37402492 -21.49688209 0.19291339,
1.36374688 -21.46678897 0.19291339,
1.35168755 -21.43736438 0.19291339,
1.33789008 -21.40871366 0.19291339,
1.32240389 -21.38093936 0.19291339,
1.30528439 -21.35414091 0.19291339,
1.28659287 -21.32841425 0.19291339,
1.26639625 -21.30385146 0.19291339,
1.24476682 -21.28054048 0.19291339,
1.22178202 -21.25856476 0.19291339,
1.19752411 -21.23800295 0.19291339,
1.17207994 -21.21892867 0.19291339,
1.14554059 -21.20141020 0.19291339,
1.11800106 -21.18551025 0.19291339,
1.08955994 -21.17128573 0.19291339,
1.06031905 -21.15878757 0.19291339,
1.03038305 -21.14806051 0.19291339,
0.99985911 -21.13914295 0.19291339,
0.96885649 -21.13206680 0.19291339,
0.93748618 -21.12685741 0.19291339,
0.90586048 -21.12353341 0.19291339,
0.87409260 -21.12210672 0.19291339,
0.84229625 -21.12258243 0.19291339,
0.81058527 -21.12495884 0.19291339,
0.77907316 -21.12922744 0.19291339,
0.74787273 -21.13537296 0.19291339,
0.71709568 -21.14337340 0.19291339,
0.68685217 -21.15320011 0.19291339,
0.65725048 -21.16481792 0.19291339,
0.62839656 -21.17818524 0.19291339,
0.60039370 -21.19325421 0.19291339,
0.57334216 -21.20997091 0.19291339,
0.54733876 -21.22827548 0.19291339,
0.52247659 -21.24810239 0.19291339,
0.49884466 -21.26938068 0.19291339,
0.47652755 -21.29203417 0.19291339,
0.45560516 -21.31598178 0.19291339,
0.43615238 -21.34113776 0.19291339,
0.41823886 -21.36741207 0.19291339,
0.40192871 -21.39471066 0.19291339,
0.38728033 -21.42293581 0.19291339,
0.37434614 -21.45198647 0.19291339,
0.36317245 -21.48175865 0.19291339,
0.35379927 -21.51214577 0.19291339,
0.34626013 -21.54303906 0.19291339,
0.34058204 -21.57432793 0.19291339,
0.33678532 -21.60590037 0.19291339,
0.33488355 -21.63764335 0.19291339,
0.33488355 -21.66944326 0.19291339,
0.33678532 -21.70118625 0.19291339,
0.34058204 -21.73275868 0.19291339,
0.34626013 -21.76404755 0.19291339,
0.35379927 -21.79494084 0.19291339,
0.36317245 -21.82532797 0.19291339,
0.37434614 -21.85510015 0.19291339,
0.38728033 -21.88415081 0.19291339,
0.40192871 -21.91237595 0.19291339,
0.41823886 -21.93967454 0.19291339,
0.43615238 -21.96594885 0.19291339,
0.45560516 -21.99110484 0.19291339,
0.47652755 -22.01505244 0.19291339,
0.49884466 -22.03770593 0.19291339,
0.52247659 -22.05898422 0.19291339,
0.54733876 -22.07881114 0.19291339,
0.57334216 -22.09711571 0.19291339,
0.60039370 -22.11383240 0.19291339,
0.62839656 -22.12890138 0.19291339,
0.65725048 -22.14226870 0.19291339,
0.68685217 -22.15388651 0.19291339,
0.71709568 -22.16371322 0.19291339,
0.74787273 -22.17171365 0.19291339,
0.77907316 -22.17785917 0.19291339,
0.81058527 -22.18212778 0.19291339,
0.84229625 -22.18450419 0.19291339,
0.87409260 -22.18497990 0.19291339,
0.90586048 -22.18355320 0.19291339,
0.93748618 -22.18022920 0.19291339,
0.96885649 -22.17501981 0.19291339,
0.99985911 -22.16794367 0.19291339,
1.03038305 -22.15902610 0.19291339,
1.06031905 -22.14829904 0.19291339,
1.08955994 -22.13580088 0.19291339,
1.11800106 -22.12157637 0.19291339,
1.14554059 -22.10567641 0.19291339,
1.17207994 -22.08815794 0.19291339,
1.19752411 -22.06908366 0.19291339,
1.22178202 -22.04852186 0.19291339,
1.24476682 -22.02654613 0.19291339,
1.26639625 -22.00323515 0.19291339,
1.28659287 -21.97867236 0.19291339,
1.30528439 -21.95294570 0.19291339,
1.32240389 -21.92614725 0.19291339,
1.33789008 -21.89837296 0.19291339,
1.35168755 -21.86972223 0.19291339,
1.36374688 -21.84029764 0.19291339,
1.37402492 -21.81020452 0.19291339,
1.38248486 -21.77955059 0.19291339,
1.38909643 -21.74844559 0.19291339,
1.39383596 -21.71700087 0.19291339,
1.39668649 -21.68532898 0.19291339,
1.42674602 -21.58677019 0.14566929,
1.41491372 -21.52093441 0.14566929,
1.39537787 -21.45696018 0.14566929,
1.36841270 -21.39574554 0.14566929,
1.33439675 -21.33814982 0.14566929,
1.29380753 -21.28498153 0.14566929,
1.24721481 -21.23698704 0.14566929,
1.19527267 -21.19484009 0.14566929,
1.13871024 -21.15913232 0.14566929,
1.07832156 -21.13036500 0.14566929,
1.01495433 -21.10894196 0.14566929,
0.94949810 -21.09516393 0.14566929,
0.88287173 -21.08922432 0.14566929,
0.81601051 -21.09120651 0.14566929,
0.74985302 -21.10108267 0.14566929,
0.68532796 -21.11871418 0.14566929,
0.62334114 -21.14385351 0.14566929,
0.56476271 -21.17614777 0.14566929,
0.51041497 -21.21514361 0.14566929,
0.46106086 -21.26029363 0.14566929,
0.41739320 -21.31096401 0.14566929,
0.38002498 -21.36644346 0.14566929,
0.34948078 -21.42595315 0.14566929,
0.32618937 -21.48865771 0.14566929,
0.31047770 -21.55367691 0.14566929,
0.30256633 -21.62009801 0.14566929,
0.30256633 -21.68698861 0.14566929,
0.31047770 -21.75340971 0.14566929,
0.32618937 -21.81842890 0.14566929,
0.34948078 -21.88113346 0.14566929,
0.38002498 -21.94064316 0.14566929,
0.41739320 -21.99612260 0.14566929,
0.46106086 -22.04679298 0.14566929,
0.51041497 -22.09194300 0.14566929,
0.56476271 -22.13093885 0.14566929,
0.62334114 -22.16323311 0.14566929,
0.68532796 -22.18837244 0.14566929,
0.74985302 -22.20600394 0.14566929,
0.81601051 -22.21588011 0.14566929,
0.88287173 -22.21786230 0.14566929,
0.94949810 -22.21192269 0.14566929,
1.01495433 -22.19814466 0.14566929,
1.07832156 -22.17672161 0.14566929,
1.13871024 -22.14795429 0.14566929,
1.19527267 -22.11224653 0.14566929,
1.24721481 -22.07009958 0.14566929,
1.29380753 -22.02210509 0.14566929,
1.33439675 -21.96893680 0.14566929,
1.36841270 -21.91134107 0.14566929,
1.39537787 -21.85012644 0.14566929,
1.41491372 -21.78615220 0.14566929,
1.42674602 -21.72031643 0.14566929,
1.39763780 -21.65354331 0.66929134,
1.39668649 -21.62175763 0.66929134,
1.39383596 -21.59008575 0.66929134,
1.38909643 -21.55864102 0.66929134,
1.38248486 -21.52753602 0.66929134,
1.37402492 -21.49688209 0.66929134,
1.36374688 -21.46678897 0.66929134,
1.35168755 -21.43736438 0.66929134,
1.33789008 -21.40871366 0.66929134,
1.32240389 -21.38093936 0.66929134,
1.30528439 -21.35414091 0.66929134,
1.28659287 -21.32841425 0.66929134,
1.26639625 -21.30385146 0.66929134,
1.24476682 -21.28054048 0.66929134,
1.22178202 -21.25856476 0.66929134,
1.19752411 -21.23800295 0.66929134,
1.17207994 -21.21892867 0.66929134,
1.14554059 -21.20141020 0.66929134,
1.11800106 -21.18551025 0.66929134,
1.08955994 -21.17128573 0.66929134,
1.06031905 -21.15878757 0.66929134,
1.03038305 -21.14806051 0.66929134,
0.99985911 -21.13914295 0.66929134,
0.96885649 -21.13206680 0.66929134,
0.93748618 -21.12685741 0.66929134,
0.90586048 -21.12353341 0.66929134,
0.87409260 -21.12210672 0.66929134,
0.84229625 -21.12258243 0.66929134,
0.81058527 -21.12495884 0.66929134,
0.77907316 -21.12922744 0.66929134,
0.74787273 -21.13537296 0.66929134,
0.71709568 -21.14337340 0.66929134,
0.68685217 -21.15320011 0.66929134,
0.65725048 -21.16481792 0.66929134,
0.62839656 -21.17818524 0.66929134,
0.60039370 -21.19325421 0.66929134,
0.57334216 -21.20997091 0.66929134,
0.54733876 -21.22827548 0.66929134,
0.52247659 -21.24810239 0.66929134,
0.49884466 -21.26938068 0.66929134,
0.47652755 -21.29203417 0.66929134,
0.45560516 -21.31598178 0.66929134,
0.43615238 -21.34113776 0.66929134,
0.41823886 -21.36741207 0.66929134,
0.40192871 -21.39471066 0.66929134,
0.38728033 -21.42293581 0.66929134,
0.37434614 -21.45198647 0.66929134,
0.36317245 -21.48175865 0.66929134,
0.35379927 -21.51214577 0.66929134,
0.34626013 -21.54303906 0.66929134,
0.34058204 -21.57432793 0.66929134,
0.33678532 -21.60590037 0.66929134,
0.33488355 -21.63764335 0.66929134,
0.33488355 -21.66944326 0.66929134,
0.33678532 -21.70118625 0.66929134,
0.34058204 -21.73275868 0.66929134,
0.34626013 -21.76404755 0.66929134,
0.35379927 -21.79494084 0.66929134,
0.36317245 -21.82532797 0.66929134,
0.37434614 -21.85510015 0.66929134,
0.38728033 -21.88415081 0.66929134,
0.40192871 -21.91237595 0.66929134,
0.41823886 -21.93967454 0.66929134,
0.43615238 -21.96594885 0.66929134,
0.45560516 -21.99110484 0.66929134,
0.47652755 -22.01505244 0.66929134,
0.49884466 -22.03770593 0.66929134,
0.52247659 -22.05898422 0.66929134,
0.54733876 -22.07881114 0.66929134,
0.57334216 -22.09711571 0.66929134,
0.60039370 -22.11383240 0.66929134,
0.62839656 -22.12890138 0.66929134,
0.65725048 -22.14226870 0.66929134,
0.68685217 -22.15388651 0.66929134,
0.71709568 -22.16371322 0.66929134,
0.74787273 -22.17171365 0.66929134,
0.77907316 -22.17785917 0.66929134,
0.81058527 -22.18212778 0.66929134,
0.84229625 -22.18450419 0.66929134,
0.87409260 -22.18497990 0.66929134,
0.90586048 -22.18355320 0.66929134,
0.93748618 -22.18022920 0.66929134,
0.96885649 -22.17501981 0.66929134,
0.99985911 -22.16794367 0.66929134,
1.03038305 -22.15902610 0.66929134,
1.06031905 -22.14829904 0.66929134,
1.08955994 -22.13580088 0.66929134,
1.11800106 -22.12157637 0.66929134,
1.14554059 -22.10567641 0.66929134,
1.17207994 -22.08815794 0.66929134,
1.19752411 -22.06908366 0.66929134,
1.22178202 -22.04852186 0.66929134,
1.24476682 -22.02654613 0.66929134,
1.26639625 -22.00323515 0.66929134,
1.28659287 -21.97867236 0.66929134,
1.30528439 -21.95294570 0.66929134,
1.32240389 -21.92614725 0.66929134,
1.33789008 -21.89837296 0.66929134,
1.35168755 -21.86972223 0.66929134,
1.36374688 -21.84029764 0.66929134,
1.37402492 -21.81020452 0.66929134,
1.38248486 -21.77955059 0.66929134,
1.38909643 -21.74844559 0.66929134,
1.39383596 -21.71700087 0.66929134,
1.39668649 -21.68532898 0.66929134
] } coordIndex [
0,3,2,-1,
0,1,3,-1,
28,26,27,-1,
29,16,17,-1,
29,17,18,-1,
29,18,19,-1,
29,19,20,-1,
29,20,21,-1,
29,21,22,-1,
29,22,23,-1,
29,23,24,-1,
29,24,25,-1,
29,25,26,-1,
29,26,28,-1,
0,4,5,-1,
0,5,6,-1,
0,6,7,-1,
0,7,8,-1,
0,8,9,-1,
0,9,10,-1,
0,10,11,-1,
0,11,12,-1,
0,12,13,-1,
0,13,14,-1,
0,14,15,-1,
0,15,16,-1,
0,29,30,-1,
0,16,29,-1,
31,0,30,-1,
56,58,57,-1,
55,58,56,-1,
54,31,58,-1,
54,58,55,-1,
53,31,54,-1,
52,31,53,-1,
51,31,52,-1,
49,51,50,-1,
47,49,48,-1,
47,51,49,-1,
46,51,47,-1,
45,51,46,-1,
44,51,45,-1,
43,51,44,-1,
41,51,43,-1,
41,43,42,-1,
41,31,51,-1,
39,41,40,-1,
38,41,39,-1,
38,31,41,-1,
36,38,37,-1,
34,38,36,-1,
34,36,35,-1,
33,38,34,-1,
32,31,38,-1,
32,38,33,-1,
32,0,31,-1,
90,89,88,-1,
92,91,90,-1,
93,92,90,-1,
94,90,88,-1,
94,93,90,-1,
96,94,88,-1,
96,88,1,-1,
96,95,94,-1,
97,96,1,-1,
99,97,1,-1,
99,98,97,-1,
101,99,1,-1,
101,100,99,-1,
103,101,1,-1,
103,102,101,-1,
106,104,103,-1,
106,105,104,-1,
108,107,106,-1,
111,109,108,-1,
111,110,109,-1,
111,108,106,-1,
112,106,103,-1,
112,111,106,-1,
87,113,112,-1,
87,103,1,-1,
87,112,103,-1,
59,1,0,-1,
59,0,32,-1,
59,87,1,-1,
86,87,59,-1,
63,60,61,-1,
63,61,62,-1,
64,59,60,-1,
64,60,63,-1,
81,82,83,-1,
81,83,84,-1,
81,84,85,-1,
81,85,86,-1,
80,81,86,-1,
78,79,80,-1,
67,64,65,-1,
67,65,66,-1,
77,80,86,-1,
77,86,59,-1,
77,78,80,-1,
68,64,67,-1,
69,64,68,-1,
71,69,70,-1,
72,77,59,-1,
72,69,71,-1,
72,64,69,-1,
72,73,74,-1,
72,74,75,-1,
72,75,76,-1,
72,76,77,-1,
72,59,64,-1,
4,2,114,-1,
4,0,2,-1,
5,114,115,-1,
5,4,114,-1,
6,115,116,-1,
6,5,115,-1,
7,116,117,-1,
7,6,116,-1,
8,117,118,-1,
8,7,117,-1,
9,118,119,-1,
9,8,118,-1,
10,119,120,-1,
10,9,119,-1,
11,120,121,-1,
11,121,122,-1,
11,10,120,-1,
12,11,122,-1,
13,12,122,-1,
13,122,123,-1,
14,13,123,-1,
14,123,124,-1,
15,14,124,-1,
15,124,125,-1,
16,125,126,-1,
16,15,125,-1,
17,126,127,-1,
17,16,126,-1,
17,127,128,-1,
18,17,128,-1,
19,128,129,-1,
19,18,128,-1,
20,129,130,-1,
20,19,129,-1,
21,130,131,-1,
21,20,130,-1,
22,131,132,-1,
22,21,131,-1,
23,132,133,-1,
23,133,134,-1,
23,22,132,-1,
24,134,135,-1,
24,23,134,-1,
25,24,135,-1,
26,135,136,-1,
26,25,135,-1,
27,136,137,-1,
27,137,138,-1,
27,26,136,-1,
28,27,138,-1,
29,138,139,-1,
29,28,138,-1,
30,139,140,-1,
30,29,139,-1,
88,141,3,-1,
88,3,1,-1,
89,142,141,-1,
89,141,88,-1,
90,143,142,-1,
90,142,89,-1,
91,144,143,-1,
91,143,90,-1,
92,145,144,-1,
92,144,91,-1,
93,146,145,-1,
93,145,92,-1,
94,147,146,-1,
94,146,93,-1,
95,148,147,-1,
95,149,148,-1,
95,147,94,-1,
96,149,95,-1,
97,149,96,-1,
97,150,149,-1,
98,150,97,-1,
98,151,150,-1,
99,151,98,-1,
99,152,151,-1,
100,153,152,-1,
100,152,99,-1,
101,154,153,-1,
101,153,100,-1,
102,155,154,-1,
102,156,155,-1,
102,154,101,-1,
103,157,156,-1,
103,156,102,-1,
104,157,103,-1,
105,158,157,-1,
105,159,158,-1,
105,157,104,-1,
106,159,105,-1,
107,160,159,-1,
107,159,106,-1,
108,161,160,-1,
108,160,107,-1,
109,162,161,-1,
109,161,108,-1,
110,163,162,-1,
110,162,109,-1,
111,164,163,-1,
111,165,164,-1,
111,163,110,-1,
112,165,111,-1,
113,166,165,-1,
113,165,112,-1,
87,167,166,-1,
87,166,113,-1,
138,137,136,-1,
139,127,126,-1,
139,128,127,-1,
139,129,128,-1,
139,130,129,-1,
139,131,130,-1,
139,132,131,-1,
139,133,132,-1,
139,134,133,-1,
139,135,134,-1,
139,136,135,-1,
139,138,136,-1,
2,115,114,-1,
2,116,115,-1,
2,117,116,-1,
2,118,117,-1,
2,119,118,-1,
2,120,119,-1,
2,121,120,-1,
2,122,121,-1,
2,123,122,-1,
2,124,123,-1,
2,125,124,-1,
2,126,125,-1,
2,140,139,-1,
2,139,126,-1,
289,290,2,-1,
291,2,290,-1,
288,289,2,-1,
292,2,291,-1,
287,288,2,-1,
293,2,292,-1,
286,287,2,-1,
294,2,293,-1,
285,286,2,-1,
295,2,294,-1,
284,285,2,-1,
296,2,295,-1,
283,284,2,-1,
297,2,296,-1,
282,283,2,-1,
298,140,2,-1,
298,2,297,-1,
281,282,2,-1,
299,140,298,-1,
280,281,2,-1,
300,140,299,-1,
279,280,2,-1,
301,140,300,-1,
278,279,2,-1,
302,140,301,-1,
277,278,2,-1,
303,140,302,-1,
193,194,195,-1,
276,277,2,-1,
192,193,195,-1,
191,192,195,-1,
191,195,168,-1,
304,140,303,-1,
190,191,168,-1,
189,190,168,-1,
305,168,140,-1,
305,140,304,-1,
188,189,168,-1,
306,168,305,-1,
186,187,188,-1,
307,168,306,-1,
184,185,186,-1,
184,186,188,-1,
183,184,188,-1,
182,183,188,-1,
308,168,307,-1,
181,182,188,-1,
180,181,188,-1,
309,168,308,-1,
178,179,180,-1,
178,188,168,-1,
178,180,188,-1,
310,168,309,-1,
176,177,178,-1,
175,178,168,-1,
175,176,178,-1,
311,168,310,-1,
173,174,175,-1,
312,168,311,-1,
171,173,175,-1,
171,172,173,-1,
170,171,175,-1,
169,175,168,-1,
169,170,175,-1,
169,168,312,-1,
313,169,312,-1,
314,169,313,-1,
315,169,314,-1,
316,169,315,-1,
317,169,316,-1,
318,169,317,-1,
319,169,318,-1,
320,169,319,-1,
321,169,320,-1,
322,169,321,-1,
323,169,322,-1,
324,169,323,-1,
325,169,324,-1,
326,169,325,-1,
327,169,326,-1,
3,276,2,-1,
3,255,256,-1,
3,256,257,-1,
3,257,258,-1,
3,258,259,-1,
3,259,260,-1,
3,260,261,-1,
3,261,262,-1,
3,262,263,-1,
3,263,264,-1,
3,264,265,-1,
3,265,266,-1,
3,266,267,-1,
3,267,268,-1,
3,268,269,-1,
3,269,270,-1,
3,270,271,-1,
3,271,272,-1,
3,272,273,-1,
3,273,274,-1,
3,274,275,-1,
3,275,276,-1,
328,169,327,-1,
143,141,142,-1,
224,169,328,-1,
145,143,144,-1,
146,143,145,-1,
147,143,146,-1,
147,141,143,-1,
149,141,147,-1,
149,3,141,-1,
149,147,148,-1,
150,3,149,-1,
152,150,151,-1,
152,3,150,-1,
154,3,152,-1,
154,152,153,-1,
156,3,154,-1,
156,154,155,-1,
159,156,157,-1,
159,157,158,-1,
161,159,160,-1,
164,161,162,-1,
164,162,163,-1,
164,159,161,-1,
165,156,159,-1,
165,159,164,-1,
167,165,166,-1,
167,3,156,-1,
167,248,249,-1,
167,249,250,-1,
167,255,3,-1,
167,250,251,-1,
167,251,252,-1,
167,252,253,-1,
167,253,254,-1,
167,254,255,-1,
167,156,165,-1,
196,224,225,-1,
196,225,226,-1,
196,226,227,-1,
196,227,228,-1,
196,228,229,-1,
196,229,230,-1,
196,230,231,-1,
196,231,232,-1,
196,232,233,-1,
196,233,234,-1,
196,234,235,-1,
196,235,236,-1,
196,236,237,-1,
196,237,238,-1,
196,238,239,-1,
196,239,240,-1,
196,240,241,-1,
196,169,224,-1,
223,196,241,-1,
223,241,242,-1,
223,242,243,-1,
223,243,244,-1,
223,244,245,-1,
223,245,246,-1,
223,248,167,-1,
223,246,247,-1,
223,247,248,-1,
200,198,197,-1,
200,199,198,-1,
201,200,197,-1,
201,197,196,-1,
218,220,219,-1,
218,221,220,-1,
218,222,221,-1,
218,223,222,-1,
217,223,218,-1,
215,217,216,-1,
204,202,201,-1,
204,203,202,-1,
214,217,215,-1,
214,223,217,-1,
214,196,223,-1,
205,204,201,-1,
206,205,201,-1,
208,207,206,-1,
209,196,214,-1,
209,201,196,-1,
209,208,206,-1,
209,206,201,-1,
209,211,210,-1,
209,212,211,-1,
209,213,212,-1,
209,214,213,-1,
31,140,168,-1,
31,30,140,-1,
86,223,167,-1,
86,167,87,-1,
33,170,169,-1,
33,169,32,-1,
34,171,170,-1,
34,170,33,-1,
35,172,171,-1,
35,171,34,-1,
36,173,172,-1,
36,172,35,-1,
37,174,173,-1,
37,173,36,-1,
38,175,174,-1,
38,174,37,-1,
39,176,175,-1,
39,175,38,-1,
40,177,176,-1,
40,178,177,-1,
40,176,39,-1,
41,178,40,-1,
42,178,41,-1,
42,179,178,-1,
43,179,42,-1,
43,180,179,-1,
44,180,43,-1,
44,181,180,-1,
45,182,181,-1,
45,181,44,-1,
46,183,182,-1,
46,182,45,-1,
46,184,183,-1,
47,184,46,-1,
48,185,184,-1,
48,184,47,-1,
49,186,185,-1,
49,185,48,-1,
50,187,186,-1,
50,186,49,-1,
51,188,187,-1,
51,187,50,-1,
52,189,188,-1,
52,190,189,-1,
52,188,51,-1,
53,191,190,-1,
53,190,52,-1,
54,191,53,-1,
55,192,191,-1,
55,191,54,-1,
56,193,192,-1,
56,194,193,-1,
56,192,55,-1,
57,194,56,-1,
58,195,194,-1,
58,194,57,-1,
31,168,195,-1,
31,195,58,-1,
60,196,197,-1,
60,59,196,-1,
61,197,198,-1,
61,60,197,-1,
62,198,199,-1,
62,61,198,-1,
63,199,200,-1,
63,62,199,-1,
64,200,201,-1,
64,63,200,-1,
65,201,202,-1,
65,64,201,-1,
66,202,203,-1,
66,65,202,-1,
67,203,204,-1,
67,204,205,-1,
67,66,203,-1,
68,67,205,-1,
69,68,205,-1,
69,205,206,-1,
70,69,206,-1,
70,206,207,-1,
71,70,207,-1,
71,207,208,-1,
72,208,209,-1,
72,71,208,-1,
73,209,210,-1,
73,72,209,-1,
74,210,211,-1,
74,211,212,-1,
74,73,210,-1,
75,212,213,-1,
75,74,212,-1,
76,75,213,-1,
77,213,214,-1,
77,214,215,-1,
77,76,213,-1,
78,77,215,-1,
79,215,216,-1,
79,78,215,-1,
80,216,217,-1,
80,79,216,-1,
81,217,218,-1,
81,80,217,-1,
82,218,219,-1,
82,81,218,-1,
83,219,220,-1,
83,220,221,-1,
83,82,219,-1,
84,83,221,-1,
85,221,222,-1,
85,84,221,-1,
86,222,223,-1,
86,85,222,-1,
32,169,196,-1,
32,196,59,-1,
329,225,224,-1,
331,329,330,-1,
329,224,328,-1,
330,329,434,-1,
435,226,225,-1,
435,227,226,-1,
435,331,332,-1,
435,332,333,-1,
435,225,329,-1,
435,329,331,-1,
436,228,227,-1,
436,229,228,-1,
436,333,334,-1,
436,334,335,-1,
436,227,435,-1,
436,435,333,-1,
437,230,229,-1,
437,231,230,-1,
437,335,336,-1,
437,336,337,-1,
437,229,436,-1,
437,436,335,-1,
438,232,231,-1,
438,233,232,-1,
438,437,337,-1,
438,337,338,-1,
438,338,339,-1,
438,231,437,-1,
439,234,233,-1,
439,235,234,-1,
439,339,340,-1,
439,340,341,-1,
439,233,438,-1,
439,438,339,-1,
440,236,235,-1,
440,237,236,-1,
440,341,342,-1,
440,342,343,-1,
440,235,439,-1,
440,439,341,-1,
441,237,440,-1,
441,238,237,-1,
441,239,238,-1,
441,343,344,-1,
441,344,345,-1,
441,440,343,-1,
442,240,239,-1,
442,241,240,-1,
442,345,346,-1,
442,346,347,-1,
442,239,441,-1,
442,441,345,-1,
443,242,241,-1,
443,243,242,-1,
443,347,348,-1,
443,348,349,-1,
443,241,442,-1,
443,442,347,-1,
444,244,243,-1,
444,245,244,-1,
444,243,443,-1,
444,349,350,-1,
444,350,351,-1,
444,443,349,-1,
445,246,245,-1,
445,247,246,-1,
445,351,352,-1,
445,352,353,-1,
445,245,444,-1,
445,444,351,-1,
446,445,353,-1,
446,248,247,-1,
446,249,248,-1,
446,353,354,-1,
446,354,355,-1,
446,247,445,-1,
447,250,249,-1,
447,251,250,-1,
447,249,446,-1,
447,355,356,-1,
447,356,357,-1,
447,446,355,-1,
448,252,251,-1,
448,253,252,-1,
448,357,358,-1,
448,358,359,-1,
448,251,447,-1,
448,447,357,-1,
449,254,253,-1,
449,255,254,-1,
449,359,360,-1,
449,360,361,-1,
449,253,448,-1,
449,448,359,-1,
450,255,449,-1,
450,256,255,-1,
450,257,256,-1,
450,361,362,-1,
450,362,363,-1,
450,449,361,-1,
451,258,257,-1,
451,259,258,-1,
451,363,364,-1,
451,364,365,-1,
451,257,450,-1,
451,450,363,-1,
452,260,259,-1,
452,261,260,-1,
452,365,366,-1,
452,366,367,-1,
452,259,451,-1,
452,451,365,-1,
453,261,452,-1,
453,452,367,-1,
453,262,261,-1,
453,263,262,-1,
453,367,368,-1,
453,368,369,-1,
454,264,263,-1,
454,265,264,-1,
454,369,370,-1,
454,370,371,-1,
454,263,453,-1,
454,453,369,-1,
455,266,265,-1,
455,267,266,-1,
455,371,372,-1,
455,372,373,-1,
455,265,454,-1,
455,454,371,-1,
456,268,267,-1,
456,269,268,-1,
456,373,374,-1,
456,374,375,-1,
456,267,455,-1,
456,455,373,-1,
457,456,375,-1,
457,269,456,-1,
457,270,269,-1,
457,271,270,-1,
457,375,376,-1,
457,376,377,-1,
458,272,271,-1,
458,273,272,-1,
458,271,457,-1,
458,457,377,-1,
458,377,378,-1,
458,378,379,-1,
459,274,273,-1,
459,275,274,-1,
459,379,380,-1,
459,380,381,-1,
459,273,458,-1,
459,458,379,-1,
460,459,381,-1,
460,276,275,-1,
460,381,382,-1,
460,275,459,-1,
461,460,382,-1,
461,276,460,-1,
461,277,276,-1,
461,278,277,-1,
461,382,383,-1,
461,383,384,-1,
462,278,461,-1,
462,461,384,-1,
462,279,278,-1,
462,280,279,-1,
462,384,385,-1,
462,385,386,-1,
463,280,462,-1,
463,462,386,-1,
463,281,280,-1,
463,282,281,-1,
463,386,387,-1,
463,387,388,-1,
464,463,388,-1,
464,282,463,-1,
464,283,282,-1,
464,284,283,-1,
464,388,389,-1,
464,389,390,-1,
465,285,284,-1,
465,286,285,-1,
465,284,464,-1,
465,390,391,-1,
465,391,392,-1,
465,464,390,-1,
466,287,286,-1,
466,288,287,-1,
466,392,393,-1,
466,393,394,-1,
466,465,392,-1,
466,286,465,-1,
467,466,394,-1,
467,289,288,-1,
467,290,289,-1,
467,394,395,-1,
467,395,396,-1,
467,288,466,-1,
468,467,396,-1,
468,291,290,-1,
468,292,291,-1,
468,396,397,-1,
468,397,398,-1,
468,290,467,-1,
469,468,398,-1,
469,292,468,-1,
469,293,292,-1,
469,294,293,-1,
469,398,399,-1,
469,399,400,-1,
470,294,469,-1,
470,469,400,-1,
470,295,294,-1,
470,296,295,-1,
470,400,401,-1,
470,401,402,-1,
471,470,402,-1,
471,296,470,-1,
471,297,296,-1,
471,298,297,-1,
471,402,403,-1,
471,403,404,-1,
472,471,404,-1,
472,298,471,-1,
472,299,298,-1,
472,300,299,-1,
472,404,405,-1,
472,405,406,-1,
473,300,472,-1,
473,472,406,-1,
473,301,300,-1,
473,302,301,-1,
473,406,407,-1,
473,407,408,-1,
474,303,302,-1,
474,304,303,-1,
474,473,408,-1,
474,302,473,-1,
474,408,409,-1,
474,409,410,-1,
475,305,304,-1,
475,306,305,-1,
475,410,411,-1,
475,411,412,-1,
475,304,474,-1,
475,474,410,-1,
476,475,412,-1,
476,306,475,-1,
476,307,306,-1,
476,308,307,-1,
476,412,413,-1,
476,413,414,-1,
477,308,476,-1,
477,476,414,-1,
477,309,308,-1,
477,310,309,-1,
477,414,415,-1,
477,415,416,-1,
478,310,477,-1,
478,477,416,-1,
478,311,310,-1,
478,312,311,-1,
478,416,417,-1,
478,417,418,-1,
479,478,418,-1,
479,312,478,-1,
479,313,312,-1,
479,314,313,-1,
479,418,419,-1,
479,419,420,-1,
480,314,479,-1,
480,479,420,-1,
480,315,314,-1,
480,316,315,-1,
480,420,421,-1,
480,421,422,-1,
481,316,480,-1,
481,480,422,-1,
481,317,316,-1,
481,318,317,-1,
481,422,423,-1,
481,423,424,-1,
482,424,425,-1,
482,425,426,-1,
482,481,424,-1,
482,318,481,-1,
482,319,318,-1,
482,320,319,-1,
483,426,427,-1,
483,427,428,-1,
483,482,426,-1,
483,320,482,-1,
483,321,320,-1,
483,322,321,-1,
484,428,429,-1,
484,429,430,-1,
484,483,428,-1,
484,322,483,-1,
484,323,322,-1,
484,324,323,-1,
485,325,324,-1,
485,326,325,-1,
485,430,431,-1,
485,431,432,-1,
485,324,484,-1,
485,484,430,-1,
486,327,326,-1,
486,328,327,-1,
486,432,433,-1,
486,433,434,-1,
486,329,328,-1,
486,326,485,-1,
486,434,329,-1,
486,485,432,-1,
331,330,487,-1,
331,487,488,-1,
332,488,489,-1,
332,331,488,-1,
333,489,490,-1,
333,332,489,-1,
334,490,491,-1,
334,333,490,-1,
335,491,492,-1,
335,334,491,-1,
336,492,493,-1,
336,335,492,-1,
337,493,494,-1,
337,494,495,-1,
337,336,493,-1,
338,337,495,-1,
339,495,496,-1,
339,338,495,-1,
340,496,497,-1,
340,339,496,-1,
341,497,498,-1,
341,498,499,-1,
341,340,497,-1,
342,499,500,-1,
342,341,499,-1,
343,342,500,-1,
344,500,501,-1,
344,343,500,-1,
345,501,502,-1,
345,344,501,-1,
346,502,503,-1,
346,345,502,-1,
347,503,504,-1,
347,346,503,-1,
348,504,505,-1,
348,505,506,-1,
348,347,504,-1,
349,506,507,-1,
349,348,506,-1,
350,507,508,-1,
350,349,507,-1,
351,350,508,-1,
352,351,508,-1,
352,508,509,-1,
353,352,509,-1,
353,509,510,-1,
353,510,511,-1,
354,353,511,-1,
355,354,511,-1,
355,511,512,-1,
356,355,512,-1,
356,512,513,-1,
356,513,514,-1,
357,356,514,-1,
358,357,514,-1,
358,514,515,-1,
359,358,515,-1,
359,515,516,-1,
359,516,517,-1,
360,359,517,-1,
361,517,518,-1,
361,360,517,-1,
362,518,519,-1,
362,519,520,-1,
362,361,518,-1,
363,362,520,-1,
364,520,521,-1,
364,363,520,-1,
365,521,522,-1,
365,364,521,-1,
366,522,523,-1,
366,365,522,-1,
367,523,524,-1,
367,366,523,-1,
368,524,525,-1,
368,367,524,-1,
369,525,526,-1,
369,368,525,-1,
370,526,527,-1,
370,369,526,-1,
371,527,528,-1,
371,370,527,-1,
372,528,529,-1,
372,371,528,-1,
373,529,530,-1,
373,530,531,-1,
373,372,529,-1,
374,373,531,-1,
375,531,532,-1,
375,374,531,-1,
376,532,533,-1,
376,375,532,-1,
377,533,534,-1,
377,376,533,-1,
378,377,534,-1,
378,534,535,-1,
379,378,535,-1,
379,535,536,-1,
379,536,537,-1,
380,379,537,-1,
380,537,538,-1,
381,380,538,-1,
382,381,538,-1,
382,538,539,-1,
383,382,539,-1,
383,539,540,-1,
384,383,540,-1,
384,540,541,-1,
384,541,542,-1,
385,384,542,-1,
386,385,542,-1,
386,542,543,-1,
387,386,543,-1,
387,543,544,-1,
387,544,545,-1,
388,387,545,-1,
388,545,546,-1,
389,388,546,-1,
390,389,546,-1,
390,546,547,-1,
391,390,547,-1,
391,547,548,-1,
392,391,548,-1,
392,548,549,-1,
392,549,550,-1,
393,392,550,-1,
394,393,550,-1,
394,550,551,-1,
394,551,552,-1,
395,394,552,-1,
396,552,553,-1,
396,395,552,-1,
397,553,554,-1,
397,554,555,-1,
397,396,553,-1,
398,397,555,-1,
399,555,556,-1,
399,398,555,-1,
400,556,557,-1,
400,557,558,-1,
400,399,556,-1,
401,400,558,-1,
402,401,558,-1,
402,558,559,-1,
402,559,560,-1,
403,402,560,-1,
404,403,560,-1,
404,560,561,-1,
404,561,562,-1,
405,404,562,-1,
406,405,562,-1,
406,562,563,-1,
406,563,564,-1,
407,406,564,-1,
407,564,565,-1,
408,407,565,-1,
409,408,565,-1,
409,565,566,-1,
410,409,566,-1,
410,566,567,-1,
410,567,568,-1,
411,410,568,-1,
412,411,568,-1,
412,568,569,-1,
412,569,570,-1,
413,412,570,-1,
413,570,571,-1,
414,413,571,-1,
415,414,571,-1,
415,571,572,-1,
416,415,572,-1,
416,572,573,-1,
416,573,574,-1,
417,416,574,-1,
418,417,574,-1,
418,574,575,-1,
419,418,575,-1,
419,575,576,-1,
419,576,577,-1,
420,419,577,-1,
421,420,577,-1,
421,577,578,-1,
422,421,578,-1,
422,578,579,-1,
423,422,579,-1,
423,579,580,-1,
424,423,580,-1,
424,580,581,-1,
425,424,581,-1,
425,581,582,-1,
426,582,583,-1,
426,425,582,-1,
427,583,584,-1,
427,426,583,-1,
428,427,584,-1,
428,584,585,-1,
429,585,586,-1,
429,428,585,-1,
430,586,587,-1,
430,587,588,-1,
430,429,586,-1,
431,430,588,-1,
431,588,589,-1,
432,431,589,-1,
433,589,590,-1,
433,590,591,-1,
433,432,589,-1,
434,433,591,-1,
330,591,487,-1,
330,434,591,-1,
556,554,553,-1,
556,555,554,-1,
544,546,545,-1,
562,561,560,-1,
564,562,560,-1,
564,563,562,-1,
540,542,541,-1,
570,569,568,-1,
533,535,534,-1,
532,536,535,-1,
532,535,533,-1,
574,572,571,-1,
574,573,572,-1,
575,564,560,-1,
575,558,557,-1,
575,559,558,-1,
575,560,559,-1,
575,570,568,-1,
575,565,564,-1,
575,566,565,-1,
575,567,566,-1,
575,568,567,-1,
575,571,570,-1,
575,574,571,-1,
530,532,531,-1,
529,532,530,-1,
528,537,536,-1,
528,532,529,-1,
528,536,532,-1,
579,578,577,-1,
526,537,528,-1,
526,546,544,-1,
526,528,527,-1,
526,542,540,-1,
526,538,537,-1,
526,539,538,-1,
526,540,539,-1,
526,543,542,-1,
526,544,543,-1,
526,547,546,-1,
526,548,547,-1,
526,549,548,-1,
526,550,549,-1,
526,551,550,-1,
526,552,551,-1,
581,580,579,-1,
524,526,525,-1,
523,526,524,-1,
522,526,523,-1,
584,579,577,-1,
584,581,579,-1,
584,576,575,-1,
584,577,576,-1,
584,582,581,-1,
584,583,582,-1,
520,552,526,-1,
520,526,522,-1,
520,522,521,-1,
520,553,552,-1,
587,585,584,-1,
587,586,585,-1,
588,587,584,-1,
590,589,588,-1,
515,517,516,-1,
515,518,517,-1,
515,519,518,-1,
515,520,519,-1,
487,591,590,-1,
487,590,588,-1,
512,556,553,-1,
512,553,520,-1,
512,514,513,-1,
512,515,514,-1,
512,520,515,-1,
512,557,556,-1,
489,488,487,-1,
510,512,511,-1,
491,490,489,-1,
492,491,489,-1,
492,489,487,-1,
508,510,509,-1,
507,510,508,-1,
494,493,492,-1,
494,492,487,-1,
505,507,506,-1,
496,495,494,-1,
498,497,496,-1,
502,504,503,-1,
502,505,504,-1,
502,507,505,-1,
499,498,496,-1,
499,496,494,-1,
501,507,502,-1,
500,507,501,-1,
500,499,494,-1,
500,584,575,-1,
500,588,584,-1,
500,487,588,-1,
500,575,557,-1,
500,557,512,-1,
500,512,510,-1,
500,510,507,-1,
500,494,487,-1
] } }
Shape { appearance Appearance { material Material { diffuseColor 0.82 0.56 0.18 } } geometry IndexedFaceSet { ccw TRUE solid TRUE coord Coordinate { point [
-0.00000000 -27.79527559 0.88582677,
-0.00000000 -24.96062992 0.88582677,
-0.00000000 -27.79527559 0.09842520,
-0.00000000 -24.96062992 0.09842520,
0.00039965 -27.80901059 0.88582677,
0.00159724 -27.82269911 0.88582677,
0.00358872 -27.83629485 0.88582677,
0.00636735 -27.84975178 0.88582677,
0.00992374 -27.86302439 0.88582677,
0.01424584 -27.87606775 0.88582677,
0.01931903 -27.88883774 0.88582677,
0.02512615 -27.90129114 0.88582677,
0.03164754 -27.91338583 0.88582677,
0.03886115 -27.92508086 0.88582677,
0.04674255 -27.93633668 0.88582677,
0.05526509 -27.94711518 0.88582677,
0.06439993 -27.95737991 0.88582677,
0.07411615 -27.96709614 0.88582677,
0.08438088 -27.97623097 0.88582677,
0.09515939 -27.98475351 0.88582677,
0.10641520 -27.99263492 0.88582677,
0.11811024 -27.99984852 0.88582677,
0.13020492 -28.00636992 0.88582677,
0.14265832 -28.01217703 0.88582677,
0.15542831 -28.01725023 0.88582677,
0.16847168 -28.02157233 0.88582677,
0.18174428 -28.02512871 0.88582677,
0.19520122 -28.02790734 0.88582677,
0.20879695 -28.02989882 0.88582677,
0.22248547 -28.03109642 0.88582677,
0.23622047 -28.03149606 0.88582677,
1.88976378 -28.03149606 0.88582677,
2.12598425 -27.79527559 0.88582677,
2.12558460 -27.80901059 0.88582677,
2.12438701 -27.82269911 0.88582677,
2.12239553 -27.83629485 0.88582677,
2.11961690 -27.84975178 0.88582677,
2.11606051 -27.86302439 0.88582677,
2.11173841 -27.87606775 0.88582677,
2.10666522 -27.88883774 0.88582677,
2.10085810 -27.90129114 0.88582677,
2.09433671 -27.91338583 0.88582677,
2.08712311 -27.92508086 0.88582677,
2.07924170 -27.93633668 0.88582677,
2.07071916 -27.94711518 0.88582677,
2.06158432 -27.95737991 0.88582677,
2.05186810 -27.96709614 0.88582677,
2.04160337 -27.97623097 0.88582677,
2.03082486 -27.98475351 0.88582677,
2.01956905 -27.99263492 0.88582677,
2.00787402 -27.99984852 0.88582677,
1.99577933 -28.00636992 0.88582677,
1.98332593 -28.01217703 0.88582677,
1.97055594 -28.01725023 0.88582677,
1.95751257 -28.02157233 0.88582677,
1.94423997 -28.02512871 0.88582677,
1.93078303 -28.02790734 0.88582677,
1.91718730 -28.02989882 0.88582677,
1.90349878 -28.03109642 0.88582677,
2.12598425 -24.96062992 0.88582677,
2.12558460 -24.94689492 0.88582677,
2.12438701 -24.93320640 0.88582677,
2.12239553 -24.91961067 0.88582677,
2.11961690 -24.90615373 0.88582677,
2.11606051 -24.89288113 0.88582677,
2.11173841 -24.87983776 0.88582677,
2.10666522 -24.86706777 0.88582677,
2.10085810 -24.85461437 0.88582677,
2.09433671 -24.84251969 0.88582677,
2.08712311 -24.83082465 0.88582677,
2.07924170 -24.81956884 0.88582677,
2.07071916 -24.80879033 0.88582677,
2.06158432 -24.79852560 0.88582677,
2.05186810 -24.78880938 0.88582677,
2.04160337 -24.77967454 0.88582677,
2.03082486 -24.77115200 0.88582677,
2.01956905 -24.76327060 0.88582677,
2.00787402 -24.75605699 0.88582677,
1.99577933 -24.74953560 0.88582677,
1.98332593 -24.74372848 0.88582677,
1.97055594 -24.73865529 0.88582677,
1.95751257 -24.73433319 0.88582677,
1.94423997 -24.73077680 0.88582677,
1.93078303 -24.72799817 0.88582677,
1.91718730 -24.72600669 0.88582677,
1.90349878 -24.72480910 0.88582677,
1.88976378 -24.72440945 0.88582677,
0.23622047 -24.72440945 0.88582677,
0.00039965 -24.94689492 0.88582677,
0.00159724 -24.93320640 0.88582677,
0.00358872 -24.91961067 0.88582677,
0.00636735 -24.90615373 0.88582677,
0.00992374 -24.89288113 0.88582677,
0.01424584 -24.87983776 0.88582677,
0.01931903 -24.86706777 0.88582677,
0.02512615 -24.85461437 0.88582677,
0.03164754 -24.84251969 0.88582677,
0.03886115 -24.83082465 0.88582677,
0.04674255 -24.81956884 0.88582677,
0.05526509 -24.80879033 0.88582677,
0.06439993 -24.79852560 0.88582677,
0.07411615 -24.78880938 0.88582677,
0.08438088 -24.77967454 0.88582677,
0.09515939 -24.77115200 0.88582677,
0.10641520 -24.76327060 0.88582677,
0.11811024 -24.75605699 0.88582677,
0.13020492 -24.74953560 0.88582677,
0.14265832 -24.74372848 0.88582677,
0.15542831 -24.73865529 0.88582677,
0.16847168 -24.73433319 0.88582677,
0.18174428 -24.73077680 0.88582677,
0.19520122 -24.72799817 0.88582677,
0.20879695 -24.72600669 0.88582677,
0.22248547 -24.72480910 0.88582677,
0.00039965 -27.80901059 0.09842520,
0.00159724 -27.82269911 0.09842520,
0.00358872 -27.83629485 0.09842520,
0.00636735 -27.84975178 0.09842520,
0.00992374 -27.86302439 0.09842520,
0.01424584 -27.87606775 0.09842520,
0.01931903 -27.88883774 0.09842520,
0.02512615 -27.90129114 0.09842520,
0.03164754 -27.91338583 0.09842520,
0.03886115 -27.92508086 0.09842520,
0.04674255 -27.93633668 0.09842520,
0.05526509 -27.94711518 0.09842520,
0.06439993 -27.95737991 0.09842520,
0.07411615 -27.96709614 0.09842520,
0.08438088 -27.97623097 0.09842520,
0.09515939 -27.98475351 0.09842520,
0.10641520 -27.99263492 0.09842520,
0.11811024 -27.99984852 0.09842520,
0.13020492 -28.00636992 0.09842520,
0.14265832 -28.01217703 0.09842520,
0.15542831 -28.01725023 0.09842520,
0.16847168 -28.02157233 0.09842520,
0.18174428 -28.02512871 0.09842520,
0.19520122 -28.02790734 0.09842520,
0.20879695 -28.02989882 0.09842520,
0.22248547 -28.03109642 0.09842520,
0.23622047 -28.03149606 0.09842520,
0.00039965 -24.94689492 0.09842520,
0.00159724 -24.93320640 0.09842520,
0.00358872 -24.91961067 0.09842520,
0.00636735 -24.90615373 0.09842520,
0.00992374 -24.89288113 0.09842520,
0.01424584 -24.87983776 0.09842520,
0.01931903 -24.86706777 0.09842520,
0.02512615 -24.85461437 0.09842520,
0.03164754 -24.84251969 0.09842520,
0.03886115 -24.83082465 0.09842520,
0.04674255 -24.81956884 0.09842520,
0.05526509 -24.80879033 0.09842520,
0.06439993 -24.79852560 0.09842520,
0.07411615 -24.78880938 0.09842520,
0.08438088 -24.77967454 0.09842520,
0.09515939 -24.77115200 0.09842520,
0.10641520 -24.76327060 0.09842520,
0.11811024 -24.75605699 0.09842520,
0.13020492 -24.74953560 0.09842520,
0.14265832 -24.74372848 0.09842520,
0.15542831 -24.73865529 0.09842520,
0.16847168 -24.73433319 0.09842520,
0.18174428 -24.73077680 0.09842520,
0.19520122 -24.72799817 0.09842520,
0.20879695 -24.72600669 0.09842520,
0.22248547 -24.72480910 0.09842520,
0.23622047 -24.72440945 0.09842520,
1.88976378 -28.03149606 0.09842520,
2.12598425 -27.79527559 0.09842520,
2.12558460 -27.80901059 0.09842520,
2.12438701 -27.82269911 0.09842520,
2.12239553 -27.83629485 0.09842520,
2.11961690 -27.84975178 0.09842520,
2.11606051 -27.86302439 0.09842520,
2.11173841 -27.87606775 0.09842520,
2.10666522 -27.88883774 0.09842520,
2.10085810 -27.90129114 0.09842520,
2.09433671 -27.91338583 0.09842520,
2.08712311 -27.92508086 0.09842520,
2.07924170 -27.93633668 0.09842520,
2.07071916 -27.94711518 0.09842520,
2.06158432 -27.95737991 0.09842520,
2.05186810 -27.96709614 0.09842520,
2.04160337 -27.97623097 0.09842520,
2.03082486 -27.98475351 0.09842520,
2.01956905 -27.99263492 0.09842520,
2.00787402 -27.99984852 0.09842520,
1.99577933 -28.00636992 0.09842520,
1.98332593 -28.01217703 0.09842520,
1.97055594 -28.01725023 0.09842520,
1.95751257 -28.02157233 0.09842520,
1.94423997 -28.02512871 0.09842520,
1.93078303 -28.02790734 0.09842520,
1.91718730 -28.02989882 0.09842520,
1.90349878 -28.03109642 0.09842520,
2.12598425 -24.96062992 0.09842520,
2.12558460 -24.94689492 0.09842520,
2.12438701 -24.93320640 0.09842520,
2.12239553 -24.91961067 0.09842520,
2.11961690 -24.90615373 0.09842520,
2.11606051 -24.89288113 0.09842520,
2.11173841 -24.87983776 0.09842520,
2.10666522 -24.86706777 0.09842520,
2.10085810 -24.85461437 0.09842520,
2.09433671 -24.84251969 0.09842520,
2.08712311 -24.83082465 0.09842520,
2.07924170 -24.81956884 0.09842520,
2.07071916 -24.80879033 0.09842520,
2.06158432 -24.79852560 0.09842520,
2.05186810 -24.78880938 0.09842520,
2.04160337 -24.77967454 0.09842520,
2.03082486 -24.77115200 0.09842520,
2.01956905 -24.76327060 0.09842520,
2.00787402 -24.75605699 0.09842520,
1.99577933 -24.74953560 0.09842520,
1.98332593 -24.74372848 0.09842520,
1.97055594 -24.73865529 0.09842520,
1.95751257 -24.73433319 0.09842520,
1.94423997 -24.73077680 0.09842520,
1.93078303 -24.72799817 0.09842520,
1.91718730 -24.72600669 0.09842520,
1.90349878 -24.72480910 0.09842520,
1.88976378 -24.72440945 0.09842520,
1.46377953 -26.37795276 0.09842520,
1.46270983 -26.34221153 0.09842520,
1.45950458 -26.30659825 0.09842520,
1.45417524 -26.27124041 0.09842520,
1.44674090 -26.23626456 0.09842520,
1.43722816 -26.20179592 0.09842520,
1.42567108 -26.16795788 0.09842520,
1.41211103 -26.13487157 0.09842520,
1.39659655 -26.10265542 0.09842520,
1.37918318 -26.07142476 0.09842520,
1.35993325 -26.04129140 0.09842520,
1.33891568 -26.01236319 0.09842520,
1.31620570 -25.98474371 0.09842520,
1.29188461 -25.95853180 0.09842520,
1.26603947 -25.93382132 0.09842520,
1.23876280 -25.91070071 0.09842520,
1.21015225 -25.88925275 0.09842520,
1.18031022 -25.86955420 0.09842520,
1.14934355 -25.85167558 0.09842520,
1.11736310 -25.83568091 0.09842520,
1.08448334 -25.82162742 0.09842520,
1.05082197 -25.80956544 0.09842520,
1.01649949 -25.79953813 0.09842520,
0.98163877 -25.79158140 0.09842520,
0.94636461 -25.78572373 0.09842520,
0.91080326 -25.78198608 0.09842520,
0.87508204 -25.78038184 0.09842520,
0.83932881 -25.78091674 0.09842520,
0.80367157 -25.78358888 0.09842520,
0.76823796 -25.78838869 0.09842520,
0.73315481 -25.79529899 0.09842520,
0.69854773 -25.80429503 0.09842520,
0.66454058 -25.81534462 0.09842520,
0.63125512 -25.82840821 0.09842520,
0.59881049 -25.84343901 0.09842520,
0.56732283 -25.86038324 0.09842520,
0.53690487 -25.87918024 0.09842520,
0.50766550 -25.89976271 0.09842520,
0.47970937 -25.92205697 0.09842520,
0.45313657 -25.94598323 0.09842520,
0.42804223 -25.97145582 0.09842520,
0.40451616 -25.99838357 0.09842520,
0.38264260 -26.02667007 0.09842520,
0.36249984 -26.05621408 0.09842520,
0.34415998 -26.08690983 0.09842520,
0.32768868 -26.11864743 0.09842520,
0.31314491 -26.15131329 0.09842520,
0.30058072 -26.18479045 0.09842520,
0.29004109 -26.21895908 0.09842520,
0.28156376 -26.25369687 0.09842520,
0.27517906 -26.28887946 0.09842520,
0.27090985 -26.32438092 0.09842520,
0.26877142 -26.36007414 0.09842520,
0.26877142 -26.39583137 0.09842520,
0.27090985 -26.43152459 0.09842520,
0.27517906 -26.46702605 0.09842520,
0.28156376 -26.50220864 0.09842520,
0.29004109 -26.53694643 0.09842520,
0.30058072 -26.57111506 0.09842520,
0.31314491 -26.60459223 0.09842520,
0.32768868 -26.63725808 0.09842520,
0.34415998 -26.66899568 0.09842520,
0.36249984 -26.69969143 0.09842520,
0.38264260 -26.72923544 0.09842520,
0.40451616 -26.75752194 0.09842520,
0.42804223 -26.78444969 0.09842520,
0.45313657 -26.80992228 0.09842520,
0.47970937 -26.83384854 0.09842520,
0.50766550 -26.85614281 0.09842520,
0.53690487 -26.87672528 0.09842520,
0.56732283 -26.89552227 0.09842520,
0.59881049 -26.91246650 0.09842520,
0.63125512 -26.92749731 0.09842520,
0.66454058 -26.94056089 0.09842520,
0.69854773 -26.95161048 0.09842520,
0.73315481 -26.96060652 0.09842520,
0.76823796 -26.96751682 0.09842520,
0.80367157 -26.97231663 0.09842520,
0.83932881 -26.97498877 0.09842520,
0.87508204 -26.97552368 0.09842520,
0.91080326 -26.97391943 0.09842520,
0.94636461 -26.97018179 0.09842520,
0.98163877 -26.96432411 0.09842520,
1.01649949 -26.95636738 0.09842520,
1.05082197 -26.94634008 0.09842520,
1.08448334 -26.93427809 0.09842520,
1.11736310 -26.92022461 0.09842520,
1.14934355 -26.90422993 0.09842520,
1.18031022 -26.88635131 0.09842520,
1.21015225 -26.86665277 0.09842520,
1.23876280 -26.84520480 0.09842520,
1.26603947 -26.82208419 0.09842520,
1.29188461 -26.79737371 0.09842520,
1.31620570 -26.77116181 0.09842520,
1.33891568 -26.74354232 0.09842520,
1.35993325 -26.71461411 0.09842520,
1.37918318 -26.68448075 0.09842520,
1.39659655 -26.65325009 0.09842520,
1.41211103 -26.62103395 0.09842520,
1.42567108 -26.58794763 0.09842520,
1.43722816 -26.55410959 0.09842520,
1.44674090 -26.51964095 0.09842520,
1.45417524 -26.48466510 0.09842520,
1.45950458 -26.44930726 0.09842520,
1.46270983 -26.41369398 0.09842520,
1.43070866 -26.37795276 0.14566929,
1.39763780 -26.37795276 0.19291339,
1.39668649 -26.34616708 0.19291339,
1.39383596 -26.31449520 0.19291339,
1.38909643 -26.28305047 0.19291339,
1.38248486 -26.25194547 0.19291339,
1.37402492 -26.22129154 0.19291339,
1.36374688 -26.19119842 0.19291339,
1.35168755 -26.16177383 0.19291339,
1.33789008 -26.13312311 0.19291339,
1.32240389 -26.10534881 0.19291339,
1.30528439 -26.07855036 0.19291339,
1.28659287 -26.05282370 0.19291339,
1.26639625 -26.02826091 0.19291339,
1.24476682 -26.00494993 0.19291339,
1.22178202 -25.98297421 0.19291339,
1.19752411 -25.96241240 0.19291339,
1.17207994 -25.94333812 0.19291339,
1.14554059 -25.92581965 0.19291339,
1.11800106 -25.90991970 0.19291339,
1.08955994 -25.89569518 0.19291339,
1.06031905 -25.88319702 0.19291339,
1.03038305 -25.87246996 0.19291339,
0.99985911 -25.86355240 0.19291339,
0.96885649 -25.85647625 0.19291339,
0.93748618 -25.85126686 0.19291339,
0.90586048 -25.84794286 0.19291339,
0.87409260 -25.84651617 0.19291339,
0.84229625 -25.84699187 0.19291339,
0.81058527 -25.84936828 0.19291339,
0.77907316 -25.85363689 0.19291339,
0.74787273 -25.85978241 0.19291339,
0.71709568 -25.86778284 0.19291339,
0.68685217 -25.87760956 0.19291339,
0.65725048 -25.88922736 0.19291339,
0.62839656 -25.90259468 0.19291339,
0.60039370 -25.91766366 0.19291339,
0.57334216 -25.93438036 0.19291339,
0.54733876 -25.95268493 0.19291339,
0.52247659 -25.97251184 0.19291339,
0.49884466 -25.99379013 0.19291339,
0.47652755 -26.01644362 0.19291339,
0.45560516 -26.04039122 0.19291339,
0.43615238 -26.06554721 0.19291339,
0.41823886 -26.09182152 0.19291339,
0.40192871 -26.11912011 0.19291339,
0.38728033 -26.14734526 0.19291339,
0.37434614 -26.17639592 0.19291339,
0.36317245 -26.20616810 0.19291339,
0.35379927 -26.23655522 0.19291339,
0.34626013 -26.26744851 0.19291339,
0.34058204 -26.29873738 0.19291339,
0.33678532 -26.33030982 0.19291339,
0.33488355 -26.36205280 0.19291339,
0.33488355 -26.39385271 0.19291339,
0.33678532 -26.42559570 0.19291339,
0.34058204 -26.45716813 0.19291339,
0.34626013 -26.48845700 0.19291339,
0.35379927 -26.51935029 0.19291339,
0.36317245 -26.54973742 0.19291339,
0.37434614 -26.57950960 0.19291339,
0.38728033 -26.60856026 0.19291339,
0.40192871 -26.63678540 0.19291339,
0.41823886 -26.66408399 0.19291339,
0.43615238 -26.69035830 0.19291339,
0.45560516 -26.71551429 0.19291339,
0.47652755 -26.73946189 0.19291339,
0.49884466 -26.76211538 0.19291339,
0.52247659 -26.78339367 0.19291339,
0.54733876 -26.80322059 0.19291339,
0.57334216 -26.82152515 0.19291339,
0.60039370 -26.83824185 0.19291339,
0.62839656 -26.85331083 0.19291339,
0.65725048 -26.86667815 0.19291339,
0.68685217 -26.87829596 0.19291339,
0.71709568 -26.88812267 0.19291339,
0.74787273 -26.89612310 0.19291339,
0.77907316 -26.90226862 0.19291339,
0.81058527 -26.90653723 0.19291339,
0.84229625 -26.90891364 0.19291339,
0.87409260 -26.90938935 0.19291339,
0.90586048 -26.90796265 0.19291339,
0.93748618 -26.90463865 0.19291339,
0.96885649 -26.89942926 0.19291339,
0.99985911 -26.89235311 0.19291339,
1.03038305 -26.88343555 0.19291339,
1.06031905 -26.87270849 0.19291339,
1.08955994 -26.86021033 0.19291339,
1.11800106 -26.84598581 0.19291339,
1.14554059 -26.83008586 0.19291339,
1.17207994 -26.81256739 0.19291339,
1.19752411 -26.79349311 0.19291339,
1.22178202 -26.77293130 0.19291339,
1.24476682 -26.75095558 0.19291339,
1.26639625 -26.72764460 0.19291339,
1.28659287 -26.70308181 0.19291339,
1.30528439 -26.67735515 0.19291339,
1.32240389 -26.65055670 0.19291339,
1.33789008 -26.62278240 0.19291339,
1.35168755 -26.59413168 0.19291339,
1.36374688 -26.56470709 0.19291339,
1.37402492 -26.53461397 0.19291339,
1.38248486 -26.50396004 0.19291339,
1.38909643 -26.47285504 0.19291339,
1.39383596 -26.44141032 0.19291339,
1.39668649 -26.40973843 0.19291339,
1.42674602 -26.31117963 0.14566929,
1.41491372 -26.24534386 0.14566929,
1.39537787 -26.18136963 0.14566929,
1.36841270 -26.12015499 0.14566929,
1.33439675 -26.06255927 0.14566929,
1.29380753 -26.00939098 0.14566929,
1.24721481 -25.96139649 0.14566929,
1.19527267 -25.91924953 0.14566929,
1.13871024 -25.88354177 0.14566929,
1.07832156 -25.85477445 0.14566929,
1.01495433 -25.83335141 0.14566929,
0.94949810 -25.81957337 0.14566929,
0.88287173 -25.81363376 0.14566929,
0.81601051 -25.81561595 0.14566929,
0.74985302 -25.82549212 0.14566929,
0.68532796 -25.84312363 0.14566929,
0.62334114 -25.86826296 0.14566929,
0.56476271 -25.90055722 0.14566929,
0.51041497 -25.93955306 0.14566929,
0.46106086 -25.98470308 0.14566929,
0.41739320 -26.03537346 0.14566929,
0.38002498 -26.09085290 0.14566929,
0.34948078 -26.15036260 0.14566929,
0.32618937 -26.21306716 0.14566929,
0.31047770 -26.27808636 0.14566929,
0.30256633 -26.34450746 0.14566929,
0.30256633 -26.41139806 0.14566929,
0.31047770 -26.47781916 0.14566929,
0.32618937 -26.54283835 0.14566929,
0.34948078 -26.60554291 0.14566929,
0.38002498 -26.66505261 0.14566929,
0.41739320 -26.72053205 0.14566929,
0.46106086 -26.77120243 0.14566929,
0.51041497 -26.81635245 0.14566929,
0.56476271 -26.85534829 0.14566929,
0.62334114 -26.88764255 0.14566929,
0.68532796 -26.91278189 0.14566929,
0.74985302 -26.93041339 0.14566929,
0.81601051 -26.94028956 0.14566929,
0.88287173 -26.94227175 0.14566929,
0.94949810 -26.93633214 0.14566929,
1.01495433 -26.92255410 0.14566929,
1.07832156 -26.90113106 0.14566929,
1.13871024 -26.87236374 0.14566929,
1.19527267 -26.83665598 0.14566929,
1.24721481 -26.79450902 0.14566929,
1.29380753 -26.74651453 0.14566929,
1.33439675 -26.69334624 0.14566929,
1.36841270 -26.63575052 0.14566929,
1.39537787 -26.57453588 0.14566929,
1.41491372 -26.51056165 0.14566929,
1.42674602 -26.44472588 0.14566929,
1.39763780 -26.37795276 0.66929134,
1.39668649 -26.34616708 0.66929134,
1.39383596 -26.31449520 0.66929134,
1.38909643 -26.28305047 0.66929134,
1.38248486 -26.25194547 0.66929134,
1.37402492 -26.22129154 0.66929134,
1.36374688 -26.19119842 0.66929134,
1.35168755 -26.16177383 0.66929134,
1.33789008 -26.13312311 0.66929134,
1.32240389 -26.10534881 0.66929134,
1.30528439 -26.07855036 0.66929134,
1.28659287 -26.05282370 0.66929134,
1.26639625 -26.02826091 0.66929134,
1.24476682 -26.00494993 0.66929134,
1.22178202 -25.98297421 0.66929134,
1.19752411 -25.96241240 0.66929134,
1.17207994 -25.94333812 0.66929134,
1.14554059 -25.92581965 0.66929134,
1.11800106 -25.90991970 0.66929134,
1.08955994 -25.89569518 0.66929134,
1.06031905 -25.88319702 0.66929134,
1.03038305 -25.87246996 0.66929134,
0.99985911 -25.86355240 0.66929134,
0.96885649 -25.85647625 0.66929134,
0.93748618 -25.85126686 0.66929134,
0.90586048 -25.84794286 0.66929134,
0.87409260 -25.84651617 0.66929134,
0.84229625 -25.84699187 0.66929134,
0.81058527 -25.84936828 0.66929134,
0.77907316 -25.85363689 0.66929134,
0.74787273 -25.85978241 0.66929134,
0.71709568 -25.86778284 0.66929134,
0.68685217 -25.87760956 0.66929134,
0.65725048 -25.88922736 0.66929134,
0.62839656 -25.90259468 0.66929134,
0.60039370 -25.91766366 0.66929134,
0.57334216 -25.93438036 0.66929134,
0.54733876 -25.95268493 0.66929134,
0.52247659 -25.97251184 0.66929134,
0.49884466 -25.99379013 0.66929134,
0.47652755 -26.01644362 0.66929134,
0.45560516 -26.04039122 0.66929134,
0.43615238 -26.06554721 0.66929134,
0.41823886 -26.09182152 0.66929134,
0.40192871 -26.11912011 0.66929134,
0.38728033 -26.14734526 0.66929134,
0.37434614 -26.17639592 0.66929134,
0.36317245 -26.20616810 0.66929134,
0.35379927 -26.23655522 0.66929134,
0.34626013 -26.26744851 0.66929134,
0.34058204 -26.29873738 0.66929134,
0.33678532 -26.33030982 0.66929134,
0.33488355 -26.36205280 0.66929134,
0.33488355 -26.39385271 0.66929134,
0.33678532 -26.42559570 0.66929134,
0.34058204 -26.45716813 0.66929134,
0.34626013 -26.48845700 0.66929134,
0.35379927 -26.51935029 0.66929134,
0.36317245 -26.54973742 0.66929134,
0.37434614 -26.57950960 0.66929134,
0.38728033 -26.60856026 0.66929134,
0.40192871 -26.63678540 0.66929134,
0.41823886 -26.66408399 0.66929134,
0.43615238 -26.69035830 0.66929134,
0.45560516 -26.71551429 0.66929134,
0.47652755 -26.73946189 0.66929134,
0.49884466 -26.76211538 0.66929134,
0.52247659 -26.78339367 0.66929134,
0.54733876 -26.80322059 0.66929134,
0.57334216 -26.82152515 0.66929134,
0.60039370 -26.83824185 0.66929134,
0.62839656 -26.85331083 0.66929134,
0.65725048 -26.86667815 0.66929134,
0.68685217 -26.87829596 0.66929134,
0.71709568 -26.88812267 0.66929134,
0.74787273 -26.89612310 0.66929134,
0.77907316 -26.90226862 0.66929134,
0.81058527 -26.90653723 0.66929134,
0.84229625 -26.90891364 0.66929134,
0.87409260 -26.90938935 0.66929134,
0.90586048 -26.90796265 0.66929134,
0.93748618 -26.90463865 0.66929134,
0.96885649 -26.89942926 0.66929134,
0.99985911 -26.89235311 0.66929134,
1.03038305 -26.88343555 0.66929134,
1.06031905 -26.87270849 0.66929134,
1.08955994 -26.86021033 0.66929134,
1.11800106 -26.84598581 0.66929134,
1.14554059 -26.83008586 0.66929134,
1.17207994 -26.81256739 0.66929134,
1.19752411 -26.79349311 0.66929134,
1.22178202 -26.77293130 0.66929134,
1.24476682 -26.75095558 0.66929134,
1.26639625 -26.72764460 0.66929134,
1.28659287 -26.70308181 0.66929134,
1.30528439 -26.67735515 0.66929134,
1.32240389 -26.65055670 0.66929134,
1.33789008 -26.62278240 0.66929134,
1.35168755 -26.59413168 0.66929134,
1.36374688 -26.56470709 0.66929134,
1.37402492 -26.53461397 0.66929134,
1.38248486 -26.50396004 0.66929134,
1.38909643 -26.47285504 0.66929134,
1.39383596 -26.44141032 0.66929134,
1.39668649 -26.40973843 0.66929134
] } coordIndex [
0,3,2,-1,
0,1,3,-1,
0,4,5,-1,
0,5,6,-1,
0,6,7,-1,
0,7,8,-1,
30,8,9,-1,
30,9,10,-1,
30,10,11,-1,
30,11,12,-1,
30,12,13,-1,
30,13,14,-1,
30,14,15,-1,
30,15,16,-1,
30,16,17,-1,
30,17,18,-1,
30,18,19,-1,
30,19,20,-1,
30,20,21,-1,
30,21,22,-1,
30,22,23,-1,
30,23,24,-1,
30,24,25,-1,
30,25,26,-1,
30,26,27,-1,
30,27,28,-1,
30,28,29,-1,
30,0,8,-1,
56,58,57,-1,
56,31,58,-1,
54,56,55,-1,
54,31,56,-1,
53,31,54,-1,
52,31,53,-1,
49,51,50,-1,
49,52,51,-1,
49,31,52,-1,
48,31,49,-1,
44,46,45,-1,
44,47,46,-1,
44,48,47,-1,
43,48,44,-1,
42,48,43,-1,
39,41,40,-1,
38,41,39,-1,
38,42,41,-1,
37,48,42,-1,
37,42,38,-1,
36,48,37,-1,
33,35,34,-1,
33,36,35,-1,
32,48,36,-1,
32,36,33,-1,
32,30,31,-1,
32,0,30,-1,
32,31,48,-1,
1,0,32,-1,
90,89,88,-1,
92,91,90,-1,
93,92,90,-1,
94,90,88,-1,
94,93,90,-1,
96,94,88,-1,
96,88,1,-1,
96,95,94,-1,
97,96,1,-1,
99,97,1,-1,
99,98,97,-1,
101,99,1,-1,
101,100,99,-1,
103,101,1,-1,
103,102,101,-1,
106,104,103,-1,
106,105,104,-1,
108,107,106,-1,
111,109,108,-1,
111,110,109,-1,
111,108,106,-1,
112,106,103,-1,
112,111,106,-1,
87,113,112,-1,
87,103,1,-1,
87,112,103,-1,
59,1,32,-1,
59,87,1,-1,
86,87,59,-1,
63,60,61,-1,
63,61,62,-1,
64,59,60,-1,
64,60,63,-1,
81,82,83,-1,
81,83,84,-1,
81,84,85,-1,
81,85,86,-1,
80,81,86,-1,
78,79,80,-1,
67,64,65,-1,
67,65,66,-1,
77,80,86,-1,
77,86,59,-1,
77,78,80,-1,
68,64,67,-1,
69,64,68,-1,
71,69,70,-1,
72,77,59,-1,
72,69,71,-1,
72,64,69,-1,
72,73,74,-1,
72,74,75,-1,
72,75,76,-1,
72,76,77,-1,
72,59,64,-1,
4,2,114,-1,
4,0,2,-1,
5,114,115,-1,
5,4,114,-1,
6,115,116,-1,
6,5,115,-1,
7,116,117,-1,
7,6,116,-1,
8,117,118,-1,
8,7,117,-1,
9,118,119,-1,
9,8,118,-1,
10,119,120,-1,
10,9,119,-1,
11,120,121,-1,
11,121,122,-1,
11,10,120,-1,
12,11,122,-1,
13,12,122,-1,
13,122,123,-1,
14,13,123,-1,
14,123,124,-1,
15,14,124,-1,
15,124,125,-1,
16,125,126,-1,
16,15,125,-1,
17,126,127,-1,
17,16,126,-1,
17,127,128,-1,
18,17,128,-1,
19,128,129,-1,
19,18,128,-1,
20,129,130,-1,
20,19,129,-1,
21,130,131,-1,
21,20,130,-1,
22,131,132,-1,
22,21,131,-1,
23,132,133,-1,
23,133,134,-1,
23,22,132,-1,
24,134,135,-1,
24,23,134,-1,
25,24,135,-1,
26,135,136,-1,
26,25,135,-1,
27,136,137,-1,
27,137,138,-1,
27,26,136,-1,
28,27,138,-1,
29,138,139,-1,
29,28,138,-1,
30,139,140,-1,
30,29,139,-1,
88,141,3,-1,
88,3,1,-1,
89,142,141,-1,
89,141,88,-1,
90,143,142,-1,
90,142,89,-1,
91,144,143,-1,
91,143,90,-1,
92,145,144,-1,
92,144,91,-1,
93,146,145,-1,
93,145,92,-1,
94,147,146,-1,
94,146,93,-1,
95,148,147,-1,
95,149,148,-1,
95,147,94,-1,
96,149,95,-1,
97,149,96,-1,
97,150,149,-1,
98,150,97,-1,
98,151,150,-1,
99,151,98,-1,
99,152,151,-1,
100,153,152,-1,
100,152,99,-1,
101,154,153,-1,
101,153,100,-1,
102,155,154,-1,
102,156,155,-1,
102,154,101,-1,
103,157,156,-1,
103,156,102,-1,
104,157,103,-1,
105,158,157,-1,
105,159,158,-1,
105,157,104,-1,
106,159,105,-1,
107,160,159,-1,
107,159,106,-1,
108,161,160,-1,
108,160,107,-1,
109,162,161,-1,
109,161,108,-1,
110,163,162,-1,
110,162,109,-1,
111,164,163,-1,
111,165,164,-1,
111,163,110,-1,
112,165,111,-1,
113,166,165,-1,
113,165,112,-1,
87,167,166,-1,
87,166,113,-1,
2,115,114,-1,
2,116,115,-1,
2,117,116,-1,
2,118,117,-1,
140,119,118,-1,
140,120,119,-1,
140,121,120,-1,
140,122,121,-1,
140,123,122,-1,
140,124,123,-1,
140,125,124,-1,
140,126,125,-1,
140,127,126,-1,
140,128,127,-1,
140,129,128,-1,
140,130,129,-1,
140,131,130,-1,
140,132,131,-1,
140,133,132,-1,
140,134,133,-1,
140,135,134,-1,
140,136,135,-1,
140,137,136,-1,
140,138,137,-1,
140,139,138,-1,
140,118,2,-1,
289,290,2,-1,
291,2,290,-1,
288,289,2,-1,
292,2,291,-1,
287,288,2,-1,
293,2,292,-1,
286,287,2,-1,
294,2,293,-1,
285,286,2,-1,
295,2,294,-1,
284,285,2,-1,
296,2,295,-1,
283,284,2,-1,
297,2,296,-1,
282,283,2,-1,
298,2,297,-1,
298,140,2,-1,
281,282,2,-1,
299,140,298,-1,
280,281,2,-1,
300,140,299,-1,
279,280,2,-1,
301,140,300,-1,
278,279,2,-1,
302,140,301,-1,
277,278,2,-1,
303,140,302,-1,
193,194,195,-1,
193,195,168,-1,
276,277,2,-1,
191,193,168,-1,
191,192,193,-1,
304,140,303,-1,
190,191,168,-1,
189,190,168,-1,
305,140,304,-1,
305,168,140,-1,
306,168,305,-1,
186,189,168,-1,
186,187,188,-1,
186,188,189,-1,
185,186,168,-1,
307,168,306,-1,
308,168,307,-1,
181,182,183,-1,
181,183,184,-1,
181,184,185,-1,
180,181,185,-1,
309,168,308,-1,
179,180,185,-1,
310,168,309,-1,
176,177,178,-1,
175,178,179,-1,
175,176,178,-1,
311,168,310,-1,
174,179,185,-1,
174,175,179,-1,
173,174,185,-1,
312,168,311,-1,
170,171,172,-1,
170,172,173,-1,
169,168,312,-1,
169,170,173,-1,
169,185,168,-1,
169,173,185,-1,
313,169,312,-1,
314,169,313,-1,
315,169,314,-1,
316,169,315,-1,
317,169,316,-1,
318,169,317,-1,
319,169,318,-1,
320,169,319,-1,
321,169,320,-1,
322,169,321,-1,
323,169,322,-1,
324,169,323,-1,
325,169,324,-1,
326,169,325,-1,
327,169,326,-1,
3,276,2,-1,
3,255,256,-1,
3,256,257,-1,
3,257,258,-1,
3,258,259,-1,
3,259,260,-1,
3,260,261,-1,
3,261,262,-1,
3,262,263,-1,
3,263,264,-1,
3,264,265,-1,
3,265,266,-1,
3,266,267,-1,
3,267,268,-1,
3,268,269,-1,
3,269,270,-1,
3,270,271,-1,
3,271,272,-1,
3,272,273,-1,
3,273,274,-1,
3,274,275,-1,
3,275,276,-1,
328,169,327,-1,
143,141,142,-1,
224,169,328,-1,
145,143,144,-1,
146,143,145,-1,
147,143,146,-1,
147,141,143,-1,
149,141,147,-1,
149,3,141,-1,
149,147,148,-1,
150,3,149,-1,
152,3,150,-1,
152,150,151,-1,
154,3,152,-1,
154,152,153,-1,
156,3,154,-1,
156,154,155,-1,
159,156,157,-1,
159,157,158,-1,
161,159,160,-1,
164,161,162,-1,
164,162,163,-1,
164,159,161,-1,
165,156,159,-1,
165,159,164,-1,
167,165,166,-1,
167,3,156,-1,
167,248,249,-1,
167,255,3,-1,
167,249,250,-1,
167,250,251,-1,
167,251,252,-1,
167,252,253,-1,
167,253,254,-1,
167,254,255,-1,
167,156,165,-1,
196,224,225,-1,
196,225,226,-1,
196,226,227,-1,
196,227,228,-1,
196,228,229,-1,
196,229,230,-1,
196,230,231,-1,
196,231,232,-1,
196,232,233,-1,
196,233,234,-1,
196,234,235,-1,
196,235,236,-1,
196,236,237,-1,
196,237,238,-1,
196,238,239,-1,
196,239,240,-1,
196,240,241,-1,
196,169,224,-1,
223,241,242,-1,
223,242,243,-1,
223,243,244,-1,
223,244,245,-1,
223,245,246,-1,
223,246,247,-1,
223,247,248,-1,
223,248,167,-1,
223,196,241,-1,
200,198,197,-1,
200,199,198,-1,
201,200,197,-1,
201,197,196,-1,
218,220,219,-1,
218,221,220,-1,
218,222,221,-1,
218,223,222,-1,
217,223,218,-1,
215,217,216,-1,
204,202,201,-1,
204,203,202,-1,
214,217,215,-1,
214,223,217,-1,
214,196,223,-1,
205,204,201,-1,
206,205,201,-1,
208,207,206,-1,
209,196,214,-1,
209,201,196,-1,
209,208,206,-1,
209,206,201,-1,
209,211,210,-1,
209,212,211,-1,
209,213,212,-1,
209,214,213,-1,
31,140,168,-1,
31,30,140,-1,
86,223,167,-1,
86,167,87,-1,
33,170,169,-1,
33,169,32,-1,
34,171,170,-1,
34,170,33,-1,
35,172,171,-1,
35,171,34,-1,
36,173,172,-1,
36,172,35,-1,
37,174,173,-1,
37,173,36,-1,
38,175,174,-1,
38,174,37,-1,
39,176,175,-1,
39,175,38,-1,
40,177,176,-1,
40,178,177,-1,
40,176,39,-1,
41,178,40,-1,
42,178,41,-1,
42,179,178,-1,
43,179,42,-1,
43,180,179,-1,
44,180,43,-1,
44,181,180,-1,
45,182,181,-1,
45,181,44,-1,
46,183,182,-1,
46,182,45,-1,
46,184,183,-1,
47,184,46,-1,
48,185,184,-1,
48,184,47,-1,
49,186,185,-1,
49,185,48,-1,
50,187,186,-1,
50,186,49,-1,
51,188,187,-1,
51,187,50,-1,
52,189,188,-1,
52,190,189,-1,
52,188,51,-1,
53,191,190,-1,
53,190,52,-1,
54,191,53,-1,
55,192,191,-1,
55,191,54,-1,
56,193,192,-1,
56,194,193,-1,
56,192,55,-1,
57,194,56,-1,
58,195,194,-1,
58,194,57,-1,
31,168,195,-1,
31,195,58,-1,
60,196,197,-1,
60,59,196,-1,
61,197,198,-1,
61,60,197,-1,
62,198,199,-1,
62,61,198,-1,
63,199,200,-1,
63,62,199,-1,
64,200,201,-1,
64,63,200,-1,
65,201,202,-1,
65,64,201,-1,
66,202,203,-1,
66,65,202,-1,
67,203,204,-1,
67,204,205,-1,
67,66,203,-1,
68,67,205,-1,
69,68,205,-1,
69,205,206,-1,
70,69,206,-1,
70,206,207,-1,
71,70,207,-1,
71,207,208,-1,
72,208,209,-1,
72,71,208,-1,
73,209,210,-1,
73,72,209,-1,
74,210,211,-1,
74,211,212,-1,
74,73,210,-1,
75,212,213,-1,
75,74,212,-1,
76,75,213,-1,
77,213,214,-1,
77,214,215,-1,
77,76,213,-1,
78,77,215,-1,
79,215,216,-1,
79,78,215,-1,
80,216,217,-1,
80,79,216,-1,
81,217,218,-1,
81,80,217,-1,
82,218,219,-1,
82,81,218,-1,
83,219,220,-1,
83,220,221,-1,
83,82,219,-1,
84,83,221,-1,
85,221,222,-1,
85,84,221,-1,
86,222,223,-1,
86,85,222,-1,
32,169,196,-1,
32,196,59,-1,
329,225,224,-1,
331,329,330,-1,
329,224,328,-1,
330,329,434,-1,
435,226,225,-1,
435,227,226,-1,
435,331,332,-1,
435,332,333,-1,
435,225,329,-1,
435,329,331,-1,
436,228,227,-1,
436,229,228,-1,
436,333,334,-1,
436,334,335,-1,
436,227,435,-1,
436,435,333,-1,
437,230,229,-1,
437,231,230,-1,
437,335,336,-1,
437,336,337,-1,
437,229,436,-1,
437,436,335,-1,
438,232,231,-1,
438,233,232,-1,
438,437,337,-1,
438,337,338,-1,
438,338,339,-1,
438,231,437,-1,
439,234,233,-1,
439,235,234,-1,
439,339,340,-1,
439,340,341,-1,
439,233,438,-1,
439,438,339,-1,
440,236,235,-1,
440,237,236,-1,
440,341,342,-1,
440,342,343,-1,
440,235,439,-1,
440,439,341,-1,
441,237,440,-1,
441,238,237,-1,
441,239,238,-1,
441,343,344,-1,
441,344,345,-1,
441,440,343,-1,
442,240,239,-1,
442,241,240,-1,
442,345,346,-1,
442,346,347,-1,
442,239,441,-1,
442,441,345,-1,
443,242,241,-1,
443,243,242,-1,
443,347,348,-1,
443,348,349,-1,
443,241,442,-1,
443,442,347,-1,
444,244,243,-1,
444,245,244,-1,
444,243,443,-1,
444,349,350,-1,
444,350,351,-1,
444,443,349,-1,
445,246,245,-1,
445,247,246,-1,
445,351,352,-1,
445,352,353,-1,
445,245,444,-1,
445,444,351,-1,
446,445,353,-1,
446,248,247,-1,
446,249,248,-1,
446,353,354,-1,
446,354,355,-1,
446,247,445,-1,
447,250,249,-1,
447,251,250,-1,
447,249,446,-1,
447,355,356,-1,
447,356,357,-1,
447,446,355,-1,
448,252,251,-1,
448,253,252,-1,
448,357,358,-1,
448,358,359,-1,
448,251,447,-1,
448,447,357,-1,
449,254,253,-1,
449,255,254,-1,
449,359,360,-1,
449,360,361,-1,
449,253,448,-1,
449,448,359,-1,
450,255,449,-1,
450,256,255,-1,
450,257,256,-1,
450,361,362,-1,
450,362,363,-1,
450,449,361,-1,
451,258,257,-1,
451,259,258,-1,
451,363,364,-1,
451,364,365,-1,
451,257,450,-1,
451,450,363,-1,
452,260,259,-1,
452,261,260,-1,
452,365,366,-1,
452,366,367,-1,
452,259,451,-1,
452,451,365,-1,
453,261,452,-1,
453,452,367,-1,
453,262,261,-1,
453,263,262,-1,
453,367,368,-1,
453,368,369,-1,
454,264,263,-1,
454,265,264,-1,
454,369,370,-1,
454,370,371,-1,
454,263,453,-1,
454,453,369,-1,
455,266,265,-1,
455,267,266,-1,
455,371,372,-1,
455,372,373,-1,
455,265,454,-1,
455,454,371,-1,
456,455,373,-1,
456,268,267,-1,
456,269,268,-1,
456,373,374,-1,
456,374,375,-1,
456,267,455,-1,
457,456,375,-1,
457,269,456,-1,
457,270,269,-1,
457,271,270,-1,
457,375,376,-1,
457,376,377,-1,
458,271,457,-1,
458,457,377,-1,
458,272,271,-1,
458,273,272,-1,
458,377,378,-1,
458,378,379,-1,
459,274,273,-1,
459,275,274,-1,
459,379,380,-1,
459,380,381,-1,
459,273,458,-1,
459,458,379,-1,
460,459,381,-1,
460,276,275,-1,
460,381,382,-1,
460,275,459,-1,
461,460,382,-1,
461,276,460,-1,
461,277,276,-1,
461,278,277,-1,
461,382,383,-1,
461,383,384,-1,
462,278,461,-1,
462,461,384,-1,
462,279,278,-1,
462,280,279,-1,
462,384,385,-1,
462,385,386,-1,
463,280,462,-1,
463,462,386,-1,
463,281,280,-1,
463,282,281,-1,
463,386,387,-1,
463,387,388,-1,
464,463,388,-1,
464,282,463,-1,
464,283,282,-1,
464,284,283,-1,
464,388,389,-1,
464,389,390,-1,
465,285,284,-1,
465,286,285,-1,
465,284,464,-1,
465,390,391,-1,
465,391,392,-1,
465,464,390,-1,
466,287,286,-1,
466,288,287,-1,
466,392,393,-1,
466,393,394,-1,
466,465,392,-1,
466,286,465,-1,
467,466,394,-1,
467,289,288,-1,
467,290,289,-1,
467,394,395,-1,
467,395,396,-1,
467,288,466,-1,
468,467,396,-1,
468,291,290,-1,
468,292,291,-1,
468,396,397,-1,
468,397,398,-1,
468,290,467,-1,
469,468,398,-1,
469,292,468,-1,
469,293,292,-1,
469,294,293,-1,
469,398,399,-1,
469,399,400,-1,
470,294,469,-1,
470,469,400,-1,
470,295,294,-1,
470,296,295,-1,
470,400,401,-1,
470,401,402,-1,
471,470,402,-1,
471,296,470,-1,
471,297,296,-1,
471,298,297,-1,
471,402,403,-1,
471,403,404,-1,
472,471,404,-1,
472,298,471,-1,
472,299,298,-1,
472,300,299,-1,
472,404,405,-1,
472,405,406,-1,
473,300,472,-1,
473,472,406,-1,
473,301,300,-1,
473,302,301,-1,
473,406,407,-1,
473,407,408,-1,
474,303,302,-1,
474,304,303,-1,
474,302,473,-1,
474,473,408,-1,
474,408,409,-1,
474,409,410,-1,
475,305,304,-1,
475,306,305,-1,
475,304,474,-1,
475,410,411,-1,
475,411,412,-1,
475,474,410,-1,
476,306,475,-1,
476,475,412,-1,
476,307,306,-1,
476,308,307,-1,
476,412,413,-1,
476,413,414,-1,
477,308,476,-1,
477,476,414,-1,
477,309,308,-1,
477,310,309,-1,
477,414,415,-1,
477,415,416,-1,
478,310,477,-1,
478,477,416,-1,
478,311,310,-1,
478,312,311,-1,
478,416,417,-1,
478,417,418,-1,
479,478,418,-1,
479,312,478,-1,
479,313,312,-1,
479,314,313,-1,
479,418,419,-1,
479,419,420,-1,
480,314,479,-1,
480,479,420,-1,
480,315,314,-1,
480,316,315,-1,
480,420,421,-1,
480,421,422,-1,
481,316,480,-1,
481,480,422,-1,
481,317,316,-1,
481,318,317,-1,
481,422,423,-1,
481,423,424,-1,
482,424,425,-1,
482,425,426,-1,
482,481,424,-1,
482,318,481,-1,
482,319,318,-1,
482,320,319,-1,
483,426,427,-1,
483,427,428,-1,
483,482,426,-1,
483,320,482,-1,
483,321,320,-1,
483,322,321,-1,
484,428,429,-1,
484,483,428,-1,
484,429,430,-1,
484,322,483,-1,
484,323,322,-1,
484,324,323,-1,
485,325,324,-1,
485,326,325,-1,
485,430,431,-1,
485,431,432,-1,
485,324,484,-1,
485,484,430,-1,
486,327,326,-1,
486,328,327,-1,
486,432,433,-1,
486,433,434,-1,
486,329,328,-1,
486,326,485,-1,
486,434,329,-1,
486,485,432,-1,
331,330,487,-1,
331,487,488,-1,
332,488,489,-1,
332,331,488,-1,
333,489,490,-1,
333,332,489,-1,
334,490,491,-1,
334,333,490,-1,
335,491,492,-1,
335,334,491,-1,
336,492,493,-1,
336,335,492,-1,
337,493,494,-1,
337,494,495,-1,
337,336,493,-1,
338,337,495,-1,
339,495,496,-1,
339,338,495,-1,
340,496,497,-1,
340,339,496,-1,
341,497,498,-1,
341,498,499,-1,
341,340,497,-1,
342,499,500,-1,
342,341,499,-1,
343,342,500,-1,
344,500,501,-1,
344,343,500,-1,
345,501,502,-1,
345,344,501,-1,
346,502,503,-1,
346,345,502,-1,
347,503,504,-1,
347,346,503,-1,
348,504,505,-1,
348,505,506,-1,
348,347,504,-1,
349,506,507,-1,
349,348,506,-1,
350,507,508,-1,
350,349,507,-1,
351,350,508,-1,
352,351,508,-1,
352,508,509,-1,
353,352,509,-1,
353,509,510,-1,
353,510,511,-1,
354,353,511,-1,
355,354,511,-1,
355,511,512,-1,
356,355,512,-1,
356,512,513,-1,
356,513,514,-1,
357,356,514,-1,
358,357,514,-1,
358,514,515,-1,
359,358,515,-1,
359,515,516,-1,
359,516,517,-1,
360,359,517,-1,
361,517,518,-1,
361,360,517,-1,
362,518,519,-1,
362,519,520,-1,
362,361,518,-1,
363,362,520,-1,
364,520,521,-1,
364,363,520,-1,
365,521,522,-1,
365,364,521,-1,
366,522,523,-1,
366,365,522,-1,
367,523,524,-1,
367,366,523,-1,
368,524,525,-1,
368,367,524,-1,
369,525,526,-1,
369,368,525,-1,
370,526,527,-1,
370,369,526,-1,
371,527,528,-1,
371,370,527,-1,
372,528,529,-1,
372,371,528,-1,
373,529,530,-1,
373,530,531,-1,
373,372,529,-1,
374,373,531,-1,
375,531,532,-1,
375,374,531,-1,
376,532,533,-1,
376,375,532,-1,
377,533,534,-1,
377,376,533,-1,
378,377,534,-1,
378,534,535,-1,
379,378,535,-1,
379,535,536,-1,
379,536,537,-1,
380,379,537,-1,
380,537,538,-1,
381,380,538,-1,
382,381,538,-1,
382,538,539,-1,
383,382,539,-1,
383,539,540,-1,
384,383,540,-1,
384,540,541,-1,
384,541,542,-1,
385,384,542,-1,
386,385,542,-1,
386,542,543,-1,
387,386,543,-1,
387,543,544,-1,
387,544,545,-1,
388,387,545,-1,
388,545,546,-1,
389,388,546,-1,
390,389,546,-1,
390,546,547,-1,
391,390,547,-1,
391,547,548,-1,
392,391,548,-1,
392,548,549,-1,
392,549,550,-1,
393,392,550,-1,
394,393,550,-1,
394,550,551,-1,
394,551,552,-1,
395,394,552,-1,
396,552,553,-1,
396,395,552,-1,
397,553,554,-1,
397,554,555,-1,
397,396,553,-1,
398,397,555,-1,
399,555,556,-1,
399,398,555,-1,
400,556,557,-1,
400,557,558,-1,
400,399,556,-1,
401,400,558,-1,
402,401,558,-1,
402,558,559,-1,
402,559,560,-1,
403,402,560,-1,
404,403,560,-1,
404,560,561,-1,
404,561,562,-1,
405,404,562,-1,
406,405,562,-1,
406,562,563,-1,
406,563,564,-1,
407,406,564,-1,
407,564,565,-1,
408,407,565,-1,
409,408,565,-1,
409,565,566,-1,
410,409,566,-1,
410,566,567,-1,
410,567,568,-1,
411,410,568,-1,
412,411,568,-1,
412,568,569,-1,
412,569,570,-1,
413,412,570,-1,
413,570,571,-1,
414,413,571,-1,
415,414,571,-1,
415,571,572,-1,
416,415,572,-1,
416,572,573,-1,
416,573,574,-1,
417,416,574,-1,
418,417,574,-1,
418,574,575,-1,
419,418,575,-1,
419,575,576,-1,
419,576,577,-1,
420,419,577,-1,
421,420,577,-1,
421,577,578,-1,
422,421,578,-1,
422,578,579,-1,
423,422,579,-1,
423,579,580,-1,
424,423,580,-1,
424,580,581,-1,
425,424,581,-1,
425,581,582,-1,
426,582,583,-1,
426,425,582,-1,
427,583,584,-1,
427,426,583,-1,
428,427,584,-1,
428,584,585,-1,
429,585,586,-1,
429,428,585,-1,
430,586,587,-1,
430,587,588,-1,
430,429,586,-1,
431,430,588,-1,
431,588,589,-1,
432,431,589,-1,
433,589,590,-1,
433,590,591,-1,
433,432,589,-1,
434,433,591,-1,
330,591,487,-1,
330,434,591,-1,
556,554,553,-1,
556,555,554,-1,
544,546,545,-1,
562,561,560,-1,
564,562,560,-1,
564,563,562,-1,
540,542,541,-1,
570,569,568,-1,
533,535,534,-1,
532,536,535,-1,
532,535,533,-1,
574,572,571,-1,
574,573,572,-1,
575,564,560,-1,
575,558,557,-1,
575,559,558,-1,
575,560,559,-1,
575,570,568,-1,
575,565,564,-1,
575,566,565,-1,
575,567,566,-1,
575,568,567,-1,
575,571,570,-1,
575,574,571,-1,
530,532,531,-1,
529,532,530,-1,
528,537,536,-1,
528,532,529,-1,
528,536,532,-1,
579,578,577,-1,
526,537,528,-1,
526,546,544,-1,
526,528,527,-1,
526,542,540,-1,
526,538,537,-1,
526,539,538,-1,
526,540,539,-1,
526,543,542,-1,
526,544,543,-1,
526,547,546,-1,
526,548,547,-1,
526,549,548,-1,
526,550,549,-1,
526,551,550,-1,
526,552,551,-1,
581,580,579,-1,
524,526,525,-1,
523,526,524,-1,
522,526,523,-1,
584,579,577,-1,
584,581,579,-1,
584,576,575,-1,
584,577,576,-1,
584,582,581,-1,
584,583,582,-1,
520,552,526,-1,
520,526,522,-1,
520,522,521,-1,
520,553,552,-1,
587,585,584,-1,
587,586,585,-1,
588,587,584,-1,
590,589,588,-1,
515,517,516,-1,
515,518,517,-1,
515,519,518,-1,
515,520,519,-1,
487,591,590,-1,
487,590,588,-1,
512,556,553,-1,
512,553,520,-1,
512,514,513,-1,
512,515,514,-1,
512,520,515,-1,
512,557,556,-1,
489,488,487,-1,
510,512,511,-1,
491,490,489,-1,
492,491,489,-1,
492,489,487,-1,
508,510,509,-1,
507,510,508,-1,
494,493,492,-1,
494,492,487,-1,
505,507,506,-1,
496,495,494,-1,
498,497,496,-1,
502,504,503,-1,
502,505,504,-1,
502,507,505,-1,
499,498,496,-1,
499,496,494,-1,
501,507,502,-1,
500,507,501,-1,
500,499,494,-1,
500,584,575,-1,
500,588,584,-1,
500,487,588,-1,
500,575,557,-1,
500,557,512,-1,
500,512,510,-1,
500,510,507,-1,
500,494,487,-1
] } }
Shape { appearance Appearance { material Material { diffuseColor 0.82 0.56 0.18 } } geometry IndexedFaceSet { ccw TRUE solid TRUE coord Coordinate { point [
11.81102362 -26.75196850 -1.41732283,
11.81102362 -26.75196850 -1.29921260,
11.81102362 -30.41338583 -1.29921260,
11.81102362 -30.41338583 -1.41732283,
11.81102362 -30.70866142 -1.41732283,
11.81102362 -30.70866142 -1.65354331,
11.81102362 -30.41338583 -1.65354331,
11.81102362 -30.41338583 -1.77165354,
11.81102362 -26.75196850 -1.77165354,
11.81102362 -26.75196850 -1.65354331,
11.81102362 -26.45669291 -1.65354331,
11.81102362 -26.45669291 -1.41732283,
14.17322835 -26.75196850 -1.41732283,
14.17322835 -26.75196850 -1.29921260,
14.17322835 -26.75196850 -1.77165354,
14.17322835 -26.75196850 -1.65354331,
14.17322835 -30.41338583 -1.77165354,
14.17322835 -29.37007874 -1.77165354,
14.96062992 -29.37007874 -1.77165354,
14.96062992 -27.79527559 -1.77165354,
14.17322835 -27.79527559 -1.77165354,
14.17322835 -30.41338583 -1.65354331,
14.17322835 -30.41338583 -1.41732283,
14.17322835 -30.41338583 -1.29921260,
14.17322835 -29.37007874 -1.29921260,
14.96062992 -29.37007874 -1.29921260,
14.96062992 -27.79527559 -1.29921260,
14.17322835 -27.79527559 -1.29921260,
14.17322835 -26.45669291 -1.65354331,
14.17322835 -26.45669291 -1.41732283,
14.17322835 -30.70866142 -1.41732283,
14.17322835 -30.70866142 -1.65354331
] } coordIndex [
0,10,9,-1,
0,11,10,-1,
6,8,7,-1,
6,9,8,-1,
3,1,0,-1,
3,0,9,-1,
3,9,6,-1,
2,1,3,-1,
4,6,5,-1,
4,3,6,-1,
13,12,0,-1,
13,0,1,-1,
15,14,8,-1,
15,8,9,-1,
17,16,7,-1,
20,7,8,-1,
20,17,7,-1,
19,18,17,-1,
19,17,20,-1,
14,20,8,-1,
21,7,16,-1,
21,6,7,-1,
23,3,22,-1,
23,2,3,-1,
24,2,23,-1,
27,1,2,-1,
27,2,24,-1,
26,24,25,-1,
26,27,24,-1,
13,1,27,-1,
12,15,28,-1,
12,28,29,-1,
20,14,15,-1,
27,12,13,-1,
27,20,15,-1,
27,15,12,-1,
29,11,0,-1,
29,0,12,-1,
28,9,10,-1,
28,15,9,-1,
21,16,17,-1,
22,17,24,-1,
22,21,17,-1,
31,21,22,-1,
23,22,24,-1,
30,31,22,-1,
21,5,6,-1,
21,31,5,-1,
22,3,4,-1,
22,4,30,-1,
26,19,20,-1,
26,20,27,-1,
29,28,10,-1,
29,10,11,-1,
25,17,18,-1,
25,24,17,-1,
25,18,19,-1,
25,19,26,-1,
30,5,31,-1,
30,4,5,-1
] } }
